Any ideas how to do another round of logs that would somehow tell us what is happening with our database, why there is not top categories table. Do we know from these logs that we already have if the database is responding at all? Only top categories table is missing or other tables are missing. The sliders are there. What kind of tables are missing?php-fpm-1  | [18-Jul-2025 16:28:20] NOTICE: [pool www] 'user' directive is ignored when FPM is not running as root
php-fpm-1  | [18-Jul-2025 16:28:20] NOTICE: [pool www] 'group' directive is ignored when FPM is not running as root
php-fpm-1  | [18-Jul-2025 16:28:20] NOTICE: fpm is running, pid 1
php-fpm-1  | [18-Jul-2025 16:28:20] NOTICE: ready to handle connections
php-fpm-1  | {"message":"Migrating up to Shopsys\\FrameworkBundle\\Migrations\\Version20250612072749","context":{"direction":"up","to":"Shopsys\\FrameworkBundle\\Migrations\\Version20250612072749"},"level":250,"level_name":"NOTICE","channel":"app","datetime":"2025-07-18T16:28:35.948860+00:00","extra":{}}
php-fpm-1  | {"message":"finished in 1556.5ms, used 52.5M memory, 361 migrations executed, 343376 sql queries","context":{"duration":1556.5,"memory":"52.5M","migrations_count":361,"queries_count":343376},"level":250,"level_name":"NOTICE","channel":"app","datetime":"2025-07-18T16:28:37.508397+00:00","extra":{}}
php-fpm-1  | {"message":"Uncaught PHP Exception Shopsys\\FrameworkBundle\\Component\\Domain\\Exception\\UnableToResolveDomainException: \"Unable to resolve domain for URL \"http://webserver:8080\". Check your configuration in \"config/domains_urls.yaml\".\" at Domain.php line 179","context":{"exception":{"class":"Shopsys\\FrameworkBundle\\Component\\Domain\\Exception\\UnableToResolveDomainException","message":"Unable to resolve domain for URL \"http://webserver:8080\". Check your configuration in \"config/domains_urls.yaml\".","code":0,"file":"/var/www/html/packages/framework/src/Component/Domain/Domain.php:179"}},"level":500,"level_name":"CRITICAL","channel":"request","datetime":"2025-07-18T16:28:48.934903+00:00","extra":{"errorId":"GaD9CuXBoR"}}
php-fpm-1  | {"message":"Uncaught PHP Exception Shopsys\\FrameworkBundle\\Component\\Domain\\Exception\\UnableToResolveDomainException: \"Unable to resolve domain for URL \"http://webserver:8080\". Check your configuration in \"config/domains_urls.yaml\".\" at Domain.php line 179","context":{"exception":{"class":"Shopsys\\FrameworkBundle\\Component\\Domain\\Exception\\UnableToResolveDomainException","message":"Unable to resolve domain for URL \"http://webserver:8080\". Check your configuration in \"config/domains_urls.yaml\".","code":0,"file":"/var/www/html/packages/framework/src/Component/Domain/Domain.php:179"}},"level":500,"level_name":"CRITICAL","channel":"request","datetime":"2025-07-18T16:28:48.934939+00:00","extra":{"errorId":"QT9hHLEu00"}}
php-fpm-1  | NOTICE: PHP message: 🔍 [SERVICE] Starting query execution
php-fpm-1  | NOTICE: PHP message: 🔍 [TEST] PromotedCategoriesQuery::promotedCategoriesQuery() was called!
php-fpm-1  | NOTICE: PHP message: 🔍 [SERVICE] EntityManager available: YES
php-fpm-1  | NOTICE: PHP message: 🔍 [SERVICE] Domain service available: YES
php-fpm-1  | NOTICE: PHP message: 🔍 [TIMING] Domain config retrieval: 0.014066696166992ms
php-fpm-1  | NOTICE: PHP message: 🔍 [SERVICE] Domain config retrieved successfully
php-fpm-1  | NOTICE: PHP message: 🔍 [PROMOTED_CONN] Connection established: YES
php-fpm-1  | NOTICE: PHP message: 🔍 [PROMOTED_PING] Connection test successful: YES
php-fpm-1  | NOTICE: PHP message: 🔍 [PROMOTED] Domain: shopsys (ID: 1)
php-fpm-1  | NOTICE: PHP message: 🔍 [PROMOTED] Locale: en
php-fpm-1  | NOTICE: PHP message: 🔍 [PROMOTED] URL: https://jm-after-build-bug-fix-ssp-3495-f5.odin.shopsys.cloud
php-fpm-1  | NOTICE: PHP message: 🔍 [PROMOTED] Base query builder created
php-fpm-1  | NOTICE: PHP message: 🔍 [PROMOTED_SQL] Generated SQL: SELECT c0_.id AS id_0, c0_.uuid AS uuid_1, c0_.level AS level_2, c0_.lft AS lft_3, c0_.rgt AS rgt_4, c0_.automated_filters AS automated_filters_5, c1_.id AS id_6, c1_.domain_id AS domain_id_7, c1_.seo_title AS seo_title_8, c1_.seo_meta_description AS seo_meta_description_9, c1_.seo_h1 AS seo_h1_10, c1_.enabled AS enabled_11, c1_.visible AS visible_12, c1_.description AS description_13, c2_.name AS name_14, c2_.id AS id_15, c2_.locale AS locale_16, c0_.parent_id AS parent_id_17, c1_.category_id AS category_id_18, c2_.translatable_id AS translatable_id_19 FROM categories c0_ INNER JOIN category_domains c1_ ON c0_.id = c1_.category_id AND (c1_.domain_id = ? AND c1_.visible = true) INNER JOIN categories_top c3_ ON (c3_.category_id = c0_.id AND c3_.domain_id = ?) INNER JOIN category_translations c2_ ON c0_.id = c2_.translatable_id AND (c2_.locale = ?) WHERE c0_.parent_id IS NOT NULL ORDER BY c3_.position ASC
php-fpm-1  | NOTICE: PHP message: 🔍 [PROMOTED_SQL] Parameters: [{},{}]
php-fpm-1  | NOTICE: PHP message: 🔍 [PROMOTED_TIMING] Query execution time: 5.4671764373779ms
php-fpm-1  | NOTICE: PHP message: 🔍 [PROMOTED_RESULT] Query returned: 0 records
php-fpm-1  | NOTICE: PHP message: ⚠️ [PROMOTED_ISSUE] EMPTY RESULT - This is the issue!
php-fpm-1  | NOTICE: PHP message: 🔍 [PROMOTED_DIAG] Testing raw SQL equivalent...
php-fpm-1  | NOTICE: PHP message: 🔍 [SLIDER_SERVICE] Starting query execution
php-fpm-1  | NOTICE: PHP message: 🔍 [SLIDER_SERVICE] SliderItemFacade available: YES
php-fpm-1  | NOTICE: PHP message: 🔍 [SLIDER_CONN] Connection established: YES
php-fpm-1  | NOTICE: PHP message: 🔍 [SLIDER_PING] Connection test successful: YES
php-fpm-1  | NOTICE: PHP message: 🔍 [SLIDER] Domain ID: 1
php-fpm-1  | NOTICE: PHP message: 🔍 [SLIDER] Date filter: 2025-07-18 00:00:00
php-fpm-1  | NOTICE: PHP message: 🔍 [SLIDER] Current time: 2025-07-18 16:28:50
php-fpm-1  | NOTICE: PHP message: 🔍 [PROMOTED_TIMING] Query execution time (failed): 7.4810981750488ms
php-fpm-1  | NOTICE: PHP message: 🚨 [PROMOTED_ERROR] Query failed: An exception occurred while executing a query: SQLSTATE[42P01]: Undefined table: 7 ERROR:  relation "top_categories" does not exist
php-fpm-1  | LINE 2:                           FROM top_categories tc
php-fpm-1  |                                        ^
php-fpm-1  | NOTICE: PHP message: 🚨 [PROMOTED_ERROR] Stack trace: #0 /var/www/html/vendor/doctrine/dbal/src/Connection.php(1976): Doctrine\DBAL\Driver\API\PostgreSQL\ExceptionConverter->convert(Object(Doctrine\DBAL\Driver\PDO\Exception), Object(Doctrine\DBAL\Query))
php-fpm-1  | #1 /var/www/html/vendor/doctrine/dbal/src/Connection.php(1918): Doctrine\DBAL\Connection->handleDriverException(Object(Doctrine\DBAL\Driver\PDO\Exception), Object(Doctrine\DBAL\Query))
php-fpm-1  | #2 /var/www/html/vendor/doctrine/dbal/src/Connection.php(1111): Doctrine\DBAL\Connection->convertExceptionDuringQuery(Object(Doctrine\DBAL\Driver\PDO\Exception), 'SELECT tc.id as...', Array, Array)
php-fpm-1  | #3 /var/www/html/project-base/app/src/FrontendApi/Resolver/Category/PromotedCategory/PromotedCategoryRepository.php(86): Doctrine\DBAL\Connection->executeQuery('SELECT tc.id as...', Array)
php-fpm-1  | #4 /var/www/html/project-base/app/src/FrontendApi/Resolver/Category/PromotedCategory/PromotedCategoryFacade.php(24): App\FrontendApi\Resolver\Category\PromotedCategory\PromotedCategoryRepository->getVisiblePromotedCategoriesOnDomain(Object(Shopsys\FrameworkBundle\Component\Domain\Config\DomainConfig))
php-fpm-1  | #5 /var/www/html/project-base/app/src/FrontendApi/Resolver/Category/PromotedCategoriesQuery.php(45): App\FrontendApi\Resolver\Category\PromotedCategory\PromotedCategoryFacade->getVisiblePromotedCategoriesOnDomain(Object(Shopsys\FrameworkBundle\Component\Domain\Config\DomainConfig))
php-fpm-1  | #6 /var/www/html/vendor/overblog/graphql-bundle/src/Resolver/AbstractProxyResolver.php(36): App\FrontendApi\Resolver\Category\PromotedCategoriesQuery->promotedCategoriesQuery()
php-fpm-1  | #7 /var/www/html/vendor/overblog/graphql-bundle/src/Definition/GraphQLServices.php(24): Overblog\GraphQLBundle\Resolver\AbstractProxyResolver->resolve(Array)
php-fpm-1  | #8 /var/www/html/project-base/app/var/overblogCompiledClasses/QueryType.php(1059): Overblog\GraphQLBundle\Definition\GraphQLServices->query('promotedCategor...')
php-fpm-1  | #9 /var/www/html/vendor/overblog/graphql-bundle/src/Definition/ArgumentFactory.php(38): Overblog\GraphQLBundle\__DEFINITIONS__\QueryType->Overblog\GraphQLBundle\__DEFINITIONS__\{closure}(NULL, Object(Overblog\GraphQLBundle\Definition\Argument), Object(ArrayObject), Object(GraphQL\Type\Definition\ResolveInfo))
php-fpm-1  | #10 /var/www/html/vendor/webonyx/graphql-php/src/Executor/ReferenceExecutor.php(753): Overblog\GraphQLBundle\Definition\ArgumentFactory->Overblog\GraphQLBundle\Definition\{closure}(NULL, Array, Object(ArrayObject), Object(GraphQL\Type\Definition\ResolveInfo))
php-fpm-1  | #11 /var/www/html/vendor/webonyx/graphql-php/src/Executor/ReferenceExecutor.php(661): GraphQL\Executor\ReferenceExecutor->resolveFieldValueOrError(Object(GraphQL\Type\Definition\FieldDefinition), Object(GraphQL\Language\AST\FieldNode), Object(Closure), Array, NULL, Object(GraphQL\Type\Definition\ResolveInfo), Object(ArrayObject))
php-fpm-1  | #12 /var/www/html/vendor/webonyx/graphql-php/src/Executor/ReferenceExecutor.php(1373): GraphQL\Executor\ReferenceExecutor->resolveField(Object(Overblog\GraphQLBundle\__DEFINITIONS__\QueryType), NULL, Object(ArrayObject), 'promotedCategor...', Array, Array, Object(ArrayObject))
php-fpm-1  | #13 /var/www/html/vendor/webonyx/graphql-php/src/Executor/ReferenceExecutor.php(319): GraphQL\Executor\ReferenceExecutor->executeFields(Object(Overblog\GraphQLBundle\__DEFINITIONS__\QueryType), NULL, Array, Array, Object(ArrayObject), Object(ArrayObject))
php-fpm-1  | #14 /var/www/html/vendor/webonyx/graphql-php/src/Executor/ReferenceExecutor.php(258): GraphQL\Executor\ReferenceExecutor->executeOperation(Object(GraphQL\Language\AST\OperationDefinitionNode), NULL)
php-fpm-1  | #15 /var/www/html/vendor/webonyx/graphql-php/src/Executor/Executor.php(184): GraphQL\Executor\ReferenceExecutor->doExecute()
php-fpm-1  | #16 /var/www/html/vendor/webonyx/graphql-php/src/GraphQL.php(163): GraphQL\Executor\Executor::promiseToExecute(Object(Overblog\DataLoader\Promise\Adapter\Webonyx\GraphQL\SyncPromiseAdapter), Object(Overblog\GraphQLBundle\Definition\Type\ExtensibleSchema), Object(GraphQL\Language\AST\DocumentNode), NULL, Object(ArrayObject), NULL, 'PromotedCategor...', Object(Overblog\GraphQLBundle\Resolver\FieldResolver))
php-fpm-1  | #17 /var/www/html/vendor/overblog/graphql-bundle/src/Executor/Executor.php(44): GraphQL\GraphQL::promiseToExecute(Object(Overblog\DataLoader\Promise\Adapter\Webonyx\GraphQL\SyncPromiseAdapter), Object(Overblog\GraphQLBundle\Definition\Type\ExtensibleSchema), 'query PromotedC...', NULL, Object(ArrayObject), NULL, 'PromotedCategor...', Object(Overblog\GraphQLBundle\Resolver\FieldResolver))
php-fpm-1  | #18 /var/www/html/vendor/overblog/graphql-bundle/src/Request/Executor.php(149): Overblog\GraphQLBundle\Executor\Executor->execute(Object(Overblog\DataLoader\Promise\Adapter\Webonyx\GraphQL\SyncPromiseAdapter), Object(Overblog\GraphQLBundle\Definition\Type\ExtensibleSchema), 'query PromotedC...', NULL, Object(ArrayObject), NULL, 'PromotedCategor...', Object(Overblog\GraphQLBundle\Resolver\FieldResolver))
php-fpm-1  | #19 /var/www/html/vendor/overblog/graphql-bundle/src/Controller/GraphController.php(117): Overblog\GraphQLBundle\Request\Executor->execute('default', Array)
php-fpm-1  | #20 /var/www/html/vendor/overblog/graphql-bundle/src/Controller/GraphController.php(89): Overblog\GraphQLBundle\Controller\GraphController->processNormalQuery(Object(Symfony\Component\HttpFoundation\Request), NULL)
php-fpm-1  | #21 /var/www/html/vendor/overblog/graphql-bundle/src/Controller/GraphController.php(65): Overblog\GraphQLBundle\Controller\GraphController->processQuery(Object(Symfony\Component\HttpFoundation\Request), NULL, false)
php-fpm-1  | #22 /var/www/html/vendor/overblog/graphql-bundle/src/Controller/GraphController.php(43): Overblog\GraphQLBundle\Controller\GraphController->createResponse(Object(Symfony\Component\HttpFoundation\Request), NULL, false)
php-fpm-1  | #23 /var/www/html/packages/frontend-api/src/Controller/FrontendApiController.php(46): Overblog\GraphQLBundle\Controller\GraphController->endpointAction(Object(Symfony\Component\HttpFoundation\Request), NULL)
php-fpm-1  | #24 /var/www/html/vendor/symfony/http-kernel/HttpKernel.php(181): Shopsys\FrontendApiBundle\Controller\FrontendApiController->endpointAction(Object(Symfony\Component\HttpFoundation\Request), NULL)
php-fpm-1  | #25 /var/www/html/vendor/symfony/http-kernel/HttpKernel.php(76): Symfony\Component\HttpKernel\HttpKernel->handleRaw(Object(Symfony\Component\HttpFoundation\Request), 1)
php-fpm-1  | #26 /var/www/html/vendor/symfony/http-kernel/Kernel.php(197): Symfony\Component\HttpKernel\HttpKernel->handle(Object(Symfony\Component\HttpFoundation\Request), 1, true)
php-fpm-1  | #27 /var/www/html/vendor/symfony/runtime/Runner/Symfony/HttpKernelRunner.php(35): Symfony\Component\HttpKernel\Kernel->handle(Object(Symfony\Component\HttpFoundation\Request))
php-fpm-1  | #28 /var/www/html/vendor/autoload_runtime.php(30): Symfony\Component\Runtime\Runner\Symfony\HttpKernelRunner->run()
php-fpm-1  | #29 /var/www/html/project-base/app/app/autoload.php(18): require('/var/www/html/v...')
php-fpm-1  | #30 /var/www/html/project-base/app/web/index.php(7): require_once('/var/www/html/p...')
php-fpm-1  | #31 {main}
php-fpm-1  | NOTICE: PHP message: 🔍 [TIMING] Facade query execution: 11.627912521362ms
php-fpm-1  | NOTICE: PHP message: 🔍 [PROMOTED_FINAL] Final result count: 0
php-fpm-1  | NOTICE: PHP message: 🔍 [SLIDER_SQL] Generated SQL: SELECT s0_.gtm_id AS gtm_id_0, s0_.gtm_creative AS gtm_creative_1, s0_.uuid AS uuid_2, s0_.id AS id_3, s0_.name AS name_4, s0_.link AS link_5, s0_.domain_id AS domain_id_6, s0_.position AS position_7, s0_.hidden AS hidden_8, s0_.description AS description_9, s0_.rgb_background_color AS rgb_background_color_10, s0_.opacity AS opacity_11, s0_.datetime_visible_from AS datetime_visible_from_12, s0_.datetime_visible_to AS datetime_visible_to_13 FROM slider_items s0_ WHERE s0_.domain_id = ? AND s0_.hidden = ? AND (s0_.datetime_visible_from IS NULL OR s0_.datetime_visible_from <= ?) AND (s0_.datetime_visible_to IS NULL OR s0_.datetime_visible_to >= ?) ORDER BY s0_.position ASC, s0_.id ASC
php-fpm-1  | NOTICE: PHP message: 🔍 [SLIDER_SQL] Parameters: [{},{},{}]
php-fpm-1  | NOTICE: PHP message: 🔍 [SLIDER_TIMING] Query execution time: 4.06813621521ms
php-fpm-1  | NOTICE: PHP message: 🔍 [SLIDER_RESULT] Query returned: 0 records
php-fpm-1  | NOTICE: PHP message: ⚠️ [SLIDER_ISSUE] EMPTY RESULT - This is the issue!
php-fpm-1  | NOTICE: PHP message: 🔍 [SLIDER_DIAG] Testing raw SQL equivalent...
php-fpm-1  | NOTICE: PHP message: 🔍 [SLIDER_DIAG] Raw SQL count: 0
php-fpm-1  | NOTICE: PHP message: 🔍 [SLIDER_TIMING] Facade query execution: 8.9738368988037ms
php-fpm-1  | NOTICE: PHP message: 🔍 [SLIDER_RESULT] Final result count: 0
php-fpm-1  | {"message":"Uncaught PHP Exception Shopsys\\FrameworkBundle\\Component\\Domain\\Exception\\UnableToResolveDomainException: \"Unable to resolve domain for URL \"http://webserver:8080\". Check your configuration in \"config/domains_urls.yaml\".\" at Domain.php line 179","context":{"exception":{"class":"Shopsys\\FrameworkBundle\\Component\\Domain\\Exception\\UnableToResolveDomainException","message":"Unable to resolve domain for URL \"http://webserver:8080\". Check your configuration in \"config/domains_urls.yaml\".","code":0,"file":"/var/www/html/packages/framework/src/Component/Domain/Domain.php:179"}},"level":500,"level_name":"CRITICAL","channel":"request","datetime":"2025-07-18T16:28:49.235530+00:00","extra":{"errorId":"YlrsOeD662"}}
php-fpm-1  | {"message":"Uncaught PHP Exception Shopsys\\FrameworkBundle\\Component\\Domain\\Exception\\UnableToResolveDomainException: \"Unable to resolve domain for URL \"http://webserver:8080\". Check your configuration in \"config/domains_urls.yaml\".\" at Domain.php line 179","context":{"exception":{"class":"Shopsys\\FrameworkBundle\\Component\\Domain\\Exception\\UnableToResolveDomainException","message":"Unable to resolve domain for URL \"http://webserver:8080\". Check your configuration in \"config/domains_urls.yaml\".","code":0,"file":"/var/www/html/packages/framework/src/Component/Domain/Domain.php:179"}},"level":500,"level_name":"CRITICAL","channel":"request","datetime":"2025-07-18T16:28:49.242500+00:00","extra":{"errorId":"K9Avteul4F"}}
php-fpm-1  | {"message":"[GraphQL] Elasticsearch\\Common\\Exceptions\\Missing404Exception: {\"error\":{\"root_cause\":[{\"type\":\"index_not_found_exception\",\"reason\":\"no such index [jm-after-build-bug-fix-ssp-3495-f5_product_1]\",\"resource.type\":\"index_or_alias\",\"resource.id\":\"jm-after-build-bug-fix-ssp-3495-f5_product_1\",\"index_uuid\":\"_na_\",\"index\":\"jm-after-build-bug-fix-ssp-3495-f5_product_1\"}],\"type\":\"index_not_found_exception\",\"reason\":\"no such index [jm-after-build-bug-fix-ssp-3495-f5_product_1]\",\"resource.type\":\"index_or_alias\",\"resource.id\":\"jm-after-build-bug-fix-ssp-3495-f5_product_1\",\"index_uuid\":\"_na_\",\"index\":\"jm-after-build-bug-fix-ssp-3495-f5_product_1\"},\"status\":404}[404] (caught throwable) at /var/www/html/vendor/elasticsearch/elasticsearch/src/Elasticsearch/Connections/Connection.php line 685.","context":{"exception":{"class":"Elasticsearch\\Common\\Exceptions\\Missing404Exception","message":"{\"error\":{\"root_cause\":[{\"type\":\"index_not_found_exception\",\"reason\":\"no such index [jm-after-build-bug-fix-ssp-3495-f5_product_1]\",\"resource.type\":\"index_or_alias\",\"resource.id\":\"jm-after-build-bug-fix-ssp-3495-f5_product_1\",\"index_uuid\":\"_na_\",\"index\":\"jm-after-build-bug-fix-ssp-3495-f5_product_1\"}],\"type\":\"index_not_found_exception\",\"reason\":\"no such index [jm-after-build-bug-fix-ssp-3495-f5_product_1]\",\"resource.type\":\"index_or_alias\",\"resource.id\":\"jm-after-build-bug-fix-ssp-3495-f5_product_1\",\"index_uuid\":\"_na_\",\"index\":\"jm-after-build-bug-fix-ssp-3495-f5_product_1\"},\"status\":404}","code":404,"file":"/var/www/html/vendor/elasticsearch/elasticsearch/src/Elasticsearch/Connections/Connection.php:685"}},"level":500,"level_name":"CRITICAL","channel":"app","datetime":"2025-07-18T16:28:49.761097+00:00","extra":{}}
php-fpm-1  | {"message":"[GraphQL] Elasticsearch\\Common\\Exceptions\\Missing404Exception: {\"error\":{\"root_cause\":[{\"type\":\"index_not_found_exception\",\"reason\":\"no such index [jm-after-build-bug-fix-ssp-3495-f5_product_2]\",\"resource.type\":\"index_or_alias\",\"resource.id\":\"jm-after-build-bug-fix-ssp-3495-f5_product_2\",\"index_uuid\":\"_na_\",\"index\":\"jm-after-build-bug-fix-ssp-3495-f5_product_2\"}],\"type\":\"index_not_found_exception\",\"reason\":\"no such index [jm-after-build-bug-fix-ssp-3495-f5_product_2]\",\"resource.type\":\"index_or_alias\",\"resource.id\":\"jm-after-build-bug-fix-ssp-3495-f5_product_2\",\"index_uuid\":\"_na_\",\"index\":\"jm-after-build-bug-fix-ssp-3495-f5_product_2\"},\"status\":404}[404] (caught throwable) at /var/www/html/vendor/elasticsearch/elasticsearch/src/Elasticsearch/Connections/Connection.php line 685.","context":{"exception":{"class":"Elasticsearch\\Common\\Exceptions\\Missing404Exception","message":"{\"error\":{\"root_cause\":[{\"type\":\"index_not_found_exception\",\"reason\":\"no such index [jm-after-build-bug-fix-ssp-3495-f5_product_2]\",\"resource.type\":\"index_or_alias\",\"resource.id\":\"jm-after-build-bug-fix-ssp-3495-f5_product_2\",\"index_uuid\":\"_na_\",\"index\":\"jm-after-build-bug-fix-ssp-3495-f5_product_2\"}],\"type\":\"index_not_found_exception\",\"reason\":\"no such index [jm-after-build-bug-fix-ssp-3495-f5_product_2]\",\"resource.type\":\"index_or_alias\",\"resource.id\":\"jm-after-build-bug-fix-ssp-3495-f5_product_2\",\"index_uuid\":\"_na_\",\"index\":\"jm-after-build-bug-fix-ssp-3495-f5_product_2\"},\"status\":404}","code":404,"file":"/var/www/html/vendor/elasticsearch/elasticsearch/src/Elasticsearch/Connections/Connection.php:685"}},"level":500,"level_name":"CRITICAL","channel":"app","datetime":"2025-07-18T16:28:49.850395+00:00","extra":{}}
php-fpm-1  | {"message":"[GraphQL] Elasticsearch\\Common\\Exceptions\\Missing404Exception: {\"error\":{\"root_cause\":[{\"type\":\"index_not_found_exception\",\"reason\":\"no such index [jm-after-build-bug-fix-ssp-3495-f5_article_1]\",\"resource.type\":\"index_or_alias\",\"resource.id\":\"jm-after-build-bug-fix-ssp-3495-f5_article_1\",\"index_uuid\":\"_na_\",\"index\":\"jm-after-build-bug-fix-ssp-3495-f5_article_1\"}],\"type\":\"index_not_found_exception\",\"reason\":\"no such index [jm-after-build-bug-fix-ssp-3495-f5_article_1]\",\"resource.type\":\"index_or_alias\",\"resource.id\":\"jm-after-build-bug-fix-ssp-3495-f5_article_1\",\"index_uuid\":\"_na_\",\"index\":\"jm-after-build-bug-fix-ssp-3495-f5_article_1\"},\"status\":404}[404] (caught throwable) at /var/www/html/vendor/elasticsearch/elasticsearch/src/Elasticsearch/Connections/Connection.php line 685.","context":{"exception":{"class":"Elasticsearch\\Common\\Exceptions\\Missing404Exception","message":"{\"error\":{\"root_cause\":[{\"type\":\"index_not_found_exception\",\"reason\":\"no such index [jm-after-build-bug-fix-ssp-3495-f5_article_1]\",\"resource.type\":\"index_or_alias\",\"resource.id\":\"jm-after-build-bug-fix-ssp-3495-f5_article_1\",\"index_uuid\":\"_na_\",\"index\":\"jm-after-build-bug-fix-ssp-3495-f5_article_1\"}],\"type\":\"index_not_found_exception\",\"reason\":\"no such index [jm-after-build-bug-fix-ssp-3495-f5_article_1]\",\"resource.type\":\"index_or_alias\",\"resource.id\":\"jm-after-build-bug-fix-ssp-3495-f5_article_1\",\"index_uuid\":\"_na_\",\"index\":\"jm-after-build-bug-fix-ssp-3495-f5_article_1\"},\"status\":404}","code":404,"file":"/var/www/html/vendor/elasticsearch/elasticsearch/src/Elasticsearch/Connections/Connection.php:685"}},"level":500,"level_name":"CRITICAL","channel":"app","datetime":"2025-07-18T16:28:49.946786+00:00","extra":{}}
php-fpm-1  | {"message":"[GraphQL] Elasticsearch\\Common\\Exceptions\\Missing404Exception: {\"error\":{\"root_cause\":[{\"type\":\"index_not_found_exception\",\"reason\":\"no such index [jm-after-build-bug-fix-ssp-3495-f5_blog_article_1]\",\"resource.type\":\"index_or_alias\",\"resource.id\":\"jm-after-build-bug-fix-ssp-3495-f5_blog_article_1\",\"index_uuid\":\"_na_\",\"index\":\"jm-after-build-bug-fix-ssp-3495-f5_blog_article_1\"}],\"type\":\"index_not_found_exception\",\"reason\":\"no such index [jm-after-build-bug-fix-ssp-3495-f5_blog_article_1]\",\"resource.type\":\"index_or_alias\",\"resource.id\":\"jm-after-build-bug-fix-ssp-3495-f5_blog_article_1\",\"index_uuid\":\"_na_\",\"index\":\"jm-after-build-bug-fix-ssp-3495-f5_blog_article_1\"},\"status\":404}[404] (caught throwable) at /var/www/html/vendor/elasticsearch/elasticsearch/src/Elasticsearch/Connections/Connection.php line 685.","context":{"exception":{"class":"Elasticsearch\\Common\\Exceptions\\Missing404Exception","message":"{\"error\":{\"root_cause\":[{\"type\":\"index_not_found_exception\",\"reason\":\"no such index [jm-after-build-bug-fix-ssp-3495-f5_blog_article_1]\",\"resource.type\":\"index_or_alias\",\"resource.id\":\"jm-after-build-bug-fix-ssp-3495-f5_blog_article_1\",\"index_uuid\":\"_na_\",\"index\":\"jm-after-build-bug-fix-ssp-3495-f5_blog_article_1\"}],\"type\":\"index_not_found_exception\",\"reason\":\"no such index [jm-after-build-bug-fix-ssp-3495-f5_blog_article_1]\",\"resource.type\":\"index_or_alias\",\"resource.id\":\"jm-after-build-bug-fix-ssp-3495-f5_blog_article_1\",\"index_uuid\":\"_na_\",\"index\":\"jm-after-build-bug-fix-ssp-3495-f5_blog_article_1\"},\"status\":404}","code":404,"file":"/var/www/html/vendor/elasticsearch/elasticsearch/src/Elasticsearch/Connections/Connection.php:685"}},"level":500,"level_name":"CRITICAL","channel":"app","datetime":"2025-07-18T16:28:50.055766+00:00","extra":{}}
php-fpm-1  | {"message":"[GraphQL] Elasticsearch\\Common\\Exceptions\\Missing404Exception: {\"error\":{\"root_cause\":[{\"type\":\"index_not_found_exception\",\"reason\":\"no such index [jm-after-build-bug-fix-ssp-3495-f5_article_2]\",\"resource.type\":\"index_or_alias\",\"resource.id\":\"jm-after-build-bug-fix-ssp-3495-f5_article_2\",\"index_uuid\":\"_na_\",\"index\":\"jm-after-build-bug-fix-ssp-3495-f5_article_2\"}],\"type\":\"index_not_found_exception\",\"reason\":\"no such index [jm-after-build-bug-fix-ssp-3495-f5_article_2]\",\"resource.type\":\"index_or_alias\",\"resource.id\":\"jm-after-build-bug-fix-ssp-3495-f5_article_2\",\"index_uuid\":\"_na_\",\"index\":\"jm-after-build-bug-fix-ssp-3495-f5_article_2\"},\"status\":404}[404] (caught throwable) at /var/www/html/vendor/elasticsearch/elasticsearch/src/Elasticsearch/Connections/Connection.php line 685.","context":{"exception":{"class":"Elasticsearch\\Common\\Exceptions\\Missing404Exception","message":"{\"error\":{\"root_cause\":[{\"type\":\"index_not_found_exception\",\"reason\":\"no such index [jm-after-build-bug-fix-ssp-3495-f5_article_2]\",\"resource.type\":\"index_or_alias\",\"resource.id\":\"jm-after-build-bug-fix-ssp-3495-f5_article_2\",\"index_uuid\":\"_na_\",\"index\":\"jm-after-build-bug-fix-ssp-3495-f5_article_2\"}],\"type\":\"index_not_found_exception\",\"reason\":\"no such index [jm-after-build-bug-fix-ssp-3495-f5_article_2]\",\"resource.type\":\"index_or_alias\",\"resource.id\":\"jm-after-build-bug-fix-ssp-3495-f5_article_2\",\"index_uuid\":\"_na_\",\"index\":\"jm-after-build-bug-fix-ssp-3495-f5_article_2\"},\"status\":404}","code":404,"file":"/var/www/html/vendor/elasticsearch/elasticsearch/src/Elasticsearch/Connections/Connection.php:685"}},"level":500,"level_name":"CRITICAL","channel":"app","datetime":"2025-07-18T16:28:50.116230+00:00","extra":{}}
php-fpm-1  | NOTICE: PHP message: 🔍 [SERVICE] Starting query execution
php-fpm-1  | NOTICE: PHP message: 🔍 [TEST] PromotedCategoriesQuery::promotedCategoriesQuery() was called!
php-fpm-1  | NOTICE: PHP message: 🔍 [SERVICE] EntityManager available: YES
php-fpm-1  | NOTICE: PHP message: 🔍 [SERVICE] Domain service available: YES
php-fpm-1  | NOTICE: PHP message: 🔍 [TIMING] Domain config retrieval: 0.010013580322266ms
php-fpm-1  | NOTICE: PHP message: 🔍 [SERVICE] Domain config retrieved successfully
php-fpm-1  | NOTICE: PHP message: 🔍 [PROMOTED_CONN] Connection established: YES
php-fpm-1  | NOTICE: PHP message: 🔍 [PROMOTED_PING] Connection test successful: YES
php-fpm-1  | NOTICE: PHP message: 🔍 [PROMOTED] Domain: 2.shopsys (ID: 2)
php-fpm-1  | NOTICE: PHP message: 🔍 [PROMOTED] Locale: cs
php-fpm-1  | NOTICE: PHP message: 🔍 [PROMOTED] URL: https://cz.jm-after-build-bug-fix-ssp-3495-f5.odin.shopsys.cloud
php-fpm-1  | NOTICE: PHP message: 🔍 [PROMOTED] Base query builder created
php-fpm-1  | NOTICE: PHP message: 🔍 [PROMOTED_SQL] Generated SQL: SELECT c0_.id AS id_0, c0_.uuid AS uuid_1, c0_.level AS level_2, c0_.lft AS lft_3, c0_.rgt AS rgt_4, c0_.automated_filters AS automated_filters_5, c1_.id AS id_6, c1_.domain_id AS domain_id_7, c1_.seo_title AS seo_title_8, c1_.seo_meta_description AS seo_meta_description_9, c1_.seo_h1 AS seo_h1_10, c1_.enabled AS enabled_11, c1_.visible AS visible_12, c1_.description AS description_13, c2_.name AS name_14, c2_.id AS id_15, c2_.locale AS locale_16, c0_.parent_id AS parent_id_17, c1_.category_id AS category_id_18, c2_.translatable_id AS translatable_id_19 FROM categories c0_ INNER JOIN category_domains c1_ ON c0_.id = c1_.category_id AND (c1_.domain_id = ? AND c1_.visible = true) INNER JOIN categories_top c3_ ON (c3_.category_id = c0_.id AND c3_.domain_id = ?) INNER JOIN category_translations c2_ ON c0_.id = c2_.translatable_id AND (c2_.locale = ?) WHERE c0_.parent_id IS NOT NULL ORDER BY c3_.position ASC
php-fpm-1  | NOTICE: PHP message: 🔍 [PROMOTED_SQL] Parameters: [{},{}]
php-fpm-1  | NOTICE: PHP message: 🔍 [PROMOTED_TIMING] Query execution time: 5.1910877227783ms
php-fpm-1  | NOTICE: PHP message: 🔍 [PROMOTED_RESULT] Query returned: 0 records
php-fpm-1  | NOTICE: PHP message: ⚠️ [PROMOTED_ISSUE] EMPTY RESULT - This is the issue!
php-fpm-1  | NOTICE: PHP message: 🔍 [PROMOTED_DIAG] Testing raw SQL equivalent...
php-fpm-1  | NOTICE: PHP message: 🔍 [PROMOTED_TIMING] Query execution time (failed): 5.9080123901367ms
php-fpm-1  | NOTICE: PHP message: 🚨 [PROMOTED_ERROR] Query failed: An exception occurred while executing a query: SQLSTATE[42P01]: Undefined table: 7 ERROR:  relation "top_categories" does not exist
php-fpm-1  | LINE 2:                           FROM top_categories tc
php-fpm-1  |                                        ^
php-fpm-1  | NOTICE: PHP message: 🚨 [PROMOTED_ERROR] Stack trace: #0 /var/www/html/vendor/doctrine/dbal/src/Connection.php(1976): Doctrine\DBAL\Driver\API\PostgreSQL\ExceptionConverter->convert(Object(Doctrine\DBAL\Driver\PDO\Exception), Object(Doctrine\DBAL\Query))
php-fpm-1  | #1 /var/www/html/vendor/doctrine/dbal/src/Connection.php(1918): Doctrine\DBAL\Connection->handleDriverException(Object(Doctrine\DBAL\Driver\PDO\Exception), Object(Doctrine\DBAL\Query))
php-fpm-1  | #2 /var/www/html/vendor/doctrine/dbal/src/Connection.php(1111): Doctrine\DBAL\Connection->convertExceptionDuringQuery(Object(Doctrine\DBAL\Driver\PDO\Exception), 'SELECT tc.id as...', Array, Array)
php-fpm-1  | #3 /var/www/html/project-base/app/src/FrontendApi/Resolver/Category/PromotedCategory/PromotedCategoryRepository.php(86): Doctrine\DBAL\Connection->executeQuery('SELECT tc.id as...', Array)
php-fpm-1  | #4 /var/www/html/project-base/app/src/FrontendApi/Resolver/Category/PromotedCategory/PromotedCategoryFacade.php(24): App\FrontendApi\Resolver\Category\PromotedCategory\PromotedCategoryRepository->getVisiblePromotedCategoriesOnDomain(Object(Shopsys\FrameworkBundle\Component\Domain\Config\DomainConfig))
php-fpm-1  | #5 /var/www/html/project-base/app/src/FrontendApi/Resolver/Category/PromotedCategoriesQuery.php(45): App\FrontendApi\Resolver\Category\PromotedCategory\PromotedCategoryFacade->getVisiblePromotedCategoriesOnDomain(Object(Shopsys\FrameworkBundle\Component\Domain\Config\DomainConfig))
php-fpm-1  | #6 /var/www/html/vendor/overblog/graphql-bundle/src/Resolver/AbstractProxyResolver.php(36): App\FrontendApi\Resolver\Category\PromotedCategoriesQuery->promotedCategoriesQuery()
php-fpm-1  | #7 /var/www/html/vendor/overblog/graphql-bundle/src/Definition/GraphQLServices.php(24): Overblog\GraphQLBundle\Resolver\AbstractProxyResolver->resolve(Array)
php-fpm-1  | #8 /var/www/html/project-base/app/var/overblogCompiledClasses/QueryType.php(1059): Overblog\GraphQLBundle\Definition\GraphQLServices->query('promotedCategor...')
php-fpm-1  | #9 /var/www/html/vendor/overblog/graphql-bundle/src/Definition/ArgumentFactory.php(38): Overblog\GraphQLBundle\__DEFINITIONS__\QueryType->Overblog\GraphQLBundle\__DEFINITIONS__\{closure}(NULL, Object(Overblog\GraphQLBundle\Definition\Argument), Object(ArrayObject), Object(GraphQL\Type\Definition\ResolveInfo))
php-fpm-1  | #10 /var/www/html/vendor/webonyx/graphql-php/src/Executor/ReferenceExecutor.php(753): Overblog\GraphQLBundle\Definition\ArgumentFactory->Overblog\GraphQLBundle\Definition\{closure}(NULL, Array, Object(ArrayObject), Object(GraphQL\Type\Definition\ResolveInfo))
php-fpm-1  | #11 /var/www/html/vendor/webonyx/graphql-php/src/Executor/ReferenceExecutor.php(661): GraphQL\Executor\ReferenceExecutor->resolveFieldValueOrError(Object(GraphQL\Type\Definition\FieldDefinition), Object(GraphQL\Language\AST\FieldNode), Object(Closure), Array, NULL, Object(GraphQL\Type\Definition\ResolveInfo), Object(ArrayObject))
php-fpm-1  | #12 /var/www/html/vendor/webonyx/graphql-php/src/Executor/ReferenceExecutor.php(1373): GraphQL\Executor\ReferenceExecutor->resolveField(Object(Overblog\GraphQLBundle\__DEFINITIONS__\QueryType), NULL, Object(ArrayObject), 'promotedCategor...', Array, Array, Object(ArrayObject))
php-fpm-1  | #13 /var/www/html/vendor/webonyx/graphql-php/src/Executor/ReferenceExecutor.php(319): GraphQL\Executor\ReferenceExecutor->executeFields(Object(Overblog\GraphQLBundle\__DEFINITIONS__\QueryType), NULL, Array, Array, Object(ArrayObject), Object(ArrayObject))
php-fpm-1  | #14 /var/www/html/vendor/webonyx/graphql-php/src/Executor/ReferenceExecutor.php(258): GraphQL\Executor\ReferenceExecutor->executeOperation(Object(GraphQL\Language\AST\OperationDefinitionNode), NULL)
php-fpm-1  | #15 /var/www/html/vendor/webonyx/graphql-php/src/Executor/Executor.php(184): GraphQL\Executor\ReferenceExecutor->doExecute()
php-fpm-1  | #16 /var/www/html/vendor/webonyx/graphql-php/src/GraphQL.php(163): GraphQL\Executor\Executor::promiseToExecute(Object(Overblog\DataLoader\Promise\Adapter\Webonyx\GraphQL\SyncPromiseAdapter), Object(Overblog\GraphQLBundle\Definition\Type\ExtensibleSchema), Object(GraphQL\Language\AST\DocumentNode), NULL, Object(ArrayObject), NULL, 'PromotedCategor...', Object(Overblog\GraphQLBundle\Resolver\FieldResolver))
php-fpm-1  | #17 /var/www/html/vendor/overblog/graphql-bundle/src/Executor/Executor.php(44): GraphQL\GraphQL::promiseToExecute(Object(Overblog\DataLoader\Promise\Adapter\Webonyx\GraphQL\SyncPromiseAdapter), Object(Overblog\GraphQLBundle\Definition\Type\ExtensibleSchema), 'query PromotedC...', NULL, Object(ArrayObject), NULL, 'PromotedCategor...', Object(Overblog\GraphQLBundle\Resolver\FieldResolver))
php-fpm-1  | #18 /var/www/html/vendor/overblog/graphql-bundle/src/Request/Executor.php(149): Overblog\GraphQLBundle\Executor\Executor->execute(Object(Overblog\DataLoader\Promise\Adapter\Webonyx\GraphQL\SyncPromiseAdapter), Object(Overblog\GraphQLBundle\Definition\Type\ExtensibleSchema), 'query PromotedC...', NULL, Object(ArrayObject), NULL, 'PromotedCategor...', Object(Overblog\GraphQLBundle\Resolver\FieldResolver))
php-fpm-1  | #19 /var/www/html/vendor/overblog/graphql-bundle/src/Controller/GraphController.php(117): Overblog\GraphQLBundle\Request\Executor->execute('default', Array)
php-fpm-1  | #20 /var/www/html/vendor/overblog/graphql-bundle/src/Controller/GraphController.php(89): Overblog\GraphQLBundle\Controller\GraphController->processNormalQuery(Object(Symfony\Component\HttpFoundation\Request), NULL)
php-fpm-1  | #21 /var/www/html/vendor/overblog/graphql-bundle/src/Controller/GraphController.php(65): Overblog\GraphQLBundle\Controller\GraphController->processQuery(Object(Symfony\Component\HttpFoundation\Request), NULL, false)
php-fpm-1  | #22 /var/www/html/vendor/overblog/graphql-bundle/src/Controller/GraphController.php(43): Overblog\GraphQLBundle\Controller\GraphController->createResponse(Object(Symfony\Component\HttpFoundation\Request), NULL, false)
php-fpm-1  | #23 /var/www/html/packages/frontend-api/src/Controller/FrontendApiController.php(46): Overblog\GraphQLBundle\Controller\GraphController->endpointAction(Object(Symfony\Component\HttpFoundation\Request), NULL)
php-fpm-1  | #24 /var/www/html/vendor/symfony/http-kernel/HttpKernel.php(181): Shopsys\FrontendApiBundle\Controller\FrontendApiController->endpointAction(Object(Symfony\Component\HttpFoundation\Request), NULL)
php-fpm-1  | #25 /var/www/html/vendor/symfony/http-kernel/HttpKernel.php(76): Symfony\Component\HttpKernel\HttpKernel->handleRaw(Object(Symfony\Component\HttpFoundation\Request), 1)
php-fpm-1  | #26 /var/www/html/vendor/symfony/http-kernel/Kernel.php(197): Symfony\Component\HttpKernel\HttpKernel->handle(Object(Symfony\Component\HttpFoundation\Request), 1, true)
php-fpm-1  | #27 /var/www/html/vendor/symfony/runtime/Runner/Symfony/HttpKernelRunner.php(35): Symfony\Component\HttpKernel\Kernel->handle(Object(Symfony\Component\HttpFoundation\Request))
php-fpm-1  | #28 /var/www/html/vendor/autoload_runtime.php(30): Symfony\Component\Runtime\Runner\Symfony\HttpKernelRunner->run()
php-fpm-1  | #29 /var/www/html/project-base/app/app/autoload.php(18): require('/var/www/html/v...')
php-fpm-1  | #30 /var/www/html/project-base/app/web/index.php(7): require_once('/var/www/html/p...')
php-fpm-1  | #31 {main}
php-fpm-1  | NOTICE: PHP message: 🔍 [TIMING] Facade query execution: 10.806083679199ms
php-fpm-1  | NOTICE: PHP message: 🔍 [PROMOTED_FINAL] Final result count: 0
php-fpm-1  | NOTICE: PHP message: 🔍 [SLIDER_SERVICE] Starting query execution
php-fpm-1  | NOTICE: PHP message: 🔍 [SLIDER_SERVICE] SliderItemFacade available: YES
php-fpm-1  | NOTICE: PHP message: 🔍 [SLIDER_CONN] Connection established: YES
php-fpm-1  | NOTICE: PHP message: 🔍 [SLIDER_PING] Connection test successful: YES
php-fpm-1  | NOTICE: PHP message: 🔍 [SLIDER] Domain ID: 2
php-fpm-1  | NOTICE: PHP message: 🔍 [SLIDER] Date filter: 2025-07-18 00:00:00
php-fpm-1  | NOTICE: PHP message: 🔍 [SLIDER] Current time: 2025-07-18 16:28:50
php-fpm-1  | NOTICE: PHP message: 🔍 [SLIDER_SQL] Generated SQL: SELECT s0_.gtm_id AS gtm_id_0, s0_.gtm_creative AS gtm_creative_1, s0_.uuid AS uuid_2, s0_.id AS id_3, s0_.name AS name_4, s0_.link AS link_5, s0_.domain_id AS domain_id_6, s0_.position AS position_7, s0_.hidden AS hidden_8, s0_.description AS description_9, s0_.rgb_background_color AS rgb_background_color_10, s0_.opacity AS opacity_11, s0_.datetime_visible_from AS datetime_visible_from_12, s0_.datetime_visible_to AS datetime_visible_to_13 FROM slider_items s0_ WHERE s0_.domain_id = ? AND s0_.hidden = ? AND (s0_.datetime_visible_from IS NULL OR s0_.datetime_visible_from <= ?) AND (s0_.datetime_visible_to IS NULL OR s0_.datetime_visible_to >= ?) ORDER BY s0_.position ASC, s0_.id ASC
php-fpm-1  | NOTICE: PHP message: 🔍 [SLIDER_SQL] Parameters: [{},{},{}]
php-fpm-1  | NOTICE: PHP message: 🔍 [SLIDER_TIMING] Query execution time: 3.9150714874268ms
php-fpm-1  | NOTICE: PHP message: 🔍 [SLIDER_RESULT] Query returned: 0 records
php-fpm-1  | NOTICE: PHP message: ⚠️ [SLIDER_ISSUE] EMPTY RESULT - This is the issue!
php-fpm-1  | NOTICE: PHP message: 🔍 [SLIDER_DIAG] Testing raw SQL equivalent...
php-fpm-1  | NOTICE: PHP message: 🔍 [SLIDER_DIAG] Raw SQL count: 0
php-fpm-1  | NOTICE: PHP message: 🔍 [SLIDER_TIMING] Facade query execution: 6.6189765930176ms
php-fpm-1  | NOTICE: PHP message: 🔍 [SLIDER_RESULT] Final result count: 0
php-fpm-1  | NOTICE: PHP message: 🔍 [SERVICE] Starting query execution
php-fpm-1  | NOTICE: PHP message: 🔍 [TEST] PromotedCategoriesQuery::promotedCategoriesQuery() was called!
php-fpm-1  | NOTICE: PHP message: 🔍 [SERVICE] EntityManager available: YES
php-fpm-1  | NOTICE: PHP message: 🔍 [SERVICE] Domain service available: YES
php-fpm-1  | NOTICE: PHP message: 🔍 [TIMING] Domain config retrieval: 0.0090599060058594ms
php-fpm-1  | NOTICE: PHP message: 🔍 [SERVICE] Domain config retrieved successfully
php-fpm-1  | NOTICE: PHP message: 🔍 [PROMOTED_CONN] Connection established: YES
php-fpm-1  | NOTICE: PHP message: 🔍 [PROMOTED_PING] Connection test successful: YES
php-fpm-1  | NOTICE: PHP message: 🔍 [PROMOTED] Domain: shopsys (ID: 1)
php-fpm-1  | NOTICE: PHP message: 🔍 [PROMOTED] Locale: en
php-fpm-1  | NOTICE: PHP message: 🔍 [PROMOTED] URL: https://jm-after-build-bug-fix-ssp-3495-f5.odin.shopsys.cloud
php-fpm-1  | NOTICE: PHP message: 🔍 [PROMOTED] Base query builder created
php-fpm-1  | NOTICE: PHP message: 🔍 [PROMOTED_SQL] Generated SQL: SELECT c0_.id AS id_0, c0_.uuid AS uuid_1, c0_.level AS level_2, c0_.lft AS lft_3, c0_.rgt AS rgt_4, c0_.automated_filters AS automated_filters_5, c1_.id AS id_6, c1_.domain_id AS domain_id_7, c1_.seo_title AS seo_title_8, c1_.seo_meta_description AS seo_meta_description_9, c1_.seo_h1 AS seo_h1_10, c1_.enabled AS enabled_11, c1_.visible AS visible_12, c1_.description AS description_13, c2_.name AS name_14, c2_.id AS id_15, c2_.locale AS locale_16, c0_.parent_id AS parent_id_17, c1_.category_id AS category_id_18, c2_.translatable_id AS translatable_id_19 FROM categories c0_ INNER JOIN category_domains c1_ ON c0_.id = c1_.category_id AND (c1_.domain_id = ? AND c1_.visible = true) INNER JOIN categories_top c3_ ON (c3_.category_id = c0_.id AND c3_.domain_id = ?) INNER JOIN category_translations c2_ ON c0_.id = c2_.translatable_id AND (c2_.locale = ?) WHERE c0_.parent_id IS NOT NULL ORDER BY c3_.position ASC
php-fpm-1  | NOTICE: PHP message: 🔍 [PROMOTED_SQL] Parameters: [{},{}]
php-fpm-1  | NOTICE: PHP message: 🔍 [PROMOTED_TIMING] Query execution time: 10.473012924194ms
php-fpm-1  | NOTICE: PHP message: 🔍 [PROMOTED_RESULT] Query returned: 0 records
php-fpm-1  | NOTICE: PHP message: ⚠️ [PROMOTED_ISSUE] EMPTY RESULT - This is the issue!
php-fpm-1  | NOTICE: PHP message: 🔍 [PROMOTED_DIAG] Testing raw SQL equivalent...
php-fpm-1  | NOTICE: PHP message: 🔍 [PROMOTED_TIMING] Query execution time (failed): 11.595010757446ms
php-fpm-1  | NOTICE: PHP message: 🚨 [PROMOTED_ERROR] Query failed: An exception occurred while executing a query: SQLSTATE[42P01]: Undefined table: 7 ERROR:  relation "top_categories" does not exist
php-fpm-1  | LINE 2:                           FROM top_categories tc
php-fpm-1  |                                        ^
php-fpm-1  | NOTICE: PHP message: 🚨 [PROMOTED_ERROR] Stack trace: #0 /var/www/html/vendor/doctrine/dbal/src/Connection.php(1976): Doctrine\DBAL\Driver\API\PostgreSQL\ExceptionConverter->convert(Object(Doctrine\DBAL\Driver\PDO\Exception), Object(Doctrine\DBAL\Query))
php-fpm-1  | #1 /var/www/html/vendor/doctrine/dbal/src/Connection.php(1918): Doctrine\DBAL\Connection->handleDriverException(Object(Doctrine\DBAL\Driver\PDO\Exception), Object(Doctrine\DBAL\Query))
php-fpm-1  | #2 /var/www/html/vendor/doctrine/dbal/src/Connection.php(1111): Doctrine\DBAL\Connection->convertExceptionDuringQuery(Object(Doctrine\DBAL\Driver\PDO\Exception), 'SELECT tc.id as...', Array, Array)
php-fpm-1  | #3 /var/www/html/project-base/app/src/FrontendApi/Resolver/Category/PromotedCategory/PromotedCategoryRepository.php(86): Doctrine\DBAL\Connection->executeQuery('SELECT tc.id as...', Array)
php-fpm-1  | #4 /var/www/html/project-base/app/src/FrontendApi/Resolver/Category/PromotedCategory/PromotedCategoryFacade.php(24): App\FrontendApi\Resolver\Category\PromotedCategory\PromotedCategoryRepository->getVisiblePromotedCategoriesOnDomain(Object(Shopsys\FrameworkBundle\Component\Domain\Config\DomainConfig))
php-fpm-1  | #5 /var/www/html/project-base/app/src/FrontendApi/Resolver/Category/PromotedCategoriesQuery.php(45): App\FrontendApi\Resolver\Category\PromotedCategory\PromotedCategoryFacade->getVisiblePromotedCategoriesOnDomain(Object(Shopsys\FrameworkBundle\Component\Domain\Config\DomainConfig))
php-fpm-1  | #6 /var/www/html/vendor/overblog/graphql-bundle/src/Resolver/AbstractProxyResolver.php(36): App\FrontendApi\Resolver\Category\PromotedCategoriesQuery->promotedCategoriesQuery()
php-fpm-1  | #7 /var/www/html/vendor/overblog/graphql-bundle/src/Definition/GraphQLServices.php(24): Overblog\GraphQLBundle\Resolver\AbstractProxyResolver->resolve(Array)
php-fpm-1  | #8 /var/www/html/project-base/app/var/overblogCompiledClasses/QueryType.php(1059): Overblog\GraphQLBundle\Definition\GraphQLServices->query('promotedCategor...')
php-fpm-1  | #9 /var/www/html/vendor/overblog/graphql-bundle/src/Definition/ArgumentFactory.php(38): Overblog\GraphQLBundle\__DEFINITIONS__\QueryType->Overblog\GraphQLBundle\__DEFINITIONS__\{closure}(NULL, Object(Overblog\GraphQLBundle\Definition\Argument), Object(ArrayObject), Object(GraphQL\Type\Definition\ResolveInfo))
php-fpm-1  | #10 /var/www/html/vendor/webonyx/graphql-php/src/Executor/ReferenceExecutor.php(753): Overblog\GraphQLBundle\Definition\ArgumentFactory->Overblog\GraphQLBundle\Definition\{closure}(NULL, Array, Object(ArrayObject), Object(GraphQL\Type\Definition\ResolveInfo))
php-fpm-1  | #11 /var/www/html/vendor/webonyx/graphql-php/src/Executor/ReferenceExecutor.php(661): GraphQL\Executor\ReferenceExecutor->resolveFieldValueOrError(Object(GraphQL\Type\Definition\FieldDefinition), Object(GraphQL\Language\AST\FieldNode), Object(Closure), Array, NULL, Object(GraphQL\Type\Definition\ResolveInfo), Object(ArrayObject))
php-fpm-1  | #12 /var/www/html/vendor/webonyx/graphql-php/src/Executor/ReferenceExecutor.php(1373): GraphQL\Executor\ReferenceExecutor->resolveField(Object(Overblog\GraphQLBundle\__DEFINITIONS__\QueryType), NULL, Object(ArrayObject), 'promotedCategor...', Array, Array, Object(ArrayObject))
php-fpm-1  | #13 /var/www/html/vendor/webonyx/graphql-php/src/Executor/ReferenceExecutor.php(319): GraphQL\Executor\ReferenceExecutor->executeFields(Object(Overblog\GraphQLBundle\__DEFINITIONS__\QueryType), NULL, Array, Array, Object(ArrayObject), Object(ArrayObject))
php-fpm-1  | #14 /var/www/html/vendor/webonyx/graphql-php/src/Executor/ReferenceExecutor.php(258): GraphQL\Executor\ReferenceExecutor->executeOperation(Object(GraphQL\Language\AST\OperationDefinitionNode), NULL)
php-fpm-1  | #15 /var/www/html/vendor/webonyx/graphql-php/src/Executor/Executor.php(184): GraphQL\Executor\ReferenceExecutor->doExecute()
php-fpm-1  | #16 /var/www/html/vendor/webonyx/graphql-php/src/GraphQL.php(163): GraphQL\Executor\Executor::promiseToExecute(Object(Overblog\DataLoader\Promise\Adapter\Webonyx\GraphQL\SyncPromiseAdapter), Object(Overblog\GraphQLBundle\Definition\Type\ExtensibleSchema), Object(GraphQL\Language\AST\DocumentNode), NULL, Object(ArrayObject), NULL, 'PromotedCategor...', Object(Overblog\GraphQLBundle\Resolver\FieldResolver))
php-fpm-1  | #17 /var/www/html/vendor/overblog/graphql-bundle/src/Executor/Executor.php(44): GraphQL\GraphQL::promiseToExecute(Object(Overblog\DataLoader\Promise\Adapter\Webonyx\GraphQL\SyncPromiseAdapter), Object(Overblog\GraphQLBundle\Definition\Type\ExtensibleSchema), 'query PromotedC...', NULL, Object(ArrayObject), NULL, 'PromotedCategor...', Object(Overblog\GraphQLBundle\Resolver\FieldResolver))
php-fpm-1  | #18 /var/www/html/vendor/overblog/graphql-bundle/src/Request/Executor.php(149): Overblog\GraphQLBundle\Executor\Executor->execute(Object(Overblog\DataLoader\Promise\Adapter\Webonyx\GraphQL\SyncPromiseAdapter), Object(Overblog\GraphQLBundle\Definition\Type\ExtensibleSchema), 'query PromotedC...', NULL, Object(ArrayObject), NULL, 'PromotedCategor...', Object(Overblog\GraphQLBundle\Resolver\FieldResolver))
php-fpm-1  | #19 /var/www/html/vendor/overblog/graphql-bundle/src/Controller/GraphController.php(117): Overblog\GraphQLBundle\Request\Executor->execute('default', Array)
php-fpm-1  | #20 /var/www/html/vendor/overblog/graphql-bundle/src/Controller/GraphController.php(89): Overblog\GraphQLBundle\Controller\GraphController->processNormalQuery(Object(Symfony\Component\HttpFoundation\Request), NULL)
php-fpm-1  | #21 /var/www/html/vendor/overblog/graphql-bundle/src/Controller/GraphController.php(65): Overblog\GraphQLBundle\Controller\GraphController->processQuery(Object(Symfony\Component\HttpFoundation\Request), NULL, false)
php-fpm-1  | #22 /var/www/html/vendor/overblog/graphql-bundle/src/Controller/GraphController.php(43): Overblog\GraphQLBundle\Controller\GraphController->createResponse(Object(Symfony\Component\HttpFoundation\Request), NULL, false)
php-fpm-1  | #23 /var/www/html/packages/frontend-api/src/Controller/FrontendApiController.php(46): Overblog\GraphQLBundle\Controller\GraphController->endpointAction(Object(Symfony\Component\HttpFoundation\Request), NULL)
php-fpm-1  | #24 /var/www/html/vendor/symfony/http-kernel/HttpKernel.php(181): Shopsys\FrontendApiBundle\Controller\FrontendApiController->endpointAction(Object(Symfony\Component\HttpFoundation\Request), NULL)
php-fpm-1  | #25 /var/www/html/vendor/symfony/http-kernel/HttpKernel.php(76): Symfony\Component\HttpKernel\HttpKernel->handleRaw(Object(Symfony\Component\HttpFoundation\Request), 1)
php-fpm-1  | #26 /var/www/html/vendor/symfony/http-kernel/Kernel.php(197): Symfony\Component\HttpKernel\HttpKernel->handle(Object(Symfony\Component\HttpFoundation\Request), 1, true)
php-fpm-1  | #27 /var/www/html/vendor/symfony/runtime/Runner/Symfony/HttpKernelRunner.php(35): Symfony\Component\HttpKernel\Kernel->handle(Object(Symfony\Component\HttpFoundation\Request))
php-fpm-1  | #28 /var/www/html/vendor/autoload_runtime.php(30): Symfony\Component\Runtime\Runner\Symfony\HttpKernelRunner->run()
php-fpm-1  | #29 /var/www/html/project-base/app/app/autoload.php(18): require('/var/www/html/v...')
php-fpm-1  | #30 /var/www/html/project-base/app/web/index.php(7): require_once('/var/www/html/p...')
php-fpm-1  | #31 {main}
php-fpm-1  | NOTICE: PHP message: 🔍 [TIMING] Facade query execution: 13.950109481812ms
php-fpm-1  | NOTICE: PHP message: 🔍 [PROMOTED_FINAL] Final result count: 0
php-fpm-1  | NOTICE: PHP message: 🔍 [SLIDER_SERVICE] Starting query execution
php-fpm-1  | NOTICE: PHP message: 🔍 [SLIDER_SERVICE] SliderItemFacade available: YES
php-fpm-1  | NOTICE: PHP message: 🔍 [SLIDER_CONN] Connection established: YES
php-fpm-1  | NOTICE: PHP message: 🔍 [SLIDER_PING] Connection test successful: YES
php-fpm-1  | NOTICE: PHP message: 🔍 [SLIDER] Domain ID: 1
php-fpm-1  | NOTICE: PHP message: 🔍 [SLIDER] Date filter: 2025-07-18 00:00:00
php-fpm-1  | NOTICE: PHP message: 🔍 [SLIDER] Current time: 2025-07-18 16:28:50
php-fpm-1  | NOTICE: PHP message: 🔍 [SLIDER_SQL] Generated SQL: SELECT s0_.gtm_id AS gtm_id_0, s0_.gtm_creative AS gtm_creative_1, s0_.uuid AS uuid_2, s0_.id AS id_3, s0_.name AS name_4, s0_.link AS link_5, s0_.domain_id AS domain_id_6, s0_.position AS position_7, s0_.hidden AS hidden_8, s0_.description AS description_9, s0_.rgb_background_color AS rgb_background_color_10, s0_.opacity AS opacity_11, s0_.datetime_visible_from AS datetime_visible_from_12, s0_.datetime_visible_to AS datetime_visible_to_13 FROM slider_items s0_ WHERE s0_.domain_id = ? AND s0_.hidden = ? AND (s0_.datetime_visible_from IS NULL OR s0_.datetime_visible_from <= ?) AND (s0_.datetime_visible_to IS NULL OR s0_.datetime_visible_to >= ?) ORDER BY s0_.position ASC, s0_.id ASC
php-fpm-1  | NOTICE: PHP message: 🔍 [SLIDER_SQL] Parameters: [{},{},{}]
php-fpm-1  | NOTICE: PHP message: 🔍 [SLIDER_TIMING] Query execution time: 5.1820278167725ms
php-fpm-1  | NOTICE: PHP message: 🔍 [SLIDER_RESULT] Query returned: 0 records
php-fpm-1  | NOTICE: PHP message: ⚠️ [SLIDER_ISSUE] EMPTY RESULT - This is the issue!
php-fpm-1  | NOTICE: PHP message: 🔍 [SLIDER_DIAG] Testing raw SQL equivalent...
php-fpm-1  | NOTICE: PHP message: 🔍 [SLIDER_DIAG] Raw SQL count: 0
php-fpm-1  | NOTICE: PHP message: 🔍 [SLIDER_TIMING] Facade query execution: 9.937047958374ms
php-fpm-1  | NOTICE: PHP message: 🔍 [SLIDER_RESULT] Final result count: 0
php-fpm-1  | NOTICE: PHP message: 🔍 [SLIDER_SERVICE] Starting query execution
php-fpm-1  | NOTICE: PHP message: 🔍 [SLIDER_SERVICE] SliderItemFacade available: YES
php-fpm-1  | NOTICE: PHP message: 🔍 [SLIDER_CONN] Connection established: YES
php-fpm-1  | NOTICE: PHP message: 🔍 [SLIDER_PING] Connection test successful: YES
php-fpm-1  | NOTICE: PHP message: 🔍 [SLIDER] Domain ID: 2
php-fpm-1  | NOTICE: PHP message: 🔍 [SLIDER] Date filter: 2025-07-18 00:00:00
php-fpm-1  | NOTICE: PHP message: 🔍 [SLIDER] Current time: 2025-07-18 16:28:50
php-fpm-1  | NOTICE: PHP message: 🔍 [SLIDER_SQL] Generated SQL: SELECT s0_.gtm_id AS gtm_id_0, s0_.gtm_creative AS gtm_creative_1, s0_.uuid AS uuid_2, s0_.id AS id_3, s0_.name AS name_4, s0_.link AS link_5, s0_.domain_id AS domain_id_6, s0_.position AS position_7, s0_.hidden AS hidden_8, s0_.description AS description_9, s0_.rgb_background_color AS rgb_background_color_10, s0_.opacity AS opacity_11, s0_.datetime_visible_from AS datetime_visible_from_12, s0_.datetime_visible_to AS datetime_visible_to_13 FROM slider_items s0_ WHERE s0_.domain_id = ? AND s0_.hidden = ? AND (s0_.datetime_visible_from IS NULL OR s0_.datetime_visible_from <= ?) AND (s0_.datetime_visible_to IS NULL OR s0_.datetime_visible_to >= ?) ORDER BY s0_.position ASC, s0_.id ASC
php-fpm-1  | NOTICE: PHP message: 🔍 [SLIDER_SQL] Parameters: [{},{},{}]
php-fpm-1  | NOTICE: PHP message: 🔍 [SLIDER_TIMING] Query execution time: 2.5339126586914ms
php-fpm-1  | NOTICE: PHP message: 🔍 [SLIDER_RESULT] Query returned: 0 records
php-fpm-1  | NOTICE: PHP message: ⚠️ [SLIDER_ISSUE] EMPTY RESULT - This is the issue!
php-fpm-1  | NOTICE: PHP message: 🔍 [SLIDER_DIAG] Testing raw SQL equivalent...
php-fpm-1  | NOTICE: PHP message: 🔍 [SLIDER_DIAG] Raw SQL count: 0
php-fpm-1  | NOTICE: PHP message: 🔍 [SLIDER_TIMING] Facade query execution: 4.6141147613525ms
php-fpm-1  | NOTICE: PHP message: 🔍 [SLIDER_RESULT] Final result count: 0
php-fpm-1  | NOTICE: PHP message: 🔍 [SERVICE] Starting query execution
php-fpm-1  | NOTICE: PHP message: 🔍 [TEST] PromotedCategoriesQuery::promotedCategoriesQuery() was called!
php-fpm-1  | NOTICE: PHP message: 🔍 [SERVICE] EntityManager available: YES
php-fpm-1  | NOTICE: PHP message: 🔍 [SERVICE] Domain service available: YES
php-fpm-1  | NOTICE: PHP message: 🔍 [TIMING] Domain config retrieval: 0.011920928955078ms
php-fpm-1  | NOTICE: PHP message: 🔍 [SERVICE] Domain config retrieved successfully
php-fpm-1  | NOTICE: PHP message: 🔍 [PROMOTED_CONN] Connection established: YES
php-fpm-1  | NOTICE: PHP message: 🔍 [PROMOTED_PING] Connection test successful: YES
php-fpm-1  | NOTICE: PHP message: 🔍 [PROMOTED] Domain: 2.shopsys (ID: 2)
php-fpm-1  | NOTICE: PHP message: 🔍 [PROMOTED] Locale: cs
php-fpm-1  | NOTICE: PHP message: 🔍 [PROMOTED] URL: https://cz.jm-after-build-bug-fix-ssp-3495-f5.odin.shopsys.cloud
php-fpm-1  | NOTICE: PHP message: 🔍 [PROMOTED] Base query builder created
php-fpm-1  | NOTICE: PHP message: 🔍 [PROMOTED_SQL] Generated SQL: SELECT c0_.id AS id_0, c0_.uuid AS uuid_1, c0_.level AS level_2, c0_.lft AS lft_3, c0_.rgt AS rgt_4, c0_.automated_filters AS automated_filters_5, c1_.id AS id_6, c1_.domain_id AS domain_id_7, c1_.seo_title AS seo_title_8, c1_.seo_meta_description AS seo_meta_description_9, c1_.seo_h1 AS seo_h1_10, c1_.enabled AS enabled_11, c1_.visible AS visible_12, c1_.description AS description_13, c2_.name AS name_14, c2_.id AS id_15, c2_.locale AS locale_16, c0_.parent_id AS parent_id_17, c1_.category_id AS category_id_18, c2_.translatable_id AS translatable_id_19 FROM categories c0_ INNER JOIN category_domains c1_ ON c0_.id = c1_.category_id AND (c1_.domain_id = ? AND c1_.visible = true) INNER JOIN categories_top c3_ ON (c3_.category_id = c0_.id AND c3_.domain_id = ?) INNER JOIN category_translations c2_ ON c0_.id = c2_.translatable_id AND (c2_.locale = ?) WHERE c0_.parent_id IS NOT NULL ORDER BY c3_.position ASC
php-fpm-1  | NOTICE: PHP message: 🔍 [PROMOTED_SQL] Parameters: [{},{}]
php-fpm-1  | NOTICE: PHP message: 🔍 [PROMOTED_TIMING] Query execution time: 12.186050415039ms
php-fpm-1  | NOTICE: PHP message: 🔍 [PROMOTED_RESULT] Query returned: 0 records
php-fpm-1  | NOTICE: PHP message: ⚠️ [PROMOTED_ISSUE] EMPTY RESULT - This is the issue!
php-fpm-1  | NOTICE: PHP message: 🔍 [PROMOTED_DIAG] Testing raw SQL equivalent...
php-fpm-1  | NOTICE: PHP message: 🔍 [PROMOTED_TIMING] Query execution time (failed): 13.401031494141ms
php-fpm-1  | NOTICE: PHP message: 🚨 [PROMOTED_ERROR] Query failed: An exception occurred while executing a query: SQLSTATE[42P01]: Undefined table: 7 ERROR:  relation "top_categories" does not exist
php-fpm-1  | LINE 2:                           FROM top_categories tc
php-fpm-1  |                                        ^
php-fpm-1  | NOTICE: PHP message: 🚨 [PROMOTED_ERROR] Stack trace: #0 /var/www/html/vendor/doctrine/dbal/src/Connection.php(1976): Doctrine\DBAL\Driver\API\PostgreSQL\ExceptionConverter->convert(Object(Doctrine\DBAL\Driver\PDO\Exception), Object(Doctrine\DBAL\Query))
php-fpm-1  | #1 /var/www/html/vendor/doctrine/dbal/src/Connection.php(1918): Doctrine\DBAL\Connection->handleDriverException(Object(Doctrine\DBAL\Driver\PDO\Exception), Object(Doctrine\DBAL\Query))
php-fpm-1  | #2 /var/www/html/vendor/doctrine/dbal/src/Connection.php(1111): Doctrine\DBAL\Connection->convertExceptionDuringQuery(Object(Doctrine\DBAL\Driver\PDO\Exception), 'SELECT tc.id as...', Array, Array)
php-fpm-1  | #3 /var/www/html/project-base/app/src/FrontendApi/Resolver/Category/PromotedCategory/PromotedCategoryRepository.php(86): Doctrine\DBAL\Connection->executeQuery('SELECT tc.id as...', Array)
php-fpm-1  | #4 /var/www/html/project-base/app/src/FrontendApi/Resolver/Category/PromotedCategory/PromotedCategoryFacade.php(24): App\FrontendApi\Resolver\Category\PromotedCategory\PromotedCategoryRepository->getVisiblePromotedCategoriesOnDomain(Object(Shopsys\FrameworkBundle\Component\Domain\Config\DomainConfig))
php-fpm-1  | #5 /var/www/html/project-base/app/src/FrontendApi/Resolver/Category/PromotedCategoriesQuery.php(45): App\FrontendApi\Resolver\Category\PromotedCategory\PromotedCategoryFacade->getVisiblePromotedCategoriesOnDomain(Object(Shopsys\FrameworkBundle\Component\Domain\Config\DomainConfig))
php-fpm-1  | #6 /var/www/html/vendor/overblog/graphql-bundle/src/Resolver/AbstractProxyResolver.php(36): App\FrontendApi\Resolver\Category\PromotedCategoriesQuery->promotedCategoriesQuery()
php-fpm-1  | #7 /var/www/html/vendor/overblog/graphql-bundle/src/Definition/GraphQLServices.php(24): Overblog\GraphQLBundle\Resolver\AbstractProxyResolver->resolve(Array)
php-fpm-1  | #8 /var/www/html/project-base/app/var/overblogCompiledClasses/QueryType.php(1059): Overblog\GraphQLBundle\Definition\GraphQLServices->query('promotedCategor...')
php-fpm-1  | #9 /var/www/html/vendor/overblog/graphql-bundle/src/Definition/ArgumentFactory.php(38): Overblog\GraphQLBundle\__DEFINITIONS__\QueryType->Overblog\GraphQLBundle\__DEFINITIONS__\{closure}(NULL, Object(Overblog\GraphQLBundle\Definition\Argument), Object(ArrayObject), Object(GraphQL\Type\Definition\ResolveInfo))
php-fpm-1  | #10 /var/www/html/vendor/webonyx/graphql-php/src/Executor/ReferenceExecutor.php(753): Overblog\GraphQLBundle\Definition\ArgumentFactory->Overblog\GraphQLBundle\Definition\{closure}(NULL, Array, Object(ArrayObject), Object(GraphQL\Type\Definition\ResolveInfo))
php-fpm-1  | #11 /var/www/html/vendor/webonyx/graphql-php/src/Executor/ReferenceExecutor.php(661): GraphQL\Executor\ReferenceExecutor->resolveFieldValueOrError(Object(GraphQL\Type\Definition\FieldDefinition), Object(GraphQL\Language\AST\FieldNode), Object(Closure), Array, NULL, Object(GraphQL\Type\Definition\ResolveInfo), Object(ArrayObject))
php-fpm-1  | #12 /var/www/html/vendor/webonyx/graphql-php/src/Executor/ReferenceExecutor.php(1373): GraphQL\Executor\ReferenceExecutor->resolveField(Object(Overblog\GraphQLBundle\__DEFINITIONS__\QueryType), NULL, Object(ArrayObject), 'promotedCategor...', Array, Array, Object(ArrayObject))
php-fpm-1  | #13 /var/www/html/vendor/webonyx/graphql-php/src/Executor/ReferenceExecutor.php(319): GraphQL\Executor\ReferenceExecutor->executeFields(Object(Overblog\GraphQLBundle\__DEFINITIONS__\QueryType), NULL, Array, Array, Object(ArrayObject), Object(ArrayObject))
php-fpm-1  | #14 /var/www/html/vendor/webonyx/graphql-php/src/Executor/ReferenceExecutor.php(258): GraphQL\Executor\ReferenceExecutor->executeOperation(Object(GraphQL\Language\AST\OperationDefinitionNode), NULL)
php-fpm-1  | #15 /var/www/html/vendor/webonyx/graphql-php/src/Executor/Executor.php(184): GraphQL\Executor\ReferenceExecutor->doExecute()
php-fpm-1  | #16 /var/www/html/vendor/webonyx/graphql-php/src/GraphQL.php(163): GraphQL\Executor\Executor::promiseToExecute(Object(Overblog\DataLoader\Promise\Adapter\Webonyx\GraphQL\SyncPromiseAdapter), Object(Overblog\GraphQLBundle\Definition\Type\ExtensibleSchema), Object(GraphQL\Language\AST\DocumentNode), NULL, Object(ArrayObject), NULL, 'PromotedCategor...', Object(Overblog\GraphQLBundle\Resolver\FieldResolver))
php-fpm-1  | #17 /var/www/html/vendor/overblog/graphql-bundle/src/Executor/Executor.php(44): GraphQL\GraphQL::promiseToExecute(Object(Overblog\DataLoader\Promise\Adapter\Webonyx\GraphQL\SyncPromiseAdapter), Object(Overblog\GraphQLBundle\Definition\Type\ExtensibleSchema), 'query PromotedC...', NULL, Object(ArrayObject), NULL, 'PromotedCategor...', Object(Overblog\GraphQLBundle\Resolver\FieldResolver))
php-fpm-1  | #18 /var/www/html/vendor/overblog/graphql-bundle/src/Request/Executor.php(149): Overblog\GraphQLBundle\Executor\Executor->execute(Object(Overblog\DataLoader\Promise\Adapter\Webonyx\GraphQL\SyncPromiseAdapter), Object(Overblog\GraphQLBundle\Definition\Type\ExtensibleSchema), 'query PromotedC...', NULL, Object(ArrayObject), NULL, 'PromotedCategor...', Object(Overblog\GraphQLBundle\Resolver\FieldResolver))
php-fpm-1  | #19 /var/www/html/vendor/overblog/graphql-bundle/src/Controller/GraphController.php(117): Overblog\GraphQLBundle\Request\Executor->execute('default', Array)
php-fpm-1  | #20 /var/www/html/vendor/overblog/graphql-bundle/src/Controller/GraphController.php(89): Overblog\GraphQLBundle\Controller\GraphController->processNormalQuery(Object(Symfony\Component\HttpFoundation\Request), NULL)
php-fpm-1  | #21 /var/www/html/vendor/overblog/graphql-bundle/src/Controller/GraphController.php(65): Overblog\GraphQLBundle\Controller\GraphController->processQuery(Object(Symfony\Component\HttpFoundation\Request), NULL, false)
php-fpm-1  | #22 /var/www/html/vendor/overblog/graphql-bundle/src/Controller/GraphController.php(43): Overblog\GraphQLBundle\Controller\GraphController->createResponse(Object(Symfony\Component\HttpFoundation\Request), NULL, false)
php-fpm-1  | #23 /var/www/html/packages/frontend-api/src/Controller/FrontendApiController.php(46): Overblog\GraphQLBundle\Controller\GraphController->endpointAction(Object(Symfony\Component\HttpFoundation\Request), NULL)
php-fpm-1  | #24 /var/www/html/vendor/symfony/http-kernel/HttpKernel.php(181): Shopsys\FrontendApiBundle\Controller\FrontendApiController->endpointAction(Object(Symfony\Component\HttpFoundation\Request), NULL)
php-fpm-1  | #25 /var/www/html/vendor/symfony/http-kernel/HttpKernel.php(76): Symfony\Component\HttpKernel\HttpKernel->handleRaw(Object(Symfony\Component\HttpFoundation\Request), 1)
php-fpm-1  | #26 /var/www/html/vendor/symfony/http-kernel/Kernel.php(197): Symfony\Component\HttpKernel\HttpKernel->handle(Object(Symfony\Component\HttpFoundation\Request), 1, true)
php-fpm-1  | #27 /var/www/html/vendor/symfony/runtime/Runner/Symfony/HttpKernelRunner.php(35): Symfony\Component\HttpKernel\Kernel->handle(Object(Symfony\Component\HttpFoundation\Request))
php-fpm-1  | #28 /var/www/html/vendor/autoload_runtime.php(30): Symfony\Component\Runtime\Runner\Symfony\HttpKernelRunner->run()
php-fpm-1  | #29 /var/www/html/project-base/app/app/autoload.php(18): require('/var/www/html/v...')
php-fpm-1  | #30 /var/www/html/project-base/app/web/index.php(7): require_once('/var/www/html/p...')
php-fpm-1  | #31 {main}
php-fpm-1  | NOTICE: PHP message: 🔍 [TIMING] Facade query execution: 15.820980072021ms
php-fpm-1  | NOTICE: PHP message: 🔍 [PROMOTED_FINAL] Final result count: 0
php-fpm-1  | NOTICE: PHP message: 🔍 [SLIDER_SERVICE] Starting query execution
php-fpm-1  | NOTICE: PHP message: 🔍 [SLIDER_SERVICE] SliderItemFacade available: YES
php-fpm-1  | NOTICE: PHP message: 🔍 [SLIDER_CONN] Connection established: YES
php-fpm-1  | NOTICE: PHP message: 🔍 [SLIDER_PING] Connection test successful: YES
php-fpm-1  | NOTICE: PHP message: 🔍 [SLIDER] Domain ID: 1
php-fpm-1  | NOTICE: PHP message: 🔍 [SLIDER] Date filter: 2025-07-18 00:00:00
php-fpm-1  | NOTICE: PHP message: 🔍 [SLIDER] Current time: 2025-07-18 16:28:50
php-fpm-1  | NOTICE: PHP message: 🔍 [SLIDER_SQL] Generated SQL: SELECT s0_.gtm_id AS gtm_id_0, s0_.gtm_creative AS gtm_creative_1, s0_.uuid AS uuid_2, s0_.id AS id_3, s0_.name AS name_4, s0_.link AS link_5, s0_.domain_id AS domain_id_6, s0_.position AS position_7, s0_.hidden AS hidden_8, s0_.description AS description_9, s0_.rgb_background_color AS rgb_background_color_10, s0_.opacity AS opacity_11, s0_.datetime_visible_from AS datetime_visible_from_12, s0_.datetime_visible_to AS datetime_visible_to_13 FROM slider_items s0_ WHERE s0_.domain_id = ? AND s0_.hidden = ? AND (s0_.datetime_visible_from IS NULL OR s0_.datetime_visible_from <= ?) AND (s0_.datetime_visible_to IS NULL OR s0_.datetime_visible_to >= ?) ORDER BY s0_.position ASC, s0_.id ASC
php-fpm-1  | NOTICE: PHP message: 🔍 [SLIDER_SQL] Parameters: [{},{},{}]
php-fpm-1  | NOTICE: PHP message: 🔍 [SLIDER_TIMING] Query execution time: 2.5560855865479ms
php-fpm-1  | NOTICE: PHP message: 🔍 [SLIDER_RESULT] Query returned: 0 records
php-fpm-1  | NOTICE: PHP message: ⚠️ [SLIDER_ISSUE] EMPTY RESULT - This is the issue!
php-fpm-1  | NOTICE: PHP message: 🔍 [SLIDER_DIAG] Testing raw SQL equivalent...
php-fpm-1  | NOTICE: PHP message: 🔍 [SLIDER_DIAG] Raw SQL count: 0
php-fpm-1  | NOTICE: PHP message: 🔍 [SLIDER_TIMING] Facade query execution: 5.1240921020508ms
php-fpm-1  | NOTICE: PHP message: 🔍 [SLIDER_RESULT] Final result count: 0
php-fpm-1  | NOTICE: PHP message: 🔍 [SERVICE] Starting query execution
php-fpm-1  | NOTICE: PHP message: 🔍 [TEST] PromotedCategoriesQuery::promotedCategoriesQuery() was called!
php-fpm-1  | NOTICE: PHP message: 🔍 [SERVICE] EntityManager available: YES
php-fpm-1  | NOTICE: PHP message: 🔍 [SERVICE] Domain service available: YES
php-fpm-1  | NOTICE: PHP message: 🔍 [TIMING] Domain config retrieval: 0.014066696166992ms
php-fpm-1  | NOTICE: PHP message: 🔍 [SERVICE] Domain config retrieved successfully
php-fpm-1  | NOTICE: PHP message: 🔍 [PROMOTED_CONN] Connection established: YES
php-fpm-1  | NOTICE: PHP message: 🔍 [PROMOTED_PING] Connection test successful: YES
php-fpm-1  | NOTICE: PHP message: 🔍 [PROMOTED] Domain: shopsys (ID: 1)
php-fpm-1  | NOTICE: PHP message: 🔍 [PROMOTED] Locale: en
php-fpm-1  | NOTICE: PHP message: 🔍 [PROMOTED] URL: https://jm-after-build-bug-fix-ssp-3495-f5.odin.shopsys.cloud
php-fpm-1  | NOTICE: PHP message: 🔍 [PROMOTED] Base query builder created
php-fpm-1  | NOTICE: PHP message: 🔍 [PROMOTED_SQL] Generated SQL: SELECT c0_.id AS id_0, c0_.uuid AS uuid_1, c0_.level AS level_2, c0_.lft AS lft_3, c0_.rgt AS rgt_4, c0_.automated_filters AS automated_filters_5, c1_.id AS id_6, c1_.domain_id AS domain_id_7, c1_.seo_title AS seo_title_8, c1_.seo_meta_description AS seo_meta_description_9, c1_.seo_h1 AS seo_h1_10, c1_.enabled AS enabled_11, c1_.visible AS visible_12, c1_.description AS description_13, c2_.name AS name_14, c2_.id AS id_15, c2_.locale AS locale_16, c0_.parent_id AS parent_id_17, c1_.category_id AS category_id_18, c2_.translatable_id AS translatable_id_19 FROM categories c0_ INNER JOIN category_domains c1_ ON c0_.id = c1_.category_id AND (c1_.domain_id = ? AND c1_.visible = true) INNER JOIN categories_top c3_ ON (c3_.category_id = c0_.id AND c3_.domain_id = ?) INNER JOIN category_translations c2_ ON c0_.id = c2_.translatable_id AND (c2_.locale = ?) WHERE c0_.parent_id IS NOT NULL ORDER BY c3_.position ASC
php-fpm-1  | NOTICE: PHP message: 🔍 [PROMOTED_SQL] Parameters: [{},{}]
php-fpm-1  | NOTICE: PHP message: 🔍 [PROMOTED_TIMING] Query execution time: 6.7119598388672ms
php-fpm-1  | NOTICE: PHP message: 🔍 [PROMOTED_RESULT] Query returned: 0 records
php-fpm-1  | NOTICE: PHP message: ⚠️ [PROMOTED_ISSUE] EMPTY RESULT - This is the issue!
php-fpm-1  | NOTICE: PHP message: 🔍 [PROMOTED_DIAG] Testing raw SQL equivalent...
php-fpm-1  | NOTICE: PHP message: 🔍 [PROMOTED_TIMING] Query execution time (failed): 7.6899528503418ms
php-fpm-1  | NOTICE: PHP message: 🚨 [PROMOTED_ERROR] Query failed: An exception occurred while executing a query: SQLSTATE[42P01]: Undefined table: 7 ERROR:  relation "top_categories" does not exist
php-fpm-1  | LINE 2:                           FROM top_categories tc
php-fpm-1  |                                        ^
php-fpm-1  | NOTICE: PHP message: 🚨 [PROMOTED_ERROR] Stack trace: #0 /var/www/html/vendor/doctrine/dbal/src/Connection.php(1976): Doctrine\DBAL\Driver\API\PostgreSQL\ExceptionConverter->convert(Object(Doctrine\DBAL\Driver\PDO\Exception), Object(Doctrine\DBAL\Query))
php-fpm-1  | #1 /var/www/html/vendor/doctrine/dbal/src/Connection.php(1918): Doctrine\DBAL\Connection->handleDriverException(Object(Doctrine\DBAL\Driver\PDO\Exception), Object(Doctrine\DBAL\Query))
php-fpm-1  | #2 /var/www/html/vendor/doctrine/dbal/src/Connection.php(1111): Doctrine\DBAL\Connection->convertExceptionDuringQuery(Object(Doctrine\DBAL\Driver\PDO\Exception), 'SELECT tc.id as...', Array, Array)
php-fpm-1  | #3 /var/www/html/project-base/app/src/FrontendApi/Resolver/Category/PromotedCategory/PromotedCategoryRepository.php(86): Doctrine\DBAL\Connection->executeQuery('SELECT tc.id as...', Array)
php-fpm-1  | #4 /var/www/html/project-base/app/src/FrontendApi/Resolver/Category/PromotedCategory/PromotedCategoryFacade.php(24): App\FrontendApi\Resolver\Category\PromotedCategory\PromotedCategoryRepository->getVisiblePromotedCategoriesOnDomain(Object(Shopsys\FrameworkBundle\Component\Domain\Config\DomainConfig))
php-fpm-1  | #5 /var/www/html/project-base/app/src/FrontendApi/Resolver/Category/PromotedCategoriesQuery.php(45): App\FrontendApi\Resolver\Category\PromotedCategory\PromotedCategoryFacade->getVisiblePromotedCategoriesOnDomain(Object(Shopsys\FrameworkBundle\Component\Domain\Config\DomainConfig))
php-fpm-1  | #6 /var/www/html/vendor/overblog/graphql-bundle/src/Resolver/AbstractProxyResolver.php(36): App\FrontendApi\Resolver\Category\PromotedCategoriesQuery->promotedCategoriesQuery()
php-fpm-1  | #7 /var/www/html/vendor/overblog/graphql-bundle/src/Definition/GraphQLServices.php(24): Overblog\GraphQLBundle\Resolver\AbstractProxyResolver->resolve(Array)
php-fpm-1  | #8 /var/www/html/project-base/app/var/overblogCompiledClasses/QueryType.php(1059): Overblog\GraphQLBundle\Definition\GraphQLServices->query('promotedCategor...')
php-fpm-1  | #9 /var/www/html/vendor/overblog/graphql-bundle/src/Definition/ArgumentFactory.php(38): Overblog\GraphQLBundle\__DEFINITIONS__\QueryType->Overblog\GraphQLBundle\__DEFINITIONS__\{closure}(NULL, Object(Overblog\GraphQLBundle\Definition\Argument), Object(ArrayObject), Object(GraphQL\Type\Definition\ResolveInfo))
php-fpm-1  | #10 /var/www/html/vendor/webonyx/graphql-php/src/Executor/ReferenceExecutor.php(753): Overblog\GraphQLBundle\Definition\ArgumentFactory->Overblog\GraphQLBundle\Definition\{closure}(NULL, Array, Object(ArrayObject), Object(GraphQL\Type\Definition\ResolveInfo))
php-fpm-1  | #11 /var/www/html/vendor/webonyx/graphql-php/src/Executor/ReferenceExecutor.php(661): GraphQL\Executor\ReferenceExecutor->resolveFieldValueOrError(Object(GraphQL\Type\Definition\FieldDefinition), Object(GraphQL\Language\AST\FieldNode), Object(Closure), Array, NULL, Object(GraphQL\Type\Definition\ResolveInfo), Object(ArrayObject))
php-fpm-1  | #12 /var/www/html/vendor/webonyx/graphql-php/src/Executor/ReferenceExecutor.php(1373): GraphQL\Executor\ReferenceExecutor->resolveField(Object(Overblog\GraphQLBundle\__DEFINITIONS__\QueryType), NULL, Object(ArrayObject), 'promotedCategor...', Array, Array, Object(ArrayObject))
php-fpm-1  | #13 /var/www/html/vendor/webonyx/graphql-php/src/Executor/ReferenceExecutor.php(319): GraphQL\Executor\ReferenceExecutor->executeFields(Object(Overblog\GraphQLBundle\__DEFINITIONS__\QueryType), NULL, Array, Array, Object(ArrayObject), Object(ArrayObject))
php-fpm-1  | #14 /var/www/html/vendor/webonyx/graphql-php/src/Executor/ReferenceExecutor.php(258): GraphQL\Executor\ReferenceExecutor->executeOperation(Object(GraphQL\Language\AST\OperationDefinitionNode), NULL)
php-fpm-1  | #15 /var/www/html/vendor/webonyx/graphql-php/src/Executor/Executor.php(184): GraphQL\Executor\ReferenceExecutor->doExecute()
php-fpm-1  | #16 /var/www/html/vendor/webonyx/graphql-php/src/GraphQL.php(163): GraphQL\Executor\Executor::promiseToExecute(Object(Overblog\DataLoader\Promise\Adapter\Webonyx\GraphQL\SyncPromiseAdapter), Object(Overblog\GraphQLBundle\Definition\Type\ExtensibleSchema), Object(GraphQL\Language\AST\DocumentNode), NULL, Object(ArrayObject), NULL, 'PromotedCategor...', Object(Overblog\GraphQLBundle\Resolver\FieldResolver))
php-fpm-1  | #17 /var/www/html/vendor/overblog/graphql-bundle/src/Executor/Executor.php(44): GraphQL\GraphQL::promiseToExecute(Object(Overblog\DataLoader\Promise\Adapter\Webonyx\GraphQL\SyncPromiseAdapter), Object(Overblog\GraphQLBundle\Definition\Type\ExtensibleSchema), 'query PromotedC...', NULL, Object(ArrayObject), NULL, 'PromotedCategor...', Object(Overblog\GraphQLBundle\Resolver\FieldResolver))
php-fpm-1  | #18 /var/www/html/vendor/overblog/graphql-bundle/src/Request/Executor.php(149): Overblog\GraphQLBundle\Executor\Executor->execute(Object(Overblog\DataLoader\Promise\Adapter\Webonyx\GraphQL\SyncPromiseAdapter), Object(Overblog\GraphQLBundle\Definition\Type\ExtensibleSchema), 'query PromotedC...', NULL, Object(ArrayObject), NULL, 'PromotedCategor...', Object(Overblog\GraphQLBundle\Resolver\FieldResolver))
php-fpm-1  | #19 /var/www/html/vendor/overblog/graphql-bundle/src/Controller/GraphController.php(117): Overblog\GraphQLBundle\Request\Executor->execute('default', Array)
php-fpm-1  | #20 /var/www/html/vendor/overblog/graphql-bundle/src/Controller/GraphController.php(89): Overblog\GraphQLBundle\Controller\GraphController->processNormalQuery(Object(Symfony\Component\HttpFoundation\Request), NULL)
php-fpm-1  | #21 /var/www/html/vendor/overblog/graphql-bundle/src/Controller/GraphController.php(65): Overblog\GraphQLBundle\Controller\GraphController->processQuery(Object(Symfony\Component\HttpFoundation\Request), NULL, false)
php-fpm-1  | #22 /var/www/html/vendor/overblog/graphql-bundle/src/Controller/GraphController.php(43): Overblog\GraphQLBundle\Controller\GraphController->createResponse(Object(Symfony\Component\HttpFoundation\Request), NULL, false)
php-fpm-1  | #23 /var/www/html/packages/frontend-api/src/Controller/FrontendApiController.php(46): Overblog\GraphQLBundle\Controller\GraphController->endpointAction(Object(Symfony\Component\HttpFoundation\Request), NULL)
php-fpm-1  | #24 /var/www/html/vendor/symfony/http-kernel/HttpKernel.php(181): Shopsys\FrontendApiBundle\Controller\FrontendApiController->endpointAction(Object(Symfony\Component\HttpFoundation\Request), NULL)
php-fpm-1  | #25 /var/www/html/vendor/symfony/http-kernel/HttpKernel.php(76): Symfony\Component\HttpKernel\HttpKernel->handleRaw(Object(Symfony\Component\HttpFoundation\Request), 1)
php-fpm-1  | #26 /var/www/html/vendor/symfony/http-kernel/Kernel.php(197): Symfony\Component\HttpKernel\HttpKernel->handle(Object(Symfony\Component\HttpFoundation\Request), 1, true)
php-fpm-1  | #27 /var/www/html/vendor/symfony/runtime/Runner/Symfony/HttpKernelRunner.php(35): Symfony\Component\HttpKernel\Kernel->handle(Object(Symfony\Component\HttpFoundation\Request))
php-fpm-1  | #28 /var/www/html/vendor/autoload_runtime.php(30): Symfony\Component\Runtime\Runner\Symfony\HttpKernelRunner->run()
php-fpm-1  | #29 /var/www/html/project-base/app/app/autoload.php(18): require('/var/www/html/v...')
php-fpm-1  | #30 /var/www/html/project-base/app/web/index.php(7): require_once('/var/www/html/p...')
php-fpm-1  | #31 {main}
php-fpm-1  | NOTICE: PHP message: 🔍 [TIMING] Facade query execution: 9.6659660339355ms
php-fpm-1  | NOTICE: PHP message: 🔍 [PROMOTED_FINAL] Final result count: 0
php-fpm-1  | {"message":"[GraphQL] Elasticsearch\\Common\\Exceptions\\Missing404Exception: {\"error\":{\"root_cause\":[{\"type\":\"index_not_found_exception\",\"reason\":\"no such index [jm-after-build-bug-fix-ssp-3495-f5_blog_article_2]\",\"resource.type\":\"index_or_alias\",\"resource.id\":\"jm-after-build-bug-fix-ssp-3495-f5_blog_article_2\",\"index_uuid\":\"_na_\",\"index\":\"jm-after-build-bug-fix-ssp-3495-f5_blog_article_2\"}],\"type\":\"index_not_found_exception\",\"reason\":\"no such index [jm-after-build-bug-fix-ssp-3495-f5_blog_article_2]\",\"resource.type\":\"index_or_alias\",\"resource.id\":\"jm-after-build-bug-fix-ssp-3495-f5_blog_article_2\",\"index_uuid\":\"_na_\",\"index\":\"jm-after-build-bug-fix-ssp-3495-f5_blog_article_2\"},\"status\":404}[404] (caught throwable) at /var/www/html/vendor/elasticsearch/elasticsearch/src/Elasticsearch/Connections/Connection.php line 685.","context":{"exception":{"class":"Elasticsearch\\Common\\Exceptions\\Missing404Exception","message":"{\"error\":{\"root_cause\":[{\"type\":\"index_not_found_exception\",\"reason\":\"no such index [jm-after-build-bug-fix-ssp-3495-f5_blog_article_2]\",\"resource.type\":\"index_or_alias\",\"resource.id\":\"jm-after-build-bug-fix-ssp-3495-f5_blog_article_2\",\"index_uuid\":\"_na_\",\"index\":\"jm-after-build-bug-fix-ssp-3495-f5_blog_article_2\"}],\"type\":\"index_not_found_exception\",\"reason\":\"no such index [jm-after-build-bug-fix-ssp-3495-f5_blog_article_2]\",\"resource.type\":\"index_or_alias\",\"resource.id\":\"jm-after-build-bug-fix-ssp-3495-f5_blog_article_2\",\"index_uuid\":\"_na_\",\"index\":\"jm-after-build-bug-fix-ssp-3495-f5_blog_article_2\"},\"status\":404}","code":404,"file":"/var/www/html/vendor/elasticsearch/elasticsearch/src/Elasticsearch/Connections/Connection.php:685"}},"level":500,"level_name":"CRITICAL","channel":"app","datetime":"2025-07-18T16:28:50.217087+00:00","extra":{}}
php-fpm-1  | {"message":"[GraphQL] Elasticsearch\\Common\\Exceptions\\Missing404Exception: {\"error\":{\"root_cause\":[{\"type\":\"index_not_found_exception\",\"reason\":\"no such index [jm-after-build-bug-fix-ssp-3495-f5_product_1]\",\"resource.type\":\"index_or_alias\",\"resource.id\":\"jm-after-build-bug-fix-ssp-3495-f5_product_1\",\"index_uuid\":\"_na_\",\"index\":\"jm-after-build-bug-fix-ssp-3495-f5_product_1\"}],\"type\":\"index_not_found_exception\",\"reason\":\"no such index [jm-after-build-bug-fix-ssp-3495-f5_product_1]\",\"resource.type\":\"index_or_alias\",\"resource.id\":\"jm-after-build-bug-fix-ssp-3495-f5_product_1\",\"index_uuid\":\"_na_\",\"index\":\"jm-after-build-bug-fix-ssp-3495-f5_product_1\"},\"status\":404}[404] (caught throwable) at /var/www/html/vendor/elasticsearch/elasticsearch/src/Elasticsearch/Connections/Connection.php line 685.","context":{"exception":{"class":"Elasticsearch\\Common\\Exceptions\\Missing404Exception","message":"{\"error\":{\"root_cause\":[{\"type\":\"index_not_found_exception\",\"reason\":\"no such index [jm-after-build-bug-fix-ssp-3495-f5_product_1]\",\"resource.type\":\"index_or_alias\",\"resource.id\":\"jm-after-build-bug-fix-ssp-3495-f5_product_1\",\"index_uuid\":\"_na_\",\"index\":\"jm-after-build-bug-fix-ssp-3495-f5_product_1\"}],\"type\":\"index_not_found_exception\",\"reason\":\"no such index [jm-after-build-bug-fix-ssp-3495-f5_product_1]\",\"resource.type\":\"index_or_alias\",\"resource.id\":\"jm-after-build-bug-fix-ssp-3495-f5_product_1\",\"index_uuid\":\"_na_\",\"index\":\"jm-after-build-bug-fix-ssp-3495-f5_product_1\"},\"status\":404}","code":404,"file":"/var/www/html/vendor/elasticsearch/elasticsearch/src/Elasticsearch/Connections/Connection.php:685"}},"level":500,"level_name":"CRITICAL","channel":"app","datetime":"2025-07-18T16:28:50.336653+00:00","extra":{}}
php-fpm-1  | {"message":"[GraphQL] Elasticsearch\\Common\\Exceptions\\Missing404Exception: {\"error\":{\"root_cause\":[{\"type\":\"index_not_found_exception\",\"reason\":\"no such index [jm-after-build-bug-fix-ssp-3495-f5_article_1]\",\"resource.type\":\"index_or_alias\",\"resource.id\":\"jm-after-build-bug-fix-ssp-3495-f5_article_1\",\"index_uuid\":\"_na_\",\"index\":\"jm-after-build-bug-fix-ssp-3495-f5_article_1\"}],\"type\":\"index_not_found_exception\",\"reason\":\"no such index [jm-after-build-bug-fix-ssp-3495-f5_article_1]\",\"resource.type\":\"index_or_alias\",\"resource.id\":\"jm-after-build-bug-fix-ssp-3495-f5_article_1\",\"index_uuid\":\"_na_\",\"index\":\"jm-after-build-bug-fix-ssp-3495-f5_article_1\"},\"status\":404}[404] (caught throwable) at /var/www/html/vendor/elasticsearch/elasticsearch/src/Elasticsearch/Connections/Connection.php line 685.","context":{"exception":{"class":"Elasticsearch\\Common\\Exceptions\\Missing404Exception","message":"{\"error\":{\"root_cause\":[{\"type\":\"index_not_found_exception\",\"reason\":\"no such index [jm-after-build-bug-fix-ssp-3495-f5_article_1]\",\"resource.type\":\"index_or_alias\",\"resource.id\":\"jm-after-build-bug-fix-ssp-3495-f5_article_1\",\"index_uuid\":\"_na_\",\"index\":\"jm-after-build-bug-fix-ssp-3495-f5_article_1\"}],\"type\":\"index_not_found_exception\",\"reason\":\"no such index [jm-after-build-bug-fix-ssp-3495-f5_article_1]\",\"resource.type\":\"index_or_alias\",\"resource.id\":\"jm-after-build-bug-fix-ssp-3495-f5_article_1\",\"index_uuid\":\"_na_\",\"index\":\"jm-after-build-bug-fix-ssp-3495-f5_article_1\"},\"status\":404}","code":404,"file":"/var/www/html/vendor/elasticsearch/elasticsearch/src/Elasticsearch/Connections/Connection.php:685"}},"level":500,"level_name":"CRITICAL","channel":"app","datetime":"2025-07-18T16:28:50.394905+00:00","extra":{}}
php-fpm-1  | {"message":"[GraphQL] Elasticsearch\\Common\\Exceptions\\Missing404Exception: {\"error\":{\"root_cause\":[{\"type\":\"index_not_found_exception\",\"reason\":\"no such index [jm-after-build-bug-fix-ssp-3495-f5_blog_article_1]\",\"resource.type\":\"index_or_alias\",\"resource.id\":\"jm-after-build-bug-fix-ssp-3495-f5_blog_article_1\",\"index_uuid\":\"_na_\",\"index\":\"jm-after-build-bug-fix-ssp-3495-f5_blog_article_1\"}],\"type\":\"index_not_found_exception\",\"reason\":\"no such index [jm-after-build-bug-fix-ssp-3495-f5_blog_article_1]\",\"resource.type\":\"index_or_alias\",\"resource.id\":\"jm-after-build-bug-fix-ssp-3495-f5_blog_article_1\",\"index_uuid\":\"_na_\",\"index\":\"jm-after-build-bug-fix-ssp-3495-f5_blog_article_1\"},\"status\":404}[404] (caught throwable) at /var/www/html/vendor/elasticsearch/elasticsearch/src/Elasticsearch/Connections/Connection.php line 685.","context":{"exception":{"class":"Elasticsearch\\Common\\Exceptions\\Missing404Exception","message":"{\"error\":{\"root_cause\":[{\"type\":\"index_not_found_exception\",\"reason\":\"no such index [jm-after-build-bug-fix-ssp-3495-f5_blog_article_1]\",\"resource.type\":\"index_or_alias\",\"resource.id\":\"jm-after-build-bug-fix-ssp-3495-f5_blog_article_1\",\"index_uuid\":\"_na_\",\"index\":\"jm-after-build-bug-fix-ssp-3495-f5_blog_article_1\"}],\"type\":\"index_not_found_exception\",\"reason\":\"no such index [jm-after-build-bug-fix-ssp-3495-f5_blog_article_1]\",\"resource.type\":\"index_or_alias\",\"resource.id\":\"jm-after-build-bug-fix-ssp-3495-f5_blog_article_1\",\"index_uuid\":\"_na_\",\"index\":\"jm-after-build-bug-fix-ssp-3495-f5_blog_article_1\"},\"status\":404}","code":404,"file":"/var/www/html/vendor/elasticsearch/elasticsearch/src/Elasticsearch/Connections/Connection.php:685"}},"level":500,"level_name":"CRITICAL","channel":"app","datetime":"2025-07-18T16:28:50.434116+00:00","extra":{}}
php-fpm-1  | {"message":"[GraphQL] Elasticsearch\\Common\\Exceptions\\Missing404Exception: {\"error\":{\"root_cause\":[{\"type\":\"index_not_found_exception\",\"reason\":\"no such index [jm-after-build-bug-fix-ssp-3495-f5_article_2]\",\"resource.type\":\"index_or_alias\",\"resource.id\":\"jm-after-build-bug-fix-ssp-3495-f5_article_2\",\"index_uuid\":\"_na_\",\"index\":\"jm-after-build-bug-fix-ssp-3495-f5_article_2\"}],\"type\":\"index_not_found_exception\",\"reason\":\"no such index [jm-after-build-bug-fix-ssp-3495-f5_article_2]\",\"resource.type\":\"index_or_alias\",\"resource.id\":\"jm-after-build-bug-fix-ssp-3495-f5_article_2\",\"index_uuid\":\"_na_\",\"index\":\"jm-after-build-bug-fix-ssp-3495-f5_article_2\"},\"status\":404}[404] (caught throwable) at /var/www/html/vendor/elasticsearch/elasticsearch/src/Elasticsearch/Connections/Connection.php line 685.","context":{"exception":{"class":"Elasticsearch\\Common\\Exceptions\\Missing404Exception","message":"{\"error\":{\"root_cause\":[{\"type\":\"index_not_found_exception\",\"reason\":\"no such index [jm-after-build-bug-fix-ssp-3495-f5_article_2]\",\"resource.type\":\"index_or_alias\",\"resource.id\":\"jm-after-build-bug-fix-ssp-3495-f5_article_2\",\"index_uuid\":\"_na_\",\"index\":\"jm-after-build-bug-fix-ssp-3495-f5_article_2\"}],\"type\":\"index_not_found_exception\",\"reason\":\"no such index [jm-after-build-bug-fix-ssp-3495-f5_article_2]\",\"resource.type\":\"index_or_alias\",\"resource.id\":\"jm-after-build-bug-fix-ssp-3495-f5_article_2\",\"index_uuid\":\"_na_\",\"index\":\"jm-after-build-bug-fix-ssp-3495-f5_article_2\"},\"status\":404}","code":404,"file":"/var/www/html/vendor/elasticsearch/elasticsearch/src/Elasticsearch/Connections/Connection.php:685"}},"level":500,"level_name":"CRITICAL","channel":"app","datetime":"2025-07-18T16:28:50.636044+00:00","extra":{}}
php-fpm-1  | {"message":"[GraphQL] Elasticsearch\\Common\\Exceptions\\Missing404Exception: {\"error\":{\"root_cause\":[{\"type\":\"index_not_found_exception\",\"reason\":\"no such index [jm-after-build-bug-fix-ssp-3495-f5_product_2]\",\"resource.type\":\"index_or_alias\",\"resource.id\":\"jm-after-build-bug-fix-ssp-3495-f5_product_2\",\"index_uuid\":\"_na_\",\"index\":\"jm-after-build-bug-fix-ssp-3495-f5_product_2\"}],\"type\":\"index_not_found_exception\",\"reason\":\"no such index [jm-after-build-bug-fix-ssp-3495-f5_product_2]\",\"resource.type\":\"index_or_alias\",\"resource.id\":\"jm-after-build-bug-fix-ssp-3495-f5_product_2\",\"index_uuid\":\"_na_\",\"index\":\"jm-after-build-bug-fix-ssp-3495-f5_product_2\"},\"status\":404}[404] (caught throwable) at /var/www/html/vendor/elasticsearch/elasticsearch/src/Elasticsearch/Connections/Connection.php line 685.","context":{"exception":{"class":"Elasticsearch\\Common\\Exceptions\\Missing404Exception","message":"{\"error\":{\"root_cause\":[{\"type\":\"index_not_found_exception\",\"reason\":\"no such index [jm-after-build-bug-fix-ssp-3495-f5_product_2]\",\"resource.type\":\"index_or_alias\",\"resource.id\":\"jm-after-build-bug-fix-ssp-3495-f5_product_2\",\"index_uuid\":\"_na_\",\"index\":\"jm-after-build-bug-fix-ssp-3495-f5_product_2\"}],\"type\":\"index_not_found_exception\",\"reason\":\"no such index [jm-after-build-bug-fix-ssp-3495-f5_product_2]\",\"resource.type\":\"index_or_alias\",\"resource.id\":\"jm-after-build-bug-fix-ssp-3495-f5_product_2\",\"index_uuid\":\"_na_\",\"index\":\"jm-after-build-bug-fix-ssp-3495-f5_product_2\"},\"status\":404}","code":404,"file":"/var/www/html/vendor/elasticsearch/elasticsearch/src/Elasticsearch/Connections/Connection.php:685"}},"level":500,"level_name":"CRITICAL","channel":"app","datetime":"2025-07-18T16:28:50.704760+00:00","extra":{}}
php-fpm-1  | {"message":"[GraphQL] Elasticsearch\\Common\\Exceptions\\Missing404Exception: {\"error\":{\"root_cause\":[{\"type\":\"index_not_found_exception\",\"reason\":\"no such index [jm-after-build-bug-fix-ssp-3495-f5_blog_article_2]\",\"resource.type\":\"index_or_alias\",\"resource.id\":\"jm-after-build-bug-fix-ssp-3495-f5_blog_article_2\",\"index_uuid\":\"_na_\",\"index\":\"jm-after-build-bug-fix-ssp-3495-f5_blog_article_2\"}],\"type\":\"index_not_found_exception\",\"reason\":\"no such index [jm-after-build-bug-fix-ssp-3495-f5_blog_article_2]\",\"resource.type\":\"index_or_alias\",\"resource.id\":\"jm-after-build-bug-fix-ssp-3495-f5_blog_article_2\",\"index_uuid\":\"_na_\",\"index\":\"jm-after-build-bug-fix-ssp-3495-f5_blog_article_2\"},\"status\":404}[404] (caught throwable) at /var/www/html/vendor/elasticsearch/elasticsearch/src/Elasticsearch/Connections/Connection.php line 685.","context":{"exception":{"class":"Elasticsearch\\Common\\Exceptions\\Missing404Exception","message":"{\"error\":{\"root_cause\":[{\"type\":\"index_not_found_exception\",\"reason\":\"no such index [jm-after-build-bug-fix-ssp-3495-f5_blog_article_2]\",\"resource.type\":\"index_or_alias\",\"resource.id\":\"jm-after-build-bug-fix-ssp-3495-f5_blog_article_2\",\"index_uuid\":\"_na_\",\"index\":\"jm-after-build-bug-fix-ssp-3495-f5_blog_article_2\"}],\"type\":\"index_not_found_exception\",\"reason\":\"no such index [jm-after-build-bug-fix-ssp-3495-f5_blog_article_2]\",\"resource.type\":\"index_or_alias\",\"resource.id\":\"jm-after-build-bug-fix-ssp-3495-f5_blog_article_2\",\"index_uuid\":\"_na_\",\"index\":\"jm-after-build-bug-fix-ssp-3495-f5_blog_article_2\"},\"status\":404}","code":404,"file":"/var/www/html/vendor/elasticsearch/elasticsearch/src/Elasticsearch/Connections/Connection.php:685"}},"level":500,"level_name":"CRITICAL","channel":"app","datetime":"2025-07-18T16:28:50.776439+00:00","extra":{}}
php-fpm-1  | {"message":"[GraphQL] Elasticsearch\\Common\\Exceptions\\Missing404Exception: {\"error\":{\"root_cause\":[{\"type\":\"index_not_found_exception\",\"reason\":\"no such index [jm-after-build-bug-fix-ssp-3495-f5_article_1]\",\"resource.type\":\"index_or_alias\",\"resource.id\":\"jm-after-build-bug-fix-ssp-3495-f5_article_1\",\"index_uuid\":\"_na_\",\"index\":\"jm-after-build-bug-fix-ssp-3495-f5_article_1\"}],\"type\":\"index_not_found_exception\",\"reason\":\"no such index [jm-after-build-bug-fix-ssp-3495-f5_article_1]\",\"resource.type\":\"index_or_alias\",\"resource.id\":\"jm-after-build-bug-fix-ssp-3495-f5_article_1\",\"index_uuid\":\"_na_\",\"index\":\"jm-after-build-bug-fix-ssp-3495-f5_article_1\"},\"status\":404}[404] (caught throwable) at /var/www/html/vendor/elasticsearch/elasticsearch/src/Elasticsearch/Connections/Connection.php line 685.","context":{"exception":{"class":"Elasticsearch\\Common\\Exceptions\\Missing404Exception","message":"{\"error\":{\"root_cause\":[{\"type\":\"index_not_found_exception\",\"reason\":\"no such index [jm-after-build-bug-fix-ssp-3495-f5_article_1]\",\"resource.type\":\"index_or_alias\",\"resource.id\":\"jm-after-build-bug-fix-ssp-3495-f5_article_1\",\"index_uuid\":\"_na_\",\"index\":\"jm-after-build-bug-fix-ssp-3495-f5_article_1\"}],\"type\":\"index_not_found_exception\",\"reason\":\"no such index [jm-after-build-bug-fix-ssp-3495-f5_article_1]\",\"resource.type\":\"index_or_alias\",\"resource.id\":\"jm-after-build-bug-fix-ssp-3495-f5_article_1\",\"index_uuid\":\"_na_\",\"index\":\"jm-after-build-bug-fix-ssp-3495-f5_article_1\"},\"status\":404}","code":404,"file":"/var/www/html/vendor/elasticsearch/elasticsearch/src/Elasticsearch/Connections/Connection.php:685"}},"level":500,"level_name":"CRITICAL","channel":"app","datetime":"2025-07-18T16:28:50.798187+00:00","extra":{}}
php-fpm-1  | {"message":"[GraphQL] Elasticsearch\\Common\\Exceptions\\Missing404Exception: {\"error\":{\"root_cause\":[{\"type\":\"index_not_found_exception\",\"reason\":\"no such index [jm-after-build-bug-fix-ssp-3495-f5_product_1]\",\"resource.type\":\"index_or_alias\",\"resource.id\":\"jm-after-build-bug-fix-ssp-3495-f5_product_1\",\"index_uuid\":\"_na_\",\"index\":\"jm-after-build-bug-fix-ssp-3495-f5_product_1\"}],\"type\":\"index_not_found_exception\",\"reason\":\"no such index [jm-after-build-bug-fix-ssp-3495-f5_product_1]\",\"resource.type\":\"index_or_alias\",\"resource.id\":\"jm-after-build-bug-fix-ssp-3495-f5_product_1\",\"index_uuid\":\"_na_\",\"index\":\"jm-after-build-bug-fix-ssp-3495-f5_product_1\"},\"status\":404}[404] (caught throwable) at /var/www/html/vendor/elasticsearch/elasticsearch/src/Elasticsearch/Connections/Connection.php line 685.","context":{"exception":{"class":"Elasticsearch\\Common\\Exceptions\\Missing404Exception","message":"{\"error\":{\"root_cause\":[{\"type\":\"index_not_found_exception\",\"reason\":\"no such index [jm-after-build-bug-fix-ssp-3495-f5_product_1]\",\"resource.type\":\"index_or_alias\",\"resource.id\":\"jm-after-build-bug-fix-ssp-3495-f5_product_1\",\"index_uuid\":\"_na_\",\"index\":\"jm-after-build-bug-fix-ssp-3495-f5_product_1\"}],\"type\":\"index_not_found_exception\",\"reason\":\"no such index [jm-after-build-bug-fix-ssp-3495-f5_product_1]\",\"resource.type\":\"index_or_alias\",\"resource.id\":\"jm-after-build-bug-fix-ssp-3495-f5_product_1\",\"index_uuid\":\"_na_\",\"index\":\"jm-after-build-bug-fix-ssp-3495-f5_product_1\"},\"status\":404}","code":404,"file":"/var/www/html/vendor/elasticsearch/elasticsearch/src/Elasticsearch/Connections/Connection.php:685"}},"level":500,"level_name":"CRITICAL","channel":"app","datetime":"2025-07-18T16:28:50.853373+00:00","extra":{}}
php-fpm-1  | {"message":"[GraphQL] Elasticsearch\\Common\\Exceptions\\Missing404Exception: {\"error\":{\"root_cause\":[{\"type\":\"index_not_found_exception\",\"reason\":\"no such index [jm-after-build-bug-fix-ssp-3495-f5_blog_article_1]\",\"resource.type\":\"index_or_alias\",\"resource.id\":\"jm-after-build-bug-fix-ssp-3495-f5_blog_article_1\",\"index_uuid\":\"_na_\",\"index\":\"jm-after-build-bug-fix-ssp-3495-f5_blog_article_1\"}],\"type\":\"index_not_found_exception\",\"reason\":\"no such index [jm-after-build-bug-fix-ssp-3495-f5_blog_article_1]\",\"resource.type\":\"index_or_alias\",\"resource.id\":\"jm-after-build-bug-fix-ssp-3495-f5_blog_article_1\",\"index_uuid\":\"_na_\",\"index\":\"jm-after-build-bug-fix-ssp-3495-f5_blog_article_1\"},\"status\":404}[404] (caught throwable) at /var/www/html/vendor/elasticsearch/elasticsearch/src/Elasticsearch/Connections/Connection.php line 685.","context":{"exception":{"class":"Elasticsearch\\Common\\Exceptions\\Missing404Exception","message":"{\"error\":{\"root_cause\":[{\"type\":\"index_not_found_exception\",\"reason\":\"no such index [jm-after-build-bug-fix-ssp-3495-f5_blog_article_1]\",\"resource.type\":\"index_or_alias\",\"resource.id\":\"jm-after-build-bug-fix-ssp-3495-f5_blog_article_1\",\"index_uuid\":\"_na_\",\"index\":\"jm-after-build-bug-fix-ssp-3495-f5_blog_article_1\"}],\"type\":\"index_not_found_exception\",\"reason\":\"no such index [jm-after-build-bug-fix-ssp-3495-f5_blog_article_1]\",\"resource.type\":\"index_or_alias\",\"resource.id\":\"jm-after-build-bug-fix-ssp-3495-f5_blog_article_1\",\"index_uuid\":\"_na_\",\"index\":\"jm-after-build-bug-fix-ssp-3495-f5_blog_article_1\"},\"status\":404}","code":404,"file":"/var/www/html/vendor/elasticsearch/elasticsearch/src/Elasticsearch/Connections/Connection.php:685"}},"level":500,"level_name":"CRITICAL","channel":"app","datetime":"2025-07-18T16:28:50.925851+00:00","extra":{}}
php-fpm-1  | {"message":"[GraphQL] Elasticsearch\\Common\\Exceptions\\Missing404Exception: {\"error\":{\"root_cause\":[{\"type\":\"index_not_found_exception\",\"reason\":\"no such index [jm-after-build-bug-fix-ssp-3495-f5_article_2]\",\"resource.type\":\"index_or_alias\",\"resource.id\":\"jm-after-build-bug-fix-ssp-3495-f5_article_2\",\"index_uuid\":\"_na_\",\"index\":\"jm-after-build-bug-fix-ssp-3495-f5_article_2\"}],\"type\":\"index_not_found_exception\",\"reason\":\"no such index [jm-after-build-bug-fix-ssp-3495-f5_article_2]\",\"resource.type\":\"index_or_alias\",\"resource.id\":\"jm-after-build-bug-fix-ssp-3495-f5_article_2\",\"index_uuid\":\"_na_\",\"index\":\"jm-after-build-bug-fix-ssp-3495-f5_article_2\"},\"status\":404}[404] (caught throwable) at /var/www/html/vendor/elasticsearch/elasticsearch/src/Elasticsearch/Connections/Connection.php line 685.","context":{"exception":{"class":"Elasticsearch\\Common\\Exceptions\\Missing404Exception","message":"{\"error\":{\"root_cause\":[{\"type\":\"index_not_found_exception\",\"reason\":\"no such index [jm-after-build-bug-fix-ssp-3495-f5_article_2]\",\"resource.type\":\"index_or_alias\",\"resource.id\":\"jm-after-build-bug-fix-ssp-3495-f5_article_2\",\"index_uuid\":\"_na_\",\"index\":\"jm-after-build-bug-fix-ssp-3495-f5_article_2\"}],\"type\":\"index_not_found_exception\",\"reason\":\"no such index [jm-after-build-bug-fix-ssp-3495-f5_article_2]\",\"resource.type\":\"index_or_alias\",\"resource.id\":\"jm-after-build-bug-fix-ssp-3495-f5_article_2\",\"index_uuid\":\"_na_\",\"index\":\"jm-after-build-bug-fix-ssp-3495-f5_article_2\"},\"status\":404}","code":404,"file":"/var/www/html/vendor/elasticsearch/elasticsearch/src/Elasticsearch/Connections/Connection.php:685"}},"level":500,"level_name":"CRITICAL","channel":"app","datetime":"2025-07-18T16:28:50.997371+00:00","extra":{}}
php-fpm-1  | {"message":"[GraphQL] Elasticsearch\\Common\\Exceptions\\Missing404Exception: {\"error\":{\"root_cause\":[{\"type\":\"index_not_found_exception\",\"reason\":\"no such index [jm-after-build-bug-fix-ssp-3495-f5_blog_article_2]\",\"resource.type\":\"index_or_alias\",\"resource.id\":\"jm-after-build-bug-fix-ssp-3495-f5_blog_article_2\",\"index_uuid\":\"_na_\",\"index\":\"jm-after-build-bug-fix-ssp-3495-f5_blog_article_2\"}],\"type\":\"index_not_found_exception\",\"reason\":\"no such index [jm-after-build-bug-fix-ssp-3495-f5_blog_article_2]\",\"resource.type\":\"index_or_alias\",\"resource.id\":\"jm-after-build-bug-fix-ssp-3495-f5_blog_article_2\",\"index_uuid\":\"_na_\",\"index\":\"jm-after-build-bug-fix-ssp-3495-f5_blog_article_2\"},\"status\":404}[404] (caught throwable) at /var/www/html/vendor/elasticsearch/elasticsearch/src/Elasticsearch/Connections/Connection.php line 685.","context":{"exception":{"class":"Elasticsearch\\Common\\Exceptions\\Missing404Exception","message":"{\"error\":{\"root_cause\":[{\"type\":\"index_not_found_exception\",\"reason\":\"no such index [jm-after-build-bug-fix-ssp-3495-f5_blog_article_2]\",\"resource.type\":\"index_or_alias\",\"resource.id\":\"jm-after-build-bug-fix-ssp-3495-f5_blog_article_2\",\"index_uuid\":\"_na_\",\"index\":\"jm-after-build-bug-fix-ssp-3495-f5_blog_article_2\"}],\"type\":\"index_not_found_exception\",\"reason\":\"no such index [jm-after-build-bug-fix-ssp-3495-f5_blog_article_2]\",\"resource.type\":\"index_or_alias\",\"resource.id\":\"jm-after-build-bug-fix-ssp-3495-f5_blog_article_2\",\"index_uuid\":\"_na_\",\"index\":\"jm-after-build-bug-fix-ssp-3495-f5_blog_article_2\"},\"status\":404}","code":404,"file":"/var/www/html/vendor/elasticsearch/elasticsearch/src/Elasticsearch/Connections/Connection.php:685"}},"level":500,"level_name":"CRITICAL","channel":"app","datetime":"2025-07-18T16:28:51.021231+00:00","extra":{}}
php-fpm-1  | {"message":"[GraphQL] Elasticsearch\\Common\\Exceptions\\Missing404Exception: {\"error\":{\"root_cause\":[{\"type\":\"index_not_found_exception\",\"reason\":\"no such index [jm-after-build-bug-fix-ssp-3495-f5_product_2]\",\"resource.type\":\"index_or_alias\",\"resource.id\":\"jm-after-build-bug-fix-ssp-3495-f5_product_2\",\"index_uuid\":\"_na_\",\"index\":\"jm-after-build-bug-fix-ssp-3495-f5_product_2\"}],\"type\":\"index_not_found_exception\",\"reason\":\"no such index [jm-after-build-bug-fix-ssp-3495-f5_product_2]\",\"resource.type\":\"index_or_alias\",\"resource.id\":\"jm-after-build-bug-fix-ssp-3495-f5_product_2\",\"index_uuid\":\"_na_\",\"index\":\"jm-after-build-bug-fix-ssp-3495-f5_product_2\"},\"status\":404}[404] (caught throwable) at /var/www/html/vendor/elasticsearch/elasticsearch/src/Elasticsearch/Connections/Connection.php line 685.","context":{"exception":{"class":"Elasticsearch\\Common\\Exceptions\\Missing404Exception","message":"{\"error\":{\"root_cause\":[{\"type\":\"index_not_found_exception\",\"reason\":\"no such index [jm-after-build-bug-fix-ssp-3495-f5_product_2]\",\"resource.type\":\"index_or_alias\",\"resource.id\":\"jm-after-build-bug-fix-ssp-3495-f5_product_2\",\"index_uuid\":\"_na_\",\"index\":\"jm-after-build-bug-fix-ssp-3495-f5_product_2\"}],\"type\":\"index_not_found_exception\",\"reason\":\"no such index [jm-after-build-bug-fix-ssp-3495-f5_product_2]\",\"resource.type\":\"index_or_alias\",\"resource.id\":\"jm-after-build-bug-fix-ssp-3495-f5_product_2\",\"index_uuid\":\"_na_\",\"index\":\"jm-after-build-bug-fix-ssp-3495-f5_product_2\"},\"status\":404}","code":404,"file":"/var/www/html/vendor/elasticsearch/elasticsearch/src/Elasticsearch/Connections/Connection.php:685"}},"level":500,"level_name":"CRITICAL","channel":"app","datetime":"2025-07-18T16:28:51.023655+00:00","extra":{}}
php-fpm-1  | {"message":"[GraphQL] Elasticsearch\\Common\\Exceptions\\Missing404Exception: {\"error\":{\"root_cause\":[{\"type\":\"index_not_found_exception\",\"reason\":\"no such index [jm-after-build-bug-fix-ssp-3495-f5_product_1]\",\"resource.type\":\"index_or_alias\",\"resource.id\":\"jm-after-build-bug-fix-ssp-3495-f5_product_1\",\"index_uuid\":\"_na_\",\"index\":\"jm-after-build-bug-fix-ssp-3495-f5_product_1\"}],\"type\":\"index_not_found_exception\",\"reason\":\"no such index [jm-after-build-bug-fix-ssp-3495-f5_product_1]\",\"resource.type\":\"index_or_alias\",\"resource.id\":\"jm-after-build-bug-fix-ssp-3495-f5_product_1\",\"index_uuid\":\"_na_\",\"index\":\"jm-after-build-bug-fix-ssp-3495-f5_product_1\"},\"status\":404}[404] (caught throwable) at /var/www/html/vendor/elasticsearch/elasticsearch/src/Elasticsearch/Connections/Connection.php line 685.","context":{"exception":{"class":"Elasticsearch\\Common\\Exceptions\\Missing404Exception","message":"{\"error\":{\"root_cause\":[{\"type\":\"index_not_found_exception\",\"reason\":\"no such index [jm-after-build-bug-fix-ssp-3495-f5_product_1]\",\"resource.type\":\"index_or_alias\",\"resource.id\":\"jm-after-build-bug-fix-ssp-3495-f5_product_1\",\"index_uuid\":\"_na_\",\"index\":\"jm-after-build-bug-fix-ssp-3495-f5_product_1\"}],\"type\":\"index_not_found_exception\",\"reason\":\"no such index [jm-after-build-bug-fix-ssp-3495-f5_product_1]\",\"resource.type\":\"index_or_alias\",\"resource.id\":\"jm-after-build-bug-fix-ssp-3495-f5_product_1\",\"index_uuid\":\"_na_\",\"index\":\"jm-after-build-bug-fix-ssp-3495-f5_product_1\"},\"status\":404}","code":404,"file":"/var/www/html/vendor/elasticsearch/elasticsearch/src/Elasticsearch/Connections/Connection.php:685"}},"level":500,"level_name":"CRITICAL","channel":"app","datetime":"2025-07-18T16:28:51.110792+00:00","extra":{}}
php-fpm-1  | {"message":"[GraphQL] Elasticsearch\\Common\\Exceptions\\Missing404Exception: {\"error\":{\"root_cause\":[{\"type\":\"index_not_found_exception\",\"reason\":\"no such index [jm-after-build-bug-fix-ssp-3495-f5_article_1]\",\"resource.type\":\"index_or_alias\",\"resource.id\":\"jm-after-build-bug-fix-ssp-3495-f5_article_1\",\"index_uuid\":\"_na_\",\"index\":\"jm-after-build-bug-fix-ssp-3495-f5_article_1\"}],\"type\":\"index_not_found_exception\",\"reason\":\"no such index [jm-after-build-bug-fix-ssp-3495-f5_article_1]\",\"resource.type\":\"index_or_alias\",\"resource.id\":\"jm-after-build-bug-fix-ssp-3495-f5_article_1\",\"index_uuid\":\"_na_\",\"index\":\"jm-after-build-bug-fix-ssp-3495-f5_article_1\"},\"status\":404}[404] (caught throwable) at /var/www/html/vendor/elasticsearch/elasticsearch/src/Elasticsearch/Connections/Connection.php line 685.","context":{"exception":{"class":"Elasticsearch\\Common\\Exceptions\\Missing404Exception","message":"{\"error\":{\"root_cause\":[{\"type\":\"index_not_found_exception\",\"reason\":\"no such index [jm-after-build-bug-fix-ssp-3495-f5_article_1]\",\"resource.type\":\"index_or_alias\",\"resource.id\":\"jm-after-build-bug-fix-ssp-3495-f5_article_1\",\"index_uuid\":\"_na_\",\"index\":\"jm-after-build-bug-fix-ssp-3495-f5_article_1\"}],\"type\":\"index_not_found_exception\",\"reason\":\"no such index [jm-after-build-bug-fix-ssp-3495-f5_article_1]\",\"resource.type\":\"index_or_alias\",\"resource.id\":\"jm-after-build-bug-fix-ssp-3495-f5_article_1\",\"index_uuid\":\"_na_\",\"index\":\"jm-after-build-bug-fix-ssp-3495-f5_article_1\"},\"status\":404}","code":404,"file":"/var/www/html/vendor/elasticsearch/elasticsearch/src/Elasticsearch/Connections/Connection.php:685"}},"level":500,"level_name":"CRITICAL","channel":"app","datetime":"2025-07-18T16:28:51.123203+00:00","extra":{}}
php-fpm-1  | [18-Jul-2025 16:28:51] WARNING: [pool www] seems busy (you may need to increase pm.start_servers, or pm.min/max_spare_servers), spawning 8 children, there are 0 idle, and 4 total children
php-fpm-1  | {"message":"[GraphQL] Elasticsearch\\Common\\Exceptions\\Missing404Exception: {\"error\":{\"root_cause\":[{\"type\":\"index_not_found_exception\",\"reason\":\"no such index [jm-after-build-bug-fix-ssp-3495-f5_blog_article_1]\",\"resource.type\":\"index_or_alias\",\"resource.id\":\"jm-after-build-bug-fix-ssp-3495-f5_blog_article_1\",\"index_uuid\":\"_na_\",\"index\":\"jm-after-build-bug-fix-ssp-3495-f5_blog_article_1\"}],\"type\":\"index_not_found_exception\",\"reason\":\"no such index [jm-after-build-bug-fix-ssp-3495-f5_blog_article_1]\",\"resource.type\":\"index_or_alias\",\"resource.id\":\"jm-after-build-bug-fix-ssp-3495-f5_blog_article_1\",\"index_uuid\":\"_na_\",\"index\":\"jm-after-build-bug-fix-ssp-3495-f5_blog_article_1\"},\"status\":404}[404] (caught throwable) at /var/www/html/vendor/elasticsearch/elasticsearch/src/Elasticsearch/Connections/Connection.php line 685.","context":{"exception":{"class":"Elasticsearch\\Common\\Exceptions\\Missing404Exception","message":"{\"error\":{\"root_cause\":[{\"type\":\"index_not_found_exception\",\"reason\":\"no such index [jm-after-build-bug-fix-ssp-3495-f5_blog_article_1]\",\"resource.type\":\"index_or_alias\",\"resource.id\":\"jm-after-build-bug-fix-ssp-3495-f5_blog_article_1\",\"index_uuid\":\"_na_\",\"index\":\"jm-after-build-bug-fix-ssp-3495-f5_blog_article_1\"}],\"type\":\"index_not_found_exception\",\"reason\":\"no such index [jm-after-build-bug-fix-ssp-3495-f5_blog_article_1]\",\"resource.type\":\"index_or_alias\",\"resource.id\":\"jm-after-build-bug-fix-ssp-3495-f5_blog_article_1\",\"index_uuid\":\"_na_\",\"index\":\"jm-after-build-bug-fix-ssp-3495-f5_blog_article_1\"},\"status\":404}","code":404,"file":"/var/www/html/vendor/elasticsearch/elasticsearch/src/Elasticsearch/Connections/Connection.php:685"}},"level":500,"level_name":"CRITICAL","channel":"app","datetime":"2025-07-18T16:28:51.177754+00:00","extra":{}}
php-fpm-1  | {"message":"[GraphQL] Elasticsearch\\Common\\Exceptions\\Missing404Exception: {\"error\":{\"root_cause\":[{\"type\":\"index_not_found_exception\",\"reason\":\"no such index [jm-after-build-bug-fix-ssp-3495-f5_product_1]\",\"resource.type\":\"index_or_alias\",\"resource.id\":\"jm-after-build-bug-fix-ssp-3495-f5_product_1\",\"index_uuid\":\"_na_\",\"index\":\"jm-after-build-bug-fix-ssp-3495-f5_product_1\"}],\"type\":\"index_not_found_exception\",\"reason\":\"no such index [jm-after-build-bug-fix-ssp-3495-f5_product_1]\",\"resource.type\":\"index_or_alias\",\"resource.id\":\"jm-after-build-bug-fix-ssp-3495-f5_product_1\",\"index_uuid\":\"_na_\",\"index\":\"jm-after-build-bug-fix-ssp-3495-f5_product_1\"},\"status\":404}[404] (caught throwable) at /var/www/html/vendor/elasticsearch/elasticsearch/src/Elasticsearch/Connections/Connection.php line 685.","context":{"exception":{"class":"Elasticsearch\\Common\\Exceptions\\Missing404Exception","message":"{\"error\":{\"root_cause\":[{\"type\":\"index_not_found_exception\",\"reason\":\"no such index [jm-after-build-bug-fix-ssp-3495-f5_product_1]\",\"resource.type\":\"index_or_alias\",\"resource.id\":\"jm-after-build-bug-fix-ssp-3495-f5_product_1\",\"index_uuid\":\"_na_\",\"index\":\"jm-after-build-bug-fix-ssp-3495-f5_product_1\"}],\"type\":\"index_not_found_exception\",\"reason\":\"no such index [jm-after-build-bug-fix-ssp-3495-f5_product_1]\",\"resource.type\":\"index_or_alias\",\"resource.id\":\"jm-after-build-bug-fix-ssp-3495-f5_product_1\",\"index_uuid\":\"_na_\",\"index\":\"jm-after-build-bug-fix-ssp-3495-f5_product_1\"},\"status\":404}","code":404,"file":"/var/www/html/vendor/elasticsearch/elasticsearch/src/Elasticsearch/Connections/Connection.php:685"}},"level":500,"level_name":"CRITICAL","channel":"app","datetime":"2025-07-18T16:28:51.198970+00:00","extra":{}}
php-fpm-1  | {"message":"[GraphQL] Elasticsearch\\Common\\Exceptions\\Missing404Exception: {\"error\":{\"root_cause\":[{\"type\":\"index_not_found_exception\",\"reason\":\"no such index [jm-after-build-bug-fix-ssp-3495-f5_article_1]\",\"resource.type\":\"index_or_alias\",\"resource.id\":\"jm-after-build-bug-fix-ssp-3495-f5_article_1\",\"index_uuid\":\"_na_\",\"index\":\"jm-after-build-bug-fix-ssp-3495-f5_article_1\"}],\"type\":\"index_not_found_exception\",\"reason\":\"no such index [jm-after-build-bug-fix-ssp-3495-f5_article_1]\",\"resource.type\":\"index_or_alias\",\"resource.id\":\"jm-after-build-bug-fix-ssp-3495-f5_article_1\",\"index_uuid\":\"_na_\",\"index\":\"jm-after-build-bug-fix-ssp-3495-f5_article_1\"},\"status\":404}[404] (caught throwable) at /var/www/html/vendor/elasticsearch/elasticsearch/src/Elasticsearch/Connections/Connection.php line 685.","context":{"exception":{"class":"Elasticsearch\\Common\\Exceptions\\Missing404Exception","message":"{\"error\":{\"root_cause\":[{\"type\":\"index_not_found_exception\",\"reason\":\"no such index [jm-after-build-bug-fix-ssp-3495-f5_article_1]\",\"resource.type\":\"index_or_alias\",\"resource.id\":\"jm-after-build-bug-fix-ssp-3495-f5_article_1\",\"index_uuid\":\"_na_\",\"index\":\"jm-after-build-bug-fix-ssp-3495-f5_article_1\"}],\"type\":\"index_not_found_exception\",\"reason\":\"no such index [jm-after-build-bug-fix-ssp-3495-f5_article_1]\",\"resource.type\":\"index_or_alias\",\"resource.id\":\"jm-after-build-bug-fix-ssp-3495-f5_article_1\",\"index_uuid\":\"_na_\",\"index\":\"jm-after-build-bug-fix-ssp-3495-f5_article_1\"},\"status\":404}","code":404,"file":"/var/www/html/vendor/elasticsearch/elasticsearch/src/Elasticsearch/Connections/Connection.php:685"}},"level":500,"level_name":"CRITICAL","channel":"app","datetime":"2025-07-18T16:28:51.267661+00:00","extra":{}}
php-fpm-1  | {"message":"[GraphQL] Elasticsearch\\Common\\Exceptions\\Missing404Exception: {\"error\":{\"root_cause\":[{\"type\":\"index_not_found_exception\",\"reason\":\"no such index [jm-after-build-bug-fix-ssp-3495-f5_blog_article_1]\",\"resource.type\":\"index_or_alias\",\"resource.id\":\"jm-after-build-bug-fix-ssp-3495-f5_blog_article_1\",\"index_uuid\":\"_na_\",\"index\":\"jm-after-build-bug-fix-ssp-3495-f5_blog_article_1\"}],\"type\":\"index_not_found_exception\",\"reason\":\"no such index [jm-after-build-bug-fix-ssp-3495-f5_blog_article_1]\",\"resource.type\":\"index_or_alias\",\"resource.id\":\"jm-after-build-bug-fix-ssp-3495-f5_blog_article_1\",\"index_uuid\":\"_na_\",\"index\":\"jm-after-build-bug-fix-ssp-3495-f5_blog_article_1\"},\"status\":404}[404] (caught throwable) at /var/www/html/vendor/elasticsearch/elasticsearch/src/Elasticsearch/Connections/Connection.php line 685.","context":{"exception":{"class":"Elasticsearch\\Common\\Exceptions\\Missing404Exception","message":"{\"error\":{\"root_cause\":[{\"type\":\"index_not_found_exception\",\"reason\":\"no such index [jm-after-build-bug-fix-ssp-3495-f5_blog_article_1]\",\"resource.type\":\"index_or_alias\",\"resource.id\":\"jm-after-build-bug-fix-ssp-3495-f5_blog_article_1\",\"index_uuid\":\"_na_\",\"index\":\"jm-after-build-bug-fix-ssp-3495-f5_blog_article_1\"}],\"type\":\"index_not_found_exception\",\"reason\":\"no such index [jm-after-build-bug-fix-ssp-3495-f5_blog_article_1]\",\"resource.type\":\"index_or_alias\",\"resource.id\":\"jm-after-build-bug-fix-ssp-3495-f5_blog_article_1\",\"index_uuid\":\"_na_\",\"index\":\"jm-after-build-bug-fix-ssp-3495-f5_blog_article_1\"},\"status\":404}","code":404,"file":"/var/www/html/vendor/elasticsearch/elasticsearch/src/Elasticsearch/Connections/Connection.php:685"}},"level":500,"level_name":"CRITICAL","channel":"app","datetime":"2025-07-18T16:28:51.273446+00:00","extra":{}}
php-fpm-1  | {"message":"[GraphQL] Elasticsearch\\Common\\Exceptions\\Missing404Exception: {\"error\":{\"root_cause\":[{\"type\":\"index_not_found_exception\",\"reason\":\"no such index [jm-after-build-bug-fix-ssp-3495-f5_product_2]\",\"resource.type\":\"index_or_alias\",\"resource.id\":\"jm-after-build-bug-fix-ssp-3495-f5_product_2\",\"index_uuid\":\"_na_\",\"index\":\"jm-after-build-bug-fix-ssp-3495-f5_product_2\"}],\"type\":\"index_not_found_exception\",\"reason\":\"no such index [jm-after-build-bug-fix-ssp-3495-f5_product_2]\",\"resource.type\":\"index_or_alias\",\"resource.id\":\"jm-after-build-bug-fix-ssp-3495-f5_product_2\",\"index_uuid\":\"_na_\",\"index\":\"jm-after-build-bug-fix-ssp-3495-f5_product_2\"},\"status\":404}[404] (caught throwable) at /var/www/html/vendor/elasticsearch/elasticsearch/src/Elasticsearch/Connections/Connection.php line 685.","context":{"exception":{"class":"Elasticsearch\\Common\\Exceptions\\Missing404Exception","message":"{\"error\":{\"root_cause\":[{\"type\":\"index_not_found_exception\",\"reason\":\"no such index [jm-after-build-bug-fix-ssp-3495-f5_product_2]\",\"resource.type\":\"index_or_alias\",\"resource.id\":\"jm-after-build-bug-fix-ssp-3495-f5_product_2\",\"index_uuid\":\"_na_\",\"index\":\"jm-after-build-bug-fix-ssp-3495-f5_product_2\"}],\"type\":\"index_not_found_exception\",\"reason\":\"no such index [jm-after-build-bug-fix-ssp-3495-f5_product_2]\",\"resource.type\":\"index_or_alias\",\"resource.id\":\"jm-after-build-bug-fix-ssp-3495-f5_product_2\",\"index_uuid\":\"_na_\",\"index\":\"jm-after-build-bug-fix-ssp-3495-f5_product_2\"},\"status\":404}","code":404,"file":"/var/www/html/vendor/elasticsearch/elasticsearch/src/Elasticsearch/Connections/Connection.php:685"}},"level":500,"level_name":"CRITICAL","channel":"app","datetime":"2025-07-18T16:28:51.351532+00:00","extra":{}}
php-fpm-1  | {"message":"[GraphQL] Elasticsearch\\Common\\Exceptions\\Missing404Exception: {\"error\":{\"root_cause\":[{\"type\":\"index_not_found_exception\",\"reason\":\"no such index [jm-after-build-bug-fix-ssp-3495-f5_article_2]\",\"resource.type\":\"index_or_alias\",\"resource.id\":\"jm-after-build-bug-fix-ssp-3495-f5_article_2\",\"index_uuid\":\"_na_\",\"index\":\"jm-after-build-bug-fix-ssp-3495-f5_article_2\"}],\"type\":\"index_not_found_exception\",\"reason\":\"no such index [jm-after-build-bug-fix-ssp-3495-f5_article_2]\",\"resource.type\":\"index_or_alias\",\"resource.id\":\"jm-after-build-bug-fix-ssp-3495-f5_article_2\",\"index_uuid\":\"_na_\",\"index\":\"jm-after-build-bug-fix-ssp-3495-f5_article_2\"},\"status\":404}[404] (caught throwable) at /var/www/html/vendor/elasticsearch/elasticsearch/src/Elasticsearch/Connections/Connection.php line 685.","context":{"exception":{"class":"Elasticsearch\\Common\\Exceptions\\Missing404Exception","message":"{\"error\":{\"root_cause\":[{\"type\":\"index_not_found_exception\",\"reason\":\"no such index [jm-after-build-bug-fix-ssp-3495-f5_article_2]\",\"resource.type\":\"index_or_alias\",\"resource.id\":\"jm-after-build-bug-fix-ssp-3495-f5_article_2\",\"index_uuid\":\"_na_\",\"index\":\"jm-after-build-bug-fix-ssp-3495-f5_article_2\"}],\"type\":\"index_not_found_exception\",\"reason\":\"no such index [jm-after-build-bug-fix-ssp-3495-f5_article_2]\",\"resource.type\":\"index_or_alias\",\"resource.id\":\"jm-after-build-bug-fix-ssp-3495-f5_article_2\",\"index_uuid\":\"_na_\",\"index\":\"jm-after-build-bug-fix-ssp-3495-f5_article_2\"},\"status\":404}","code":404,"file":"/var/www/html/vendor/elasticsearch/elasticsearch/src/Elasticsearch/Connections/Connection.php:685"}},"level":500,"level_name":"CRITICAL","channel":"app","datetime":"2025-07-18T16:28:51.361310+00:00","extra":{}}
php-fpm-1  | {"message":"[GraphQL] Elasticsearch\\Common\\Exceptions\\Missing404Exception: {\"error\":{\"root_cause\":[{\"type\":\"index_not_found_exception\",\"reason\":\"no such index [jm-after-build-bug-fix-ssp-3495-f5_blog_article_2]\",\"resource.type\":\"index_or_alias\",\"resource.id\":\"jm-after-build-bug-fix-ssp-3495-f5_blog_article_2\",\"index_uuid\":\"_na_\",\"index\":\"jm-after-build-bug-fix-ssp-3495-f5_blog_article_2\"}],\"type\":\"index_not_found_exception\",\"reason\":\"no such index [jm-after-build-bug-fix-ssp-3495-f5_blog_article_2]\",\"resource.type\":\"index_or_alias\",\"resource.id\":\"jm-after-build-bug-fix-ssp-3495-f5_blog_article_2\",\"index_uuid\":\"_na_\",\"index\":\"jm-after-build-bug-fix-ssp-3495-f5_blog_article_2\"},\"status\":404}[404] (caught throwable) at /var/www/html/vendor/elasticsearch/elasticsearch/src/Elasticsearch/Connections/Connection.php line 685.","context":{"exception":{"class":"Elasticsearch\\Common\\Exceptions\\Missing404Exception","message":"{\"error\":{\"root_cause\":[{\"type\":\"index_not_found_exception\",\"reason\":\"no such index [jm-after-build-bug-fix-ssp-3495-f5_blog_article_2]\",\"resource.type\":\"index_or_alias\",\"resource.id\":\"jm-after-build-bug-fix-ssp-3495-f5_blog_article_2\",\"index_uuid\":\"_na_\",\"index\":\"jm-after-build-bug-fix-ssp-3495-f5_blog_article_2\"}],\"type\":\"index_not_found_exception\",\"reason\":\"no such index [jm-after-build-bug-fix-ssp-3495-f5_blog_article_2]\",\"resource.type\":\"index_or_alias\",\"resource.id\":\"jm-after-build-bug-fix-ssp-3495-f5_blog_article_2\",\"index_uuid\":\"_na_\",\"index\":\"jm-after-build-bug-fix-ssp-3495-f5_blog_article_2\"},\"status\":404}","code":404,"file":"/var/www/html/vendor/elasticsearch/elasticsearch/src/Elasticsearch/Connections/Connection.php:685"}},"level":500,"level_name":"CRITICAL","channel":"app","datetime":"2025-07-18T16:28:51.414242+00:00","extra":{}}
php-fpm-1  | {"message":"[GraphQL] Elasticsearch\\Common\\Exceptions\\Missing404Exception: {\"error\":{\"root_cause\":[{\"type\":\"index_not_found_exception\",\"reason\":\"no such index [jm-after-build-bug-fix-ssp-3495-f5_product_1]\",\"resource.type\":\"index_or_alias\",\"resource.id\":\"jm-after-build-bug-fix-ssp-3495-f5_product_1\",\"index_uuid\":\"_na_\",\"index\":\"jm-after-build-bug-fix-ssp-3495-f5_product_1\"}],\"type\":\"index_not_found_exception\",\"reason\":\"no such index [jm-after-build-bug-fix-ssp-3495-f5_product_1]\",\"resource.type\":\"index_or_alias\",\"resource.id\":\"jm-after-build-bug-fix-ssp-3495-f5_product_1\",\"index_uuid\":\"_na_\",\"index\":\"jm-after-build-bug-fix-ssp-3495-f5_product_1\"},\"status\":404}[404] (caught throwable) at /var/www/html/vendor/elasticsearch/elasticsearch/src/Elasticsearch/Connections/Connection.php line 685.","context":{"exception":{"class":"Elasticsearch\\Common\\Exceptions\\Missing404Exception","message":"{\"error\":{\"root_cause\":[{\"type\":\"index_not_found_exception\",\"reason\":\"no such index [jm-after-build-bug-fix-ssp-3495-f5_product_1]\",\"resource.type\":\"index_or_alias\",\"resource.id\":\"jm-after-build-bug-fix-ssp-3495-f5_product_1\",\"index_uuid\":\"_na_\",\"index\":\"jm-after-build-bug-fix-ssp-3495-f5_product_1\"}],\"type\":\"index_not_found_exception\",\"reason\":\"no such index [jm-after-build-bug-fix-ssp-3495-f5_product_1]\",\"resource.type\":\"index_or_alias\",\"resource.id\":\"jm-after-build-bug-fix-ssp-3495-f5_product_1\",\"index_uuid\":\"_na_\",\"index\":\"jm-after-build-bug-fix-ssp-3495-f5_product_1\"},\"status\":404}","code":404,"file":"/var/www/html/vendor/elasticsearch/elasticsearch/src/Elasticsearch/Connections/Connection.php:685"}},"level":500,"level_name":"CRITICAL","channel":"app","datetime":"2025-07-18T16:28:51.452527+00:00","extra":{}}
php-fpm-1  | {"message":"[GraphQL] Elasticsearch\\Common\\Exceptions\\Missing404Exception: {\"error\":{\"root_cause\":[{\"type\":\"index_not_found_exception\",\"reason\":\"no such index [jm-after-build-bug-fix-ssp-3495-f5_article_1]\",\"resource.type\":\"index_or_alias\",\"resource.id\":\"jm-after-build-bug-fix-ssp-3495-f5_article_1\",\"index_uuid\":\"_na_\",\"index\":\"jm-after-build-bug-fix-ssp-3495-f5_article_1\"}],\"type\":\"index_not_found_exception\",\"reason\":\"no such index [jm-after-build-bug-fix-ssp-3495-f5_article_1]\",\"resource.type\":\"index_or_alias\",\"resource.id\":\"jm-after-build-bug-fix-ssp-3495-f5_article_1\",\"index_uuid\":\"_na_\",\"index\":\"jm-after-build-bug-fix-ssp-3495-f5_article_1\"},\"status\":404}[404] (caught throwable) at /var/www/html/vendor/elasticsearch/elasticsearch/src/Elasticsearch/Connections/Connection.php line 685.","context":{"exception":{"class":"Elasticsearch\\Common\\Exceptions\\Missing404Exception","message":"{\"error\":{\"root_cause\":[{\"type\":\"index_not_found_exception\",\"reason\":\"no such index [jm-after-build-bug-fix-ssp-3495-f5_article_1]\",\"resource.type\":\"index_or_alias\",\"resource.id\":\"jm-after-build-bug-fix-ssp-3495-f5_article_1\",\"index_uuid\":\"_na_\",\"index\":\"jm-after-build-bug-fix-ssp-3495-f5_article_1\"}],\"type\":\"index_not_found_exception\",\"reason\":\"no such index [jm-after-build-bug-fix-ssp-3495-f5_article_1]\",\"resource.type\":\"index_or_alias\",\"resource.id\":\"jm-after-build-bug-fix-ssp-3495-f5_article_1\",\"index_uuid\":\"_na_\",\"index\":\"jm-after-build-bug-fix-ssp-3495-f5_article_1\"},\"status\":404}","code":404,"file":"/var/www/html/vendor/elasticsearch/elasticsearch/src/Elasticsearch/Connections/Connection.php:685"}},"level":500,"level_name":"CRITICAL","channel":"app","datetime":"2025-07-18T16:28:51.507546+00:00","extra":{}}
php-fpm-1  | {"message":"[GraphQL] Elasticsearch\\Common\\Exceptions\\Missing404Exception: {\"error\":{\"root_cause\":[{\"type\":\"index_not_found_exception\",\"reason\":\"no such index [jm-after-build-bug-fix-ssp-3495-f5_blog_article_1]\",\"resource.type\":\"index_or_alias\",\"resource.id\":\"jm-after-build-bug-fix-ssp-3495-f5_blog_article_1\",\"index_uuid\":\"_na_\",\"index\":\"jm-after-build-bug-fix-ssp-3495-f5_blog_article_1\"}],\"type\":\"index_not_found_exception\",\"reason\":\"no such index [jm-after-build-bug-fix-ssp-3495-f5_blog_article_1]\",\"resource.type\":\"index_or_alias\",\"resource.id\":\"jm-after-build-bug-fix-ssp-3495-f5_blog_article_1\",\"index_uuid\":\"_na_\",\"index\":\"jm-after-build-bug-fix-ssp-3495-f5_blog_article_1\"},\"status\":404}[404] (caught throwable) at /var/www/html/vendor/elasticsearch/elasticsearch/src/Elasticsearch/Connections/Connection.php line 685.","context":{"exception":{"class":"Elasticsearch\\Common\\Exceptions\\Missing404Exception","message":"{\"error\":{\"root_cause\":[{\"type\":\"index_not_found_exception\",\"reason\":\"no such index [jm-after-build-bug-fix-ssp-3495-f5_blog_article_1]\",\"resource.type\":\"index_or_alias\",\"resource.id\":\"jm-after-build-bug-fix-ssp-3495-f5_blog_article_1\",\"index_uuid\":\"_na_\",\"index\":\"jm-after-build-bug-fix-ssp-3495-f5_blog_article_1\"}],\"type\":\"index_not_found_exception\",\"reason\":\"no such index [jm-after-build-bug-fix-ssp-3495-f5_blog_article_1]\",\"resource.type\":\"index_or_alias\",\"resource.id\":\"jm-after-build-bug-fix-ssp-3495-f5_blog_article_1\",\"index_uuid\":\"_na_\",\"index\":\"jm-after-build-bug-fix-ssp-3495-f5_blog_article_1\"},\"status\":404}","code":404,"file":"/var/www/html/vendor/elasticsearch/elasticsearch/src/Elasticsearch/Connections/Connection.php:685"}},"level":500,"level_name":"CRITICAL","channel":"app","datetime":"2025-07-18T16:28:51.515166+00:00","extra":{}}
php-fpm-1  | resolveFriendlyUrl: 404 Not Found because friendly URL not found with slug (@vite/env) and domainId (1)
php-fpm-1  | {"message":"[GraphQL] Elasticsearch\\Common\\Exceptions\\Missing404Exception: {\"error\":{\"root_cause\":[{\"type\":\"index_not_found_exception\",\"reason\":\"no such index [jm-after-build-bug-fix-ssp-3495-f5_article_2]\",\"resource.type\":\"index_or_alias\",\"resource.id\":\"jm-after-build-bug-fix-ssp-3495-f5_article_2\",\"index_uuid\":\"_na_\",\"index\":\"jm-after-build-bug-fix-ssp-3495-f5_article_2\"}],\"type\":\"index_not_found_exception\",\"reason\":\"no such index [jm-after-build-bug-fix-ssp-3495-f5_article_2]\",\"resource.type\":\"index_or_alias\",\"resource.id\":\"jm-after-build-bug-fix-ssp-3495-f5_article_2\",\"index_uuid\":\"_na_\",\"index\":\"jm-after-build-bug-fix-ssp-3495-f5_article_2\"},\"status\":404}[404] (caught throwable) at /var/www/html/vendor/elasticsearch/elasticsearch/src/Elasticsearch/Connections/Connection.php line 685.","context":{"exception":{"class":"Elasticsearch\\Common\\Exceptions\\Missing404Exception","message":"{\"error\":{\"root_cause\":[{\"type\":\"index_not_found_exception\",\"reason\":\"no such index [jm-after-build-bug-fix-ssp-3495-f5_article_2]\",\"resource.type\":\"index_or_alias\",\"resource.id\":\"jm-after-build-bug-fix-ssp-3495-f5_article_2\",\"index_uuid\":\"_na_\",\"index\":\"jm-after-build-bug-fix-ssp-3495-f5_article_2\"}],\"type\":\"index_not_found_exception\",\"reason\":\"no such index [jm-after-build-bug-fix-ssp-3495-f5_article_2]\",\"resource.type\":\"index_or_alias\",\"resource.id\":\"jm-after-build-bug-fix-ssp-3495-f5_article_2\",\"index_uuid\":\"_na_\",\"index\":\"jm-after-build-bug-fix-ssp-3495-f5_article_2\"},\"status\":404}","code":404,"file":"/var/www/html/vendor/elasticsearch/elasticsearch/src/Elasticsearch/Connections/Connection.php:685"}},"level":500,"level_name":"CRITICAL","channel":"app","datetime":"2025-07-18T16:28:51.603175+00:00","extra":{}}
php-fpm-1  | {"message":"[GraphQL] Elasticsearch\\Common\\Exceptions\\Missing404Exception: {\"error\":{\"root_cause\":[{\"type\":\"index_not_found_exception\",\"reason\":\"no such index [jm-after-build-bug-fix-ssp-3495-f5_product_2]\",\"resource.type\":\"index_or_alias\",\"resource.id\":\"jm-after-build-bug-fix-ssp-3495-f5_product_2\",\"index_uuid\":\"_na_\",\"index\":\"jm-after-build-bug-fix-ssp-3495-f5_product_2\"}],\"type\":\"index_not_found_exception\",\"reason\":\"no such index [jm-after-build-bug-fix-ssp-3495-f5_product_2]\",\"resource.type\":\"index_or_alias\",\"resource.id\":\"jm-after-build-bug-fix-ssp-3495-f5_product_2\",\"index_uuid\":\"_na_\",\"index\":\"jm-after-build-bug-fix-ssp-3495-f5_product_2\"},\"status\":404}[404] (caught throwable) at /var/www/html/vendor/elasticsearch/elasticsearch/src/Elasticsearch/Connections/Connection.php line 685.","context":{"exception":{"class":"Elasticsearch\\Common\\Exceptions\\Missing404Exception","message":"{\"error\":{\"root_cause\":[{\"type\":\"index_not_found_exception\",\"reason\":\"no such index [jm-after-build-bug-fix-ssp-3495-f5_product_2]\",\"resource.type\":\"index_or_alias\",\"resource.id\":\"jm-after-build-bug-fix-ssp-3495-f5_product_2\",\"index_uuid\":\"_na_\",\"index\":\"jm-after-build-bug-fix-ssp-3495-f5_product_2\"}],\"type\":\"index_not_found_exception\",\"reason\":\"no such index [jm-after-build-bug-fix-ssp-3495-f5_product_2]\",\"resource.type\":\"index_or_alias\",\"resource.id\":\"jm-after-build-bug-fix-ssp-3495-f5_product_2\",\"index_uuid\":\"_na_\",\"index\":\"jm-after-build-bug-fix-ssp-3495-f5_product_2\"},\"status\":404}","code":404,"file":"/var/www/html/vendor/elasticsearch/elasticsearch/src/Elasticsearch/Connections/Connection.php:685"}},"level":500,"level_name":"CRITICAL","channel":"app","datetime":"2025-07-18T16:28:51.603600+00:00","extra":{}}
php-fpm-1  | {"message":"[GraphQL] Elasticsearch\\Common\\Exceptions\\Missing404Exception: {\"error\":{\"root_cause\":[{\"type\":\"index_not_found_exception\",\"reason\":\"no such index [jm-after-build-bug-fix-ssp-3495-f5_blog_article_2]\",\"resource.type\":\"index_or_alias\",\"resource.id\":\"jm-after-build-bug-fix-ssp-3495-f5_blog_article_2\",\"index_uuid\":\"_na_\",\"index\":\"jm-after-build-bug-fix-ssp-3495-f5_blog_article_2\"}],\"type\":\"index_not_found_exception\",\"reason\":\"no such index [jm-after-build-bug-fix-ssp-3495-f5_blog_article_2]\",\"resource.type\":\"index_or_alias\",\"resource.id\":\"jm-after-build-bug-fix-ssp-3495-f5_blog_article_2\",\"index_uuid\":\"_na_\",\"index\":\"jm-after-build-bug-fix-ssp-3495-f5_blog_article_2\"},\"status\":404}[404] (caught throwable) at /var/www/html/vendor/elasticsearch/elasticsearch/src/Elasticsearch/Connections/Connection.php line 685.","context":{"exception":{"class":"Elasticsearch\\Common\\Exceptions\\Missing404Exception","message":"{\"error\":{\"root_cause\":[{\"type\":\"index_not_found_exception\",\"reason\":\"no such index [jm-after-build-bug-fix-ssp-3495-f5_blog_article_2]\",\"resource.type\":\"index_or_alias\",\"resource.id\":\"jm-after-build-bug-fix-ssp-3495-f5_blog_article_2\",\"index_uuid\":\"_na_\",\"index\":\"jm-after-build-bug-fix-ssp-3495-f5_blog_article_2\"}],\"type\":\"index_not_found_exception\",\"reason\":\"no such index [jm-after-build-bug-fix-ssp-3495-f5_blog_article_2]\",\"resource.type\":\"index_or_alias\",\"resource.id\":\"jm-after-build-bug-fix-ssp-3495-f5_blog_article_2\",\"index_uuid\":\"_na_\",\"index\":\"jm-after-build-bug-fix-ssp-3495-f5_blog_article_2\"},\"status\":404}","code":404,"file":"/var/www/html/vendor/elasticsearch/elasticsearch/src/Elasticsearch/Connections/Connection.php:685"}},"level":500,"level_name":"CRITICAL","channel":"app","datetime":"2025-07-18T16:28:51.661514+00:00","extra":{}}
php-fpm-1  | {"message":"[GraphQL] Elasticsearch\\Common\\Exceptions\\Missing404Exception: {\"error\":{\"root_cause\":[{\"type\":\"index_not_found_exception\",\"reason\":\"no such index [jm-after-build-bug-fix-ssp-3495-f5_article_1]\",\"resource.type\":\"index_or_alias\",\"resource.id\":\"jm-after-build-bug-fix-ssp-3495-f5_article_1\",\"index_uuid\":\"_na_\",\"index\":\"jm-after-build-bug-fix-ssp-3495-f5_article_1\"}],\"type\":\"index_not_found_exception\",\"reason\":\"no such index [jm-after-build-bug-fix-ssp-3495-f5_article_1]\",\"resource.type\":\"index_or_alias\",\"resource.id\":\"jm-after-build-bug-fix-ssp-3495-f5_article_1\",\"index_uuid\":\"_na_\",\"index\":\"jm-after-build-bug-fix-ssp-3495-f5_article_1\"},\"status\":404}[404] (caught throwable) at /var/www/html/vendor/elasticsearch/elasticsearch/src/Elasticsearch/Connections/Connection.php line 685.","context":{"exception":{"class":"Elasticsearch\\Common\\Exceptions\\Missing404Exception","message":"{\"error\":{\"root_cause\":[{\"type\":\"index_not_found_exception\",\"reason\":\"no such index [jm-after-build-bug-fix-ssp-3495-f5_article_1]\",\"resource.type\":\"index_or_alias\",\"resource.id\":\"jm-after-build-bug-fix-ssp-3495-f5_article_1\",\"index_uuid\":\"_na_\",\"index\":\"jm-after-build-bug-fix-ssp-3495-f5_article_1\"}],\"type\":\"index_not_found_exception\",\"reason\":\"no such index [jm-after-build-bug-fix-ssp-3495-f5_article_1]\",\"resource.type\":\"index_or_alias\",\"resource.id\":\"jm-after-build-bug-fix-ssp-3495-f5_article_1\",\"index_uuid\":\"_na_\",\"index\":\"jm-after-build-bug-fix-ssp-3495-f5_article_1\"},\"status\":404}","code":404,"file":"/var/www/html/vendor/elasticsearch/elasticsearch/src/Elasticsearch/Connections/Connection.php:685"}},"level":500,"level_name":"CRITICAL","channel":"app","datetime":"2025-07-18T16:28:51.810981+00:00","extra":{}}
php-fpm-1  | resolveFriendlyUrl: 404 Not Found because friendly URL not found with slug (actuator/env) and domainId (1)
php-fpm-1  | {"message":"[GraphQL] Elasticsearch\\Common\\Exceptions\\Missing404Exception: {\"error\":{\"root_cause\":[{\"type\":\"index_not_found_exception\",\"reason\":\"no such index [jm-after-build-bug-fix-ssp-3495-f5_article_1]\",\"resource.type\":\"index_or_alias\",\"resource.id\":\"jm-after-build-bug-fix-ssp-3495-f5_article_1\",\"index_uuid\":\"_na_\",\"index\":\"jm-after-build-bug-fix-ssp-3495-f5_article_1\"}],\"type\":\"index_not_found_exception\",\"reason\":\"no such index [jm-after-build-bug-fix-ssp-3495-f5_article_1]\",\"resource.type\":\"index_or_alias\",\"resource.id\":\"jm-after-build-bug-fix-ssp-3495-f5_article_1\",\"index_uuid\":\"_na_\",\"index\":\"jm-after-build-bug-fix-ssp-3495-f5_article_1\"},\"status\":404}[404] (caught throwable) at /var/www/html/vendor/elasticsearch/elasticsearch/src/Elasticsearch/Connections/Connection.php line 685.","context":{"exception":{"class":"Elasticsearch\\Common\\Exceptions\\Missing404Exception","message":"{\"error\":{\"root_cause\":[{\"type\":\"index_not_found_exception\",\"reason\":\"no such index [jm-after-build-bug-fix-ssp-3495-f5_article_1]\",\"resource.type\":\"index_or_alias\",\"resource.id\":\"jm-after-build-bug-fix-ssp-3495-f5_article_1\",\"index_uuid\":\"_na_\",\"index\":\"jm-after-build-bug-fix-ssp-3495-f5_article_1\"}],\"type\":\"index_not_found_exception\",\"reason\":\"no such index [jm-after-build-bug-fix-ssp-3495-f5_article_1]\",\"resource.type\":\"index_or_alias\",\"resource.id\":\"jm-after-build-bug-fix-ssp-3495-f5_article_1\",\"index_uuid\":\"_na_\",\"index\":\"jm-after-build-bug-fix-ssp-3495-f5_article_1\"},\"status\":404}","code":404,"file":"/var/www/html/vendor/elasticsearch/elasticsearch/src/Elasticsearch/Connections/Connection.php:685"}},"level":500,"level_name":"CRITICAL","channel":"app","datetime":"2025-07-18T16:28:52.090706+00:00","extra":{}}
php-fpm-1  | resolveFriendlyUrl: 404 Not Found because friendly URL not found with slug (php-cgi/php-cgi.exe) and domainId (1)
php-fpm-1  | {"message":"[GraphQL] Elasticsearch\\Common\\Exceptions\\Missing404Exception: {\"error\":{\"root_cause\":[{\"type\":\"index_not_found_exception\",\"reason\":\"no such index [jm-after-build-bug-fix-ssp-3495-f5_article_1]\",\"resource.type\":\"index_or_alias\",\"resource.id\":\"jm-after-build-bug-fix-ssp-3495-f5_article_1\",\"index_uuid\":\"_na_\",\"index\":\"jm-after-build-bug-fix-ssp-3495-f5_article_1\"}],\"type\":\"index_not_found_exception\",\"reason\":\"no such index [jm-after-build-bug-fix-ssp-3495-f5_article_1]\",\"resource.type\":\"index_or_alias\",\"resource.id\":\"jm-after-build-bug-fix-ssp-3495-f5_article_1\",\"index_uuid\":\"_na_\",\"index\":\"jm-after-build-bug-fix-ssp-3495-f5_article_1\"},\"status\":404}[404] (caught throwable) at /var/www/html/vendor/elasticsearch/elasticsearch/src/Elasticsearch/Connections/Connection.php line 685.","context":{"exception":{"class":"Elasticsearch\\Common\\Exceptions\\Missing404Exception","message":"{\"error\":{\"root_cause\":[{\"type\":\"index_not_found_exception\",\"reason\":\"no such index [jm-after-build-bug-fix-ssp-3495-f5_article_1]\",\"resource.type\":\"index_or_alias\",\"resource.id\":\"jm-after-build-bug-fix-ssp-3495-f5_article_1\",\"index_uuid\":\"_na_\",\"index\":\"jm-after-build-bug-fix-ssp-3495-f5_article_1\"}],\"type\":\"index_not_found_exception\",\"reason\":\"no such index [jm-after-build-bug-fix-ssp-3495-f5_article_1]\",\"resource.type\":\"index_or_alias\",\"resource.id\":\"jm-after-build-bug-fix-ssp-3495-f5_article_1\",\"index_uuid\":\"_na_\",\"index\":\"jm-after-build-bug-fix-ssp-3495-f5_article_1\"},\"status\":404}","code":404,"file":"/var/www/html/vendor/elasticsearch/elasticsearch/src/Elasticsearch/Connections/Connection.php:685"}},"level":500,"level_name":"CRITICAL","channel":"app","datetime":"2025-07-18T16:28:52.437503+00:00","extra":{}}
php-fpm-1  | resolveFriendlyUrl: 404 Not Found because friendly URL not found with slug (server) and domainId (1)
php-fpm-1  | {"message":"[GraphQL] Elasticsearch\\Common\\Exceptions\\Missing404Exception: {\"error\":{\"root_cause\":[{\"type\":\"index_not_found_exception\",\"reason\":\"no such index [jm-after-build-bug-fix-ssp-3495-f5_article_1]\",\"resource.type\":\"index_or_alias\",\"resource.id\":\"jm-after-build-bug-fix-ssp-3495-f5_article_1\",\"index_uuid\":\"_na_\",\"index\":\"jm-after-build-bug-fix-ssp-3495-f5_article_1\"}],\"type\":\"index_not_found_exception\",\"reason\":\"no such index [jm-after-build-bug-fix-ssp-3495-f5_article_1]\",\"resource.type\":\"index_or_alias\",\"resource.id\":\"jm-after-build-bug-fix-ssp-3495-f5_article_1\",\"index_uuid\":\"_na_\",\"index\":\"jm-after-build-bug-fix-ssp-3495-f5_article_1\"},\"status\":404}[404] (caught throwable) at /var/www/html/vendor/elasticsearch/elasticsearch/src/Elasticsearch/Connections/Connection.php line 685.","context":{"exception":{"class":"Elasticsearch\\Common\\Exceptions\\Missing404Exception","message":"{\"error\":{\"root_cause\":[{\"type\":\"index_not_found_exception\",\"reason\":\"no such index [jm-after-build-bug-fix-ssp-3495-f5_article_1]\",\"resource.type\":\"index_or_alias\",\"resource.id\":\"jm-after-build-bug-fix-ssp-3495-f5_article_1\",\"index_uuid\":\"_na_\",\"index\":\"jm-after-build-bug-fix-ssp-3495-f5_article_1\"}],\"type\":\"index_not_found_exception\",\"reason\":\"no such index [jm-after-build-bug-fix-ssp-3495-f5_article_1]\",\"resource.type\":\"index_or_alias\",\"resource.id\":\"jm-after-build-bug-fix-ssp-3495-f5_article_1\",\"index_uuid\":\"_na_\",\"index\":\"jm-after-build-bug-fix-ssp-3495-f5_article_1\"},\"status\":404}","code":404,"file":"/var/www/html/vendor/elasticsearch/elasticsearch/src/Elasticsearch/Connections/Connection.php:685"}},"level":500,"level_name":"CRITICAL","channel":"app","datetime":"2025-07-18T16:28:52.843800+00:00","extra":{}}
php-fpm-1  | resolveFriendlyUrl: 404 Not Found because friendly URL not found with slug (.vscode/sftp.json) and domainId (1)
php-fpm-1  | {"message":"[GraphQL] Elasticsearch\\Common\\Exceptions\\Missing404Exception: {\"error\":{\"root_cause\":[{\"type\":\"index_not_found_exception\",\"reason\":\"no such index [jm-after-build-bug-fix-ssp-3495-f5_article_1]\",\"resource.type\":\"index_or_alias\",\"resource.id\":\"jm-after-build-bug-fix-ssp-3495-f5_article_1\",\"index_uuid\":\"_na_\",\"index\":\"jm-after-build-bug-fix-ssp-3495-f5_article_1\"}],\"type\":\"index_not_found_exception\",\"reason\":\"no such index [jm-after-build-bug-fix-ssp-3495-f5_article_1]\",\"resource.type\":\"index_or_alias\",\"resource.id\":\"jm-after-build-bug-fix-ssp-3495-f5_article_1\",\"index_uuid\":\"_na_\",\"index\":\"jm-after-build-bug-fix-ssp-3495-f5_article_1\"},\"status\":404}[404] (caught throwable) at /var/www/html/vendor/elasticsearch/elasticsearch/src/Elasticsearch/Connections/Connection.php line 685.","context":{"exception":{"class":"Elasticsearch\\Common\\Exceptions\\Missing404Exception","message":"{\"error\":{\"root_cause\":[{\"type\":\"index_not_found_exception\",\"reason\":\"no such index [jm-after-build-bug-fix-ssp-3495-f5_article_1]\",\"resource.type\":\"index_or_alias\",\"resource.id\":\"jm-after-build-bug-fix-ssp-3495-f5_article_1\",\"index_uuid\":\"_na_\",\"index\":\"jm-after-build-bug-fix-ssp-3495-f5_article_1\"}],\"type\":\"index_not_found_exception\",\"reason\":\"no such index [jm-after-build-bug-fix-ssp-3495-f5_article_1]\",\"resource.type\":\"index_or_alias\",\"resource.id\":\"jm-after-build-bug-fix-ssp-3495-f5_article_1\",\"index_uuid\":\"_na_\",\"index\":\"jm-after-build-bug-fix-ssp-3495-f5_article_1\"},\"status\":404}","code":404,"file":"/var/www/html/vendor/elasticsearch/elasticsearch/src/Elasticsearch/Connections/Connection.php:685"}},"level":500,"level_name":"CRITICAL","channel":"app","datetime":"2025-07-18T16:28:53.101619+00:00","extra":{}}
php-fpm-1  | resolveFriendlyUrl: 404 Not Found because friendly URL not found with slug (about) and domainId (1)
php-fpm-1  | {"message":"[GraphQL] Elasticsearch\\Common\\Exceptions\\Missing404Exception: {\"error\":{\"root_cause\":[{\"type\":\"index_not_found_exception\",\"reason\":\"no such index [jm-after-build-bug-fix-ssp-3495-f5_article_1]\",\"resource.type\":\"index_or_alias\",\"resource.id\":\"jm-after-build-bug-fix-ssp-3495-f5_article_1\",\"index_uuid\":\"_na_\",\"index\":\"jm-after-build-bug-fix-ssp-3495-f5_article_1\"}],\"type\":\"index_not_found_exception\",\"reason\":\"no such index [jm-after-build-bug-fix-ssp-3495-f5_article_1]\",\"resource.type\":\"index_or_alias\",\"resource.id\":\"jm-after-build-bug-fix-ssp-3495-f5_article_1\",\"index_uuid\":\"_na_\",\"index\":\"jm-after-build-bug-fix-ssp-3495-f5_article_1\"},\"status\":404}[404] (caught throwable) at /var/www/html/vendor/elasticsearch/elasticsearch/src/Elasticsearch/Connections/Connection.php line 685.","context":{"exception":{"class":"Elasticsearch\\Common\\Exceptions\\Missing404Exception","message":"{\"error\":{\"root_cause\":[{\"type\":\"index_not_found_exception\",\"reason\":\"no such index [jm-after-build-bug-fix-ssp-3495-f5_article_1]\",\"resource.type\":\"index_or_alias\",\"resource.id\":\"jm-after-build-bug-fix-ssp-3495-f5_article_1\",\"index_uuid\":\"_na_\",\"index\":\"jm-after-build-bug-fix-ssp-3495-f5_article_1\"}],\"type\":\"index_not_found_exception\",\"reason\":\"no such index [jm-after-build-bug-fix-ssp-3495-f5_article_1]\",\"resource.type\":\"index_or_alias\",\"resource.id\":\"jm-after-build-bug-fix-ssp-3495-f5_article_1\",\"index_uuid\":\"_na_\",\"index\":\"jm-after-build-bug-fix-ssp-3495-f5_article_1\"},\"status\":404}","code":404,"file":"/var/www/html/vendor/elasticsearch/elasticsearch/src/Elasticsearch/Connections/Connection.php:685"}},"level":500,"level_name":"CRITICAL","channel":"app","datetime":"2025-07-18T16:28:53.348646+00:00","extra":{}}
php-fpm-1  | resolveFriendlyUrl: 404 Not Found because friendly URL not found with slug (debug/default/view) and domainId (1)
php-fpm-1  | {"message":"[GraphQL] Elasticsearch\\Common\\Exceptions\\Missing404Exception: {\"error\":{\"root_cause\":[{\"type\":\"index_not_found_exception\",\"reason\":\"no such index [jm-after-build-bug-fix-ssp-3495-f5_product_2]\",\"resource.type\":\"index_or_alias\",\"resource.id\":\"jm-after-build-bug-fix-ssp-3495-f5_product_2\",\"index_uuid\":\"_na_\",\"index\":\"jm-after-build-bug-fix-ssp-3495-f5_product_2\"}],\"type\":\"index_not_found_exception\",\"reason\":\"no such index [jm-after-build-bug-fix-ssp-3495-f5_product_2]\",\"resource.type\":\"index_or_alias\",\"resource.id\":\"jm-after-build-bug-fix-ssp-3495-f5_product_2\",\"index_uuid\":\"_na_\",\"index\":\"jm-after-build-bug-fix-ssp-3495-f5_product_2\"},\"status\":404}[404] (caught throwable) at /var/www/html/vendor/elasticsearch/elasticsearch/src/Elasticsearch/Connections/Connection.php line 685.","context":{"exception":{"class":"Elasticsearch\\Common\\Exceptions\\Missing404Exception","message":"{\"error\":{\"root_cause\":[{\"type\":\"index_not_found_exception\",\"reason\":\"no such index [jm-after-build-bug-fix-ssp-3495-f5_product_2]\",\"resource.type\":\"index_or_alias\",\"resource.id\":\"jm-after-build-bug-fix-ssp-3495-f5_product_2\",\"index_uuid\":\"_na_\",\"index\":\"jm-after-build-bug-fix-ssp-3495-f5_product_2\"}],\"type\":\"index_not_found_exception\",\"reason\":\"no such index [jm-after-build-bug-fix-ssp-3495-f5_product_2]\",\"resource.type\":\"index_or_alias\",\"resource.id\":\"jm-after-build-bug-fix-ssp-3495-f5_product_2\",\"index_uuid\":\"_na_\",\"index\":\"jm-after-build-bug-fix-ssp-3495-f5_product_2\"},\"status\":404}","code":404,"file":"/var/www/html/vendor/elasticsearch/elasticsearch/src/Elasticsearch/Connections/Connection.php:685"}},"level":500,"level_name":"CRITICAL","channel":"app","datetime":"2025-07-18T16:28:53.631460+00:00","extra":{}}
php-fpm-1  | {"message":"[GraphQL] Elasticsearch\\Common\\Exceptions\\Missing404Exception: {\"error\":{\"root_cause\":[{\"type\":\"index_not_found_exception\",\"reason\":\"no such index [jm-after-build-bug-fix-ssp-3495-f5_article_2]\",\"resource.type\":\"index_or_alias\",\"resource.id\":\"jm-after-build-bug-fix-ssp-3495-f5_article_2\",\"index_uuid\":\"_na_\",\"index\":\"jm-after-build-bug-fix-ssp-3495-f5_article_2\"}],\"type\":\"index_not_found_exception\",\"reason\":\"no such index [jm-after-build-bug-fix-ssp-3495-f5_article_2]\",\"resource.type\":\"index_or_alias\",\"resource.id\":\"jm-after-build-bug-fix-ssp-3495-f5_article_2\",\"index_uuid\":\"_na_\",\"index\":\"jm-after-build-bug-fix-ssp-3495-f5_article_2\"},\"status\":404}[404] (caught throwable) at /var/www/html/vendor/elasticsearch/elasticsearch/src/Elasticsearch/Connections/Connection.php line 685.","context":{"exception":{"class":"Elasticsearch\\Common\\Exceptions\\Missing404Exception","message":"{\"error\":{\"root_cause\":[{\"type\":\"index_not_found_exception\",\"reason\":\"no such index [jm-after-build-bug-fix-ssp-3495-f5_article_2]\",\"resource.type\":\"index_or_alias\",\"resource.id\":\"jm-after-build-bug-fix-ssp-3495-f5_article_2\",\"index_uuid\":\"_na_\",\"index\":\"jm-after-build-bug-fix-ssp-3495-f5_article_2\"}],\"type\":\"index_not_found_exception\",\"reason\":\"no such index [jm-after-build-bug-fix-ssp-3495-f5_article_2]\",\"resource.type\":\"index_or_alias\",\"resource.id\":\"jm-after-build-bug-fix-ssp-3495-f5_article_2\",\"index_uuid\":\"_na_\",\"index\":\"jm-after-build-bug-fix-ssp-3495-f5_article_2\"},\"status\":404}","code":404,"file":"/var/www/html/vendor/elasticsearch/elasticsearch/src/Elasticsearch/Connections/Connection.php:685"}},"level":500,"level_name":"CRITICAL","channel":"app","datetime":"2025-07-18T16:28:53.687416+00:00","extra":{}}
php-fpm-1  | {"message":"[GraphQL] Elasticsearch\\Common\\Exceptions\\Missing404Exception: {\"error\":{\"root_cause\":[{\"type\":\"index_not_found_exception\",\"reason\":\"no such index [jm-after-build-bug-fix-ssp-3495-f5_blog_article_2]\",\"resource.type\":\"index_or_alias\",\"resource.id\":\"jm-after-build-bug-fix-ssp-3495-f5_blog_article_2\",\"index_uuid\":\"_na_\",\"index\":\"jm-after-build-bug-fix-ssp-3495-f5_blog_article_2\"}],\"type\":\"index_not_found_exception\",\"reason\":\"no such index [jm-after-build-bug-fix-ssp-3495-f5_blog_article_2]\",\"resource.type\":\"index_or_alias\",\"resource.id\":\"jm-after-build-bug-fix-ssp-3495-f5_blog_article_2\",\"index_uuid\":\"_na_\",\"index\":\"jm-after-build-bug-fix-ssp-3495-f5_blog_article_2\"},\"status\":404}[404] (caught throwable) at /var/www/html/vendor/elasticsearch/elasticsearch/src/Elasticsearch/Connections/Connection.php line 685.","context":{"exception":{"class":"Elasticsearch\\Common\\Exceptions\\Missing404Exception","message":"{\"error\":{\"root_cause\":[{\"type\":\"index_not_found_exception\",\"reason\":\"no such index [jm-after-build-bug-fix-ssp-3495-f5_blog_article_2]\",\"resource.type\":\"index_or_alias\",\"resource.id\":\"jm-after-build-bug-fix-ssp-3495-f5_blog_article_2\",\"index_uuid\":\"_na_\",\"index\":\"jm-after-build-bug-fix-ssp-3495-f5_blog_article_2\"}],\"type\":\"index_not_found_exception\",\"reason\":\"no such index [jm-after-build-bug-fix-ssp-3495-f5_blog_article_2]\",\"resource.type\":\"index_or_alias\",\"resource.id\":\"jm-after-build-bug-fix-ssp-3495-f5_blog_article_2\",\"index_uuid\":\"_na_\",\"index\":\"jm-after-build-bug-fix-ssp-3495-f5_blog_article_2\"},\"status\":404}","code":404,"file":"/var/www/html/vendor/elasticsearch/elasticsearch/src/Elasticsearch/Connections/Connection.php:685"}},"level":500,"level_name":"CRITICAL","channel":"app","datetime":"2025-07-18T16:28:53.695184+00:00","extra":{}}
php-fpm-1  | {"message":"[GraphQL] Elasticsearch\\Common\\Exceptions\\Missing404Exception: {\"error\":{\"root_cause\":[{\"type\":\"index_not_found_exception\",\"reason\":\"no such index [jm-after-build-bug-fix-ssp-3495-f5_article_1]\",\"resource.type\":\"index_or_alias\",\"resource.id\":\"jm-after-build-bug-fix-ssp-3495-f5_article_1\",\"index_uuid\":\"_na_\",\"index\":\"jm-after-build-bug-fix-ssp-3495-f5_article_1\"}],\"type\":\"index_not_found_exception\",\"reason\":\"no such index [jm-after-build-bug-fix-ssp-3495-f5_article_1]\",\"resource.type\":\"index_or_alias\",\"resource.id\":\"jm-after-build-bug-fix-ssp-3495-f5_article_1\",\"index_uuid\":\"_na_\",\"index\":\"jm-after-build-bug-fix-ssp-3495-f5_article_1\"},\"status\":404}[404] (caught throwable) at /var/www/html/vendor/elasticsearch/elasticsearch/src/Elasticsearch/Connections/Connection.php line 685.","context":{"exception":{"class":"Elasticsearch\\Common\\Exceptions\\Missing404Exception","message":"{\"error\":{\"root_cause\":[{\"type\":\"index_not_found_exception\",\"reason\":\"no such index [jm-after-build-bug-fix-ssp-3495-f5_article_1]\",\"resource.type\":\"index_or_alias\",\"resource.id\":\"jm-after-build-bug-fix-ssp-3495-f5_article_1\",\"index_uuid\":\"_na_\",\"index\":\"jm-after-build-bug-fix-ssp-3495-f5_article_1\"}],\"type\":\"index_not_found_exception\",\"reason\":\"no such index [jm-after-build-bug-fix-ssp-3495-f5_article_1]\",\"resource.type\":\"index_or_alias\",\"resource.id\":\"jm-after-build-bug-fix-ssp-3495-f5_article_1\",\"index_uuid\":\"_na_\",\"index\":\"jm-after-build-bug-fix-ssp-3495-f5_article_1\"},\"status\":404}","code":404,"file":"/var/www/html/vendor/elasticsearch/elasticsearch/src/Elasticsearch/Connections/Connection.php:685"}},"level":500,"level_name":"CRITICAL","channel":"app","datetime":"2025-07-18T16:28:53.772644+00:00","extra":{}}
php-fpm-1  | resolveFriendlyUrl: 404 Not Found because friendly URL not found with slug (v2/_catalog) and domainId (1)
php-fpm-1  | {"message":"[GraphQL] Elasticsearch\\Common\\Exceptions\\Missing404Exception: {\"error\":{\"root_cause\":[{\"type\":\"index_not_found_exception\",\"reason\":\"no such index [jm-after-build-bug-fix-ssp-3495-f5_article_1]\",\"resource.type\":\"index_or_alias\",\"resource.id\":\"jm-after-build-bug-fix-ssp-3495-f5_article_1\",\"index_uuid\":\"_na_\",\"index\":\"jm-after-build-bug-fix-ssp-3495-f5_article_1\"}],\"type\":\"index_not_found_exception\",\"reason\":\"no such index [jm-after-build-bug-fix-ssp-3495-f5_article_1]\",\"resource.type\":\"index_or_alias\",\"resource.id\":\"jm-after-build-bug-fix-ssp-3495-f5_article_1\",\"index_uuid\":\"_na_\",\"index\":\"jm-after-build-bug-fix-ssp-3495-f5_article_1\"},\"status\":404}[404] (caught throwable) at /var/www/html/vendor/elasticsearch/elasticsearch/src/Elasticsearch/Connections/Connection.php line 685.","context":{"exception":{"class":"Elasticsearch\\Common\\Exceptions\\Missing404Exception","message":"{\"error\":{\"root_cause\":[{\"type\":\"index_not_found_exception\",\"reason\":\"no such index [jm-after-build-bug-fix-ssp-3495-f5_article_1]\",\"resource.type\":\"index_or_alias\",\"resource.id\":\"jm-after-build-bug-fix-ssp-3495-f5_article_1\",\"index_uuid\":\"_na_\",\"index\":\"jm-after-build-bug-fix-ssp-3495-f5_article_1\"}],\"type\":\"index_not_found_exception\",\"reason\":\"no such index [jm-after-build-bug-fix-ssp-3495-f5_article_1]\",\"resource.type\":\"index_or_alias\",\"resource.id\":\"jm-after-build-bug-fix-ssp-3495-f5_article_1\",\"index_uuid\":\"_na_\",\"index\":\"jm-after-build-bug-fix-ssp-3495-f5_article_1\"},\"status\":404}","code":404,"file":"/var/www/html/vendor/elasticsearch/elasticsearch/src/Elasticsearch/Connections/Connection.php:685"}},"level":500,"level_name":"CRITICAL","channel":"app","datetime":"2025-07-18T16:28:54.063260+00:00","extra":{}}
php-fpm-1  | resolveFriendlyUrl: 404 Not Found because friendly URL not found with slug (ecp/Current/exporttool/microsoft.exchange.ediscovery.exporttool.application) and domainId (1)
php-fpm-1  | {"message":"[GraphQL] Elasticsearch\\Common\\Exceptions\\Missing404Exception: {\"error\":{\"root_cause\":[{\"type\":\"index_not_found_exception\",\"reason\":\"no such index [jm-after-build-bug-fix-ssp-3495-f5_article_1]\",\"resource.type\":\"index_or_alias\",\"resource.id\":\"jm-after-build-bug-fix-ssp-3495-f5_article_1\",\"index_uuid\":\"_na_\",\"index\":\"jm-after-build-bug-fix-ssp-3495-f5_article_1\"}],\"type\":\"index_not_found_exception\",\"reason\":\"no such index [jm-after-build-bug-fix-ssp-3495-f5_article_1]\",\"resource.type\":\"index_or_alias\",\"resource.id\":\"jm-after-build-bug-fix-ssp-3495-f5_article_1\",\"index_uuid\":\"_na_\",\"index\":\"jm-after-build-bug-fix-ssp-3495-f5_article_1\"},\"status\":404}[404] (caught throwable) at /var/www/html/vendor/elasticsearch/elasticsearch/src/Elasticsearch/Connections/Connection.php line 685.","context":{"exception":{"class":"Elasticsearch\\Common\\Exceptions\\Missing404Exception","message":"{\"error\":{\"root_cause\":[{\"type\":\"index_not_found_exception\",\"reason\":\"no such index [jm-after-build-bug-fix-ssp-3495-f5_article_1]\",\"resource.type\":\"index_or_alias\",\"resource.id\":\"jm-after-build-bug-fix-ssp-3495-f5_article_1\",\"index_uuid\":\"_na_\",\"index\":\"jm-after-build-bug-fix-ssp-3495-f5_article_1\"}],\"type\":\"index_not_found_exception\",\"reason\":\"no such index [jm-after-build-bug-fix-ssp-3495-f5_article_1]\",\"resource.type\":\"index_or_alias\",\"resource.id\":\"jm-after-build-bug-fix-ssp-3495-f5_article_1\",\"index_uuid\":\"_na_\",\"index\":\"jm-after-build-bug-fix-ssp-3495-f5_article_1\"},\"status\":404}","code":404,"file":"/var/www/html/vendor/elasticsearch/elasticsearch/src/Elasticsearch/Connections/Connection.php:685"}},"level":500,"level_name":"CRITICAL","channel":"app","datetime":"2025-07-18T16:28:54.326057+00:00","extra":{}}
php-fpm-1  | resolveFriendlyUrl: 404 Not Found because friendly URL not found with slug (@vite/env) and domainId (2)
php-fpm-1  | resolveFriendlyUrl: 404 Not Found because friendly URL not found with slug (server-status) and domainId (1)
php-fpm-1  | {"message":"[GraphQL] Elasticsearch\\Common\\Exceptions\\Missing404Exception: {\"error\":{\"root_cause\":[{\"type\":\"index_not_found_exception\",\"reason\":\"no such index [jm-after-build-bug-fix-ssp-3495-f5_article_2]\",\"resource.type\":\"index_or_alias\",\"resource.id\":\"jm-after-build-bug-fix-ssp-3495-f5_article_2\",\"index_uuid\":\"_na_\",\"index\":\"jm-after-build-bug-fix-ssp-3495-f5_article_2\"}],\"type\":\"index_not_found_exception\",\"reason\":\"no such index [jm-after-build-bug-fix-ssp-3495-f5_article_2]\",\"resource.type\":\"index_or_alias\",\"resource.id\":\"jm-after-build-bug-fix-ssp-3495-f5_article_2\",\"index_uuid\":\"_na_\",\"index\":\"jm-after-build-bug-fix-ssp-3495-f5_article_2\"},\"status\":404}[404] (caught throwable) at /var/www/html/vendor/elasticsearch/elasticsearch/src/Elasticsearch/Connections/Connection.php line 685.","context":{"exception":{"class":"Elasticsearch\\Common\\Exceptions\\Missing404Exception","message":"{\"error\":{\"root_cause\":[{\"type\":\"index_not_found_exception\",\"reason\":\"no such index [jm-after-build-bug-fix-ssp-3495-f5_article_2]\",\"resource.type\":\"index_or_alias\",\"resource.id\":\"jm-after-build-bug-fix-ssp-3495-f5_article_2\",\"index_uuid\":\"_na_\",\"index\":\"jm-after-build-bug-fix-ssp-3495-f5_article_2\"}],\"type\":\"index_not_found_exception\",\"reason\":\"no such index [jm-after-build-bug-fix-ssp-3495-f5_article_2]\",\"resource.type\":\"index_or_alias\",\"resource.id\":\"jm-after-build-bug-fix-ssp-3495-f5_article_2\",\"index_uuid\":\"_na_\",\"index\":\"jm-after-build-bug-fix-ssp-3495-f5_article_2\"},\"status\":404}","code":404,"file":"/var/www/html/vendor/elasticsearch/elasticsearch/src/Elasticsearch/Connections/Connection.php:685"}},"level":500,"level_name":"CRITICAL","channel":"app","datetime":"2025-07-18T16:28:54.489466+00:00","extra":{}}
php-fpm-1  | {"message":"[GraphQL] Elasticsearch\\Common\\Exceptions\\Missing404Exception: {\"error\":{\"root_cause\":[{\"type\":\"index_not_found_exception\",\"reason\":\"no such index [jm-after-build-bug-fix-ssp-3495-f5_article_1]\",\"resource.type\":\"index_or_alias\",\"resource.id\":\"jm-after-build-bug-fix-ssp-3495-f5_article_1\",\"index_uuid\":\"_na_\",\"index\":\"jm-after-build-bug-fix-ssp-3495-f5_article_1\"}],\"type\":\"index_not_found_exception\",\"reason\":\"no such index [jm-after-build-bug-fix-ssp-3495-f5_article_1]\",\"resource.type\":\"index_or_alias\",\"resource.id\":\"jm-after-build-bug-fix-ssp-3495-f5_article_1\",\"index_uuid\":\"_na_\",\"index\":\"jm-after-build-bug-fix-ssp-3495-f5_article_1\"},\"status\":404}[404] (caught throwable) at /var/www/html/vendor/elasticsearch/elasticsearch/src/Elasticsearch/Connections/Connection.php line 685.","context":{"exception":{"class":"Elasticsearch\\Common\\Exceptions\\Missing404Exception","message":"{\"error\":{\"root_cause\":[{\"type\":\"index_not_found_exception\",\"reason\":\"no such index [jm-after-build-bug-fix-ssp-3495-f5_article_1]\",\"resource.type\":\"index_or_alias\",\"resource.id\":\"jm-after-build-bug-fix-ssp-3495-f5_article_1\",\"index_uuid\":\"_na_\",\"index\":\"jm-after-build-bug-fix-ssp-3495-f5_article_1\"}],\"type\":\"index_not_found_exception\",\"reason\":\"no such index [jm-after-build-bug-fix-ssp-3495-f5_article_1]\",\"resource.type\":\"index_or_alias\",\"resource.id\":\"jm-after-build-bug-fix-ssp-3495-f5_article_1\",\"index_uuid\":\"_na_\",\"index\":\"jm-after-build-bug-fix-ssp-3495-f5_article_1\"},\"status\":404}","code":404,"file":"/var/www/html/vendor/elasticsearch/elasticsearch/src/Elasticsearch/Connections/Connection.php:685"}},"level":500,"level_name":"CRITICAL","channel":"app","datetime":"2025-07-18T16:28:54.630134+00:00","extra":{}}
php-fpm-1  | resolveFriendlyUrl: 404 Not Found because friendly URL not found with slug (login.action) and domainId (1)
php-fpm-1  | {"message":"[GraphQL] Elasticsearch\\Common\\Exceptions\\Missing404Exception: {\"error\":{\"root_cause\":[{\"type\":\"index_not_found_exception\",\"reason\":\"no such index [jm-after-build-bug-fix-ssp-3495-f5_article_1]\",\"resource.type\":\"index_or_alias\",\"resource.id\":\"jm-after-build-bug-fix-ssp-3495-f5_article_1\",\"index_uuid\":\"_na_\",\"index\":\"jm-after-build-bug-fix-ssp-3495-f5_article_1\"}],\"type\":\"index_not_found_exception\",\"reason\":\"no such index [jm-after-build-bug-fix-ssp-3495-f5_article_1]\",\"resource.type\":\"index_or_alias\",\"resource.id\":\"jm-after-build-bug-fix-ssp-3495-f5_article_1\",\"index_uuid\":\"_na_\",\"index\":\"jm-after-build-bug-fix-ssp-3495-f5_article_1\"},\"status\":404}[404] (caught throwable) at /var/www/html/vendor/elasticsearch/elasticsearch/src/Elasticsearch/Connections/Connection.php line 685.","context":{"exception":{"class":"Elasticsearch\\Common\\Exceptions\\Missing404Exception","message":"{\"error\":{\"root_cause\":[{\"type\":\"index_not_found_exception\",\"reason\":\"no such index [jm-after-build-bug-fix-ssp-3495-f5_article_1]\",\"resource.type\":\"index_or_alias\",\"resource.id\":\"jm-after-build-bug-fix-ssp-3495-f5_article_1\",\"index_uuid\":\"_na_\",\"index\":\"jm-after-build-bug-fix-ssp-3495-f5_article_1\"}],\"type\":\"index_not_found_exception\",\"reason\":\"no such index [jm-after-build-bug-fix-ssp-3495-f5_article_1]\",\"resource.type\":\"index_or_alias\",\"resource.id\":\"jm-after-build-bug-fix-ssp-3495-f5_article_1\",\"index_uuid\":\"_na_\",\"index\":\"jm-after-build-bug-fix-ssp-3495-f5_article_1\"},\"status\":404}","code":404,"file":"/var/www/html/vendor/elasticsearch/elasticsearch/src/Elasticsearch/Connections/Connection.php:685"}},"level":500,"level_name":"CRITICAL","channel":"app","datetime":"2025-07-18T16:28:54.880232+00:00","extra":{}}
php-fpm-1  | resolveFriendlyUrl: 404 Not Found because friendly URL not found with slug (actuator/env) and domainId (2)
php-fpm-1  | resolveFriendlyUrl: 404 Not Found because friendly URL not found with slug (_all_dbs) and domainId (1)
php-fpm-1  | {"message":"[GraphQL] Elasticsearch\\Common\\Exceptions\\Missing404Exception: {\"error\":{\"root_cause\":[{\"type\":\"index_not_found_exception\",\"reason\":\"no such index [jm-after-build-bug-fix-ssp-3495-f5_article_2]\",\"resource.type\":\"index_or_alias\",\"resource.id\":\"jm-after-build-bug-fix-ssp-3495-f5_article_2\",\"index_uuid\":\"_na_\",\"index\":\"jm-after-build-bug-fix-ssp-3495-f5_article_2\"}],\"type\":\"index_not_found_exception\",\"reason\":\"no such index [jm-after-build-bug-fix-ssp-3495-f5_article_2]\",\"resource.type\":\"index_or_alias\",\"resource.id\":\"jm-after-build-bug-fix-ssp-3495-f5_article_2\",\"index_uuid\":\"_na_\",\"index\":\"jm-after-build-bug-fix-ssp-3495-f5_article_2\"},\"status\":404}[404] (caught throwable) at /var/www/html/vendor/elasticsearch/elasticsearch/src/Elasticsearch/Connections/Connection.php line 685.","context":{"exception":{"class":"Elasticsearch\\Common\\Exceptions\\Missing404Exception","message":"{\"error\":{\"root_cause\":[{\"type\":\"index_not_found_exception\",\"reason\":\"no such index [jm-after-build-bug-fix-ssp-3495-f5_article_2]\",\"resource.type\":\"index_or_alias\",\"resource.id\":\"jm-after-build-bug-fix-ssp-3495-f5_article_2\",\"index_uuid\":\"_na_\",\"index\":\"jm-after-build-bug-fix-ssp-3495-f5_article_2\"}],\"type\":\"index_not_found_exception\",\"reason\":\"no such index [jm-after-build-bug-fix-ssp-3495-f5_article_2]\",\"resource.type\":\"index_or_alias\",\"resource.id\":\"jm-after-build-bug-fix-ssp-3495-f5_article_2\",\"index_uuid\":\"_na_\",\"index\":\"jm-after-build-bug-fix-ssp-3495-f5_article_2\"},\"status\":404}","code":404,"file":"/var/www/html/vendor/elasticsearch/elasticsearch/src/Elasticsearch/Connections/Connection.php:685"}},"level":500,"level_name":"CRITICAL","channel":"app","datetime":"2025-07-18T16:28:55.161705+00:00","extra":{}}
php-fpm-1  | {"message":"[GraphQL] Elasticsearch\\Common\\Exceptions\\Missing404Exception: {\"error\":{\"root_cause\":[{\"type\":\"index_not_found_exception\",\"reason\":\"no such index [jm-after-build-bug-fix-ssp-3495-f5_article_1]\",\"resource.type\":\"index_or_alias\",\"resource.id\":\"jm-after-build-bug-fix-ssp-3495-f5_article_1\",\"index_uuid\":\"_na_\",\"index\":\"jm-after-build-bug-fix-ssp-3495-f5_article_1\"}],\"type\":\"index_not_found_exception\",\"reason\":\"no such index [jm-after-build-bug-fix-ssp-3495-f5_article_1]\",\"resource.type\":\"index_or_alias\",\"resource.id\":\"jm-after-build-bug-fix-ssp-3495-f5_article_1\",\"index_uuid\":\"_na_\",\"index\":\"jm-after-build-bug-fix-ssp-3495-f5_article_1\"},\"status\":404}[404] (caught throwable) at /var/www/html/vendor/elasticsearch/elasticsearch/src/Elasticsearch/Connections/Connection.php line 685.","context":{"exception":{"class":"Elasticsearch\\Common\\Exceptions\\Missing404Exception","message":"{\"error\":{\"root_cause\":[{\"type\":\"index_not_found_exception\",\"reason\":\"no such index [jm-after-build-bug-fix-ssp-3495-f5_article_1]\",\"resource.type\":\"index_or_alias\",\"resource.id\":\"jm-after-build-bug-fix-ssp-3495-f5_article_1\",\"index_uuid\":\"_na_\",\"index\":\"jm-after-build-bug-fix-ssp-3495-f5_article_1\"}],\"type\":\"index_not_found_exception\",\"reason\":\"no such index [jm-after-build-bug-fix-ssp-3495-f5_article_1]\",\"resource.type\":\"index_or_alias\",\"resource.id\":\"jm-after-build-bug-fix-ssp-3495-f5_article_1\",\"index_uuid\":\"_na_\",\"index\":\"jm-after-build-bug-fix-ssp-3495-f5_article_1\"},\"status\":404}","code":404,"file":"/var/www/html/vendor/elasticsearch/elasticsearch/src/Elasticsearch/Connections/Connection.php:685"}},"level":500,"level_name":"CRITICAL","channel":"app","datetime":"2025-07-18T16:28:55.219653+00:00","extra":{}}
php-fpm-1  | resolveFriendlyUrl: 404 Not Found because friendly URL not found with slug (.DS_Store) and domainId (1)
php-fpm-1  | {"message":"[GraphQL] Elasticsearch\\Common\\Exceptions\\Missing404Exception: {\"error\":{\"root_cause\":[{\"type\":\"index_not_found_exception\",\"reason\":\"no such index [jm-after-build-bug-fix-ssp-3495-f5_article_1]\",\"resource.type\":\"index_or_alias\",\"resource.id\":\"jm-after-build-bug-fix-ssp-3495-f5_article_1\",\"index_uuid\":\"_na_\",\"index\":\"jm-after-build-bug-fix-ssp-3495-f5_article_1\"}],\"type\":\"index_not_found_exception\",\"reason\":\"no such index [jm-after-build-bug-fix-ssp-3495-f5_article_1]\",\"resource.type\":\"index_or_alias\",\"resource.id\":\"jm-after-build-bug-fix-ssp-3495-f5_article_1\",\"index_uuid\":\"_na_\",\"index\":\"jm-after-build-bug-fix-ssp-3495-f5_article_1\"},\"status\":404}[404] (caught throwable) at /var/www/html/vendor/elasticsearch/elasticsearch/src/Elasticsearch/Connections/Connection.php line 685.","context":{"exception":{"class":"Elasticsearch\\Common\\Exceptions\\Missing404Exception","message":"{\"error\":{\"root_cause\":[{\"type\":\"index_not_found_exception\",\"reason\":\"no such index [jm-after-build-bug-fix-ssp-3495-f5_article_1]\",\"resource.type\":\"index_or_alias\",\"resource.id\":\"jm-after-build-bug-fix-ssp-3495-f5_article_1\",\"index_uuid\":\"_na_\",\"index\":\"jm-after-build-bug-fix-ssp-3495-f5_article_1\"}],\"type\":\"index_not_found_exception\",\"reason\":\"no such index [jm-after-build-bug-fix-ssp-3495-f5_article_1]\",\"resource.type\":\"index_or_alias\",\"resource.id\":\"jm-after-build-bug-fix-ssp-3495-f5_article_1\",\"index_uuid\":\"_na_\",\"index\":\"jm-after-build-bug-fix-ssp-3495-f5_article_1\"},\"status\":404}","code":404,"file":"/var/www/html/vendor/elasticsearch/elasticsearch/src/Elasticsearch/Connections/Connection.php:685"}},"level":500,"level_name":"CRITICAL","channel":"app","datetime":"2025-07-18T16:28:55.463518+00:00","extra":{}}
php-fpm-1  | resolveFriendlyUrl: 404 Not Found because friendly URL not found with slug (php-cgi/php-cgi.exe) and domainId (2)
php-fpm-1  | {"message":"[GraphQL] Elasticsearch\\Common\\Exceptions\\Missing404Exception: {\"error\":{\"root_cause\":[{\"type\":\"index_not_found_exception\",\"reason\":\"no such index [jm-after-build-bug-fix-ssp-3495-f5_article_2]\",\"resource.type\":\"index_or_alias\",\"resource.id\":\"jm-after-build-bug-fix-ssp-3495-f5_article_2\",\"index_uuid\":\"_na_\",\"index\":\"jm-after-build-bug-fix-ssp-3495-f5_article_2\"}],\"type\":\"index_not_found_exception\",\"reason\":\"no such index [jm-after-build-bug-fix-ssp-3495-f5_article_2]\",\"resource.type\":\"index_or_alias\",\"resource.id\":\"jm-after-build-bug-fix-ssp-3495-f5_article_2\",\"index_uuid\":\"_na_\",\"index\":\"jm-after-build-bug-fix-ssp-3495-f5_article_2\"},\"status\":404}[404] (caught throwable) at /var/www/html/vendor/elasticsearch/elasticsearch/src/Elasticsearch/Connections/Connection.php line 685.","context":{"exception":{"class":"Elasticsearch\\Common\\Exceptions\\Missing404Exception","message":"{\"error\":{\"root_cause\":[{\"type\":\"index_not_found_exception\",\"reason\":\"no such index [jm-after-build-bug-fix-ssp-3495-f5_article_2]\",\"resource.type\":\"index_or_alias\",\"resource.id\":\"jm-after-build-bug-fix-ssp-3495-f5_article_2\",\"index_uuid\":\"_na_\",\"index\":\"jm-after-build-bug-fix-ssp-3495-f5_article_2\"}],\"type\":\"index_not_found_exception\",\"reason\":\"no such index [jm-after-build-bug-fix-ssp-3495-f5_article_2]\",\"resource.type\":\"index_or_alias\",\"resource.id\":\"jm-after-build-bug-fix-ssp-3495-f5_article_2\",\"index_uuid\":\"_na_\",\"index\":\"jm-after-build-bug-fix-ssp-3495-f5_article_2\"},\"status\":404}","code":404,"file":"/var/www/html/vendor/elasticsearch/elasticsearch/src/Elasticsearch/Connections/Connection.php:685"}},"level":500,"level_name":"CRITICAL","channel":"app","datetime":"2025-07-18T16:28:55.662855+00:00","extra":{}}
php-fpm-1  | resolveFriendlyUrl: 404 Not Found because friendly URL not found with slug (.env) and domainId (1)
php-fpm-1  | {"message":"[GraphQL] Elasticsearch\\Common\\Exceptions\\Missing404Exception: {\"error\":{\"root_cause\":[{\"type\":\"index_not_found_exception\",\"reason\":\"no such index [jm-after-build-bug-fix-ssp-3495-f5_article_1]\",\"resource.type\":\"index_or_alias\",\"resource.id\":\"jm-after-build-bug-fix-ssp-3495-f5_article_1\",\"index_uuid\":\"_na_\",\"index\":\"jm-after-build-bug-fix-ssp-3495-f5_article_1\"}],\"type\":\"index_not_found_exception\",\"reason\":\"no such index [jm-after-build-bug-fix-ssp-3495-f5_article_1]\",\"resource.type\":\"index_or_alias\",\"resource.id\":\"jm-after-build-bug-fix-ssp-3495-f5_article_1\",\"index_uuid\":\"_na_\",\"index\":\"jm-after-build-bug-fix-ssp-3495-f5_article_1\"},\"status\":404}[404] (caught throwable) at /var/www/html/vendor/elasticsearch/elasticsearch/src/Elasticsearch/Connections/Connection.php line 685.","context":{"exception":{"class":"Elasticsearch\\Common\\Exceptions\\Missing404Exception","message":"{\"error\":{\"root_cause\":[{\"type\":\"index_not_found_exception\",\"reason\":\"no such index [jm-after-build-bug-fix-ssp-3495-f5_article_1]\",\"resource.type\":\"index_or_alias\",\"resource.id\":\"jm-after-build-bug-fix-ssp-3495-f5_article_1\",\"index_uuid\":\"_na_\",\"index\":\"jm-after-build-bug-fix-ssp-3495-f5_article_1\"}],\"type\":\"index_not_found_exception\",\"reason\":\"no such index [jm-after-build-bug-fix-ssp-3495-f5_article_1]\",\"resource.type\":\"index_or_alias\",\"resource.id\":\"jm-after-build-bug-fix-ssp-3495-f5_article_1\",\"index_uuid\":\"_na_\",\"index\":\"jm-after-build-bug-fix-ssp-3495-f5_article_1\"},\"status\":404}","code":404,"file":"/var/www/html/vendor/elasticsearch/elasticsearch/src/Elasticsearch/Connections/Connection.php:685"}},"level":500,"level_name":"CRITICAL","channel":"app","datetime":"2025-07-18T16:28:55.769975+00:00","extra":{}}
php-fpm-1  | resolveFriendlyUrl: 404 Not Found because friendly URL not found with slug (.git/config) and domainId (1)
php-fpm-1  | {"message":"[GraphQL] Elasticsearch\\Common\\Exceptions\\Missing404Exception: {\"error\":{\"root_cause\":[{\"type\":\"index_not_found_exception\",\"reason\":\"no such index [jm-after-build-bug-fix-ssp-3495-f5_article_1]\",\"resource.type\":\"index_or_alias\",\"resource.id\":\"jm-after-build-bug-fix-ssp-3495-f5_article_1\",\"index_uuid\":\"_na_\",\"index\":\"jm-after-build-bug-fix-ssp-3495-f5_article_1\"}],\"type\":\"index_not_found_exception\",\"reason\":\"no such index [jm-after-build-bug-fix-ssp-3495-f5_article_1]\",\"resource.type\":\"index_or_alias\",\"resource.id\":\"jm-after-build-bug-fix-ssp-3495-f5_article_1\",\"index_uuid\":\"_na_\",\"index\":\"jm-after-build-bug-fix-ssp-3495-f5_article_1\"},\"status\":404}[404] (caught throwable) at /var/www/html/vendor/elasticsearch/elasticsearch/src/Elasticsearch/Connections/Connection.php line 685.","context":{"exception":{"class":"Elasticsearch\\Common\\Exceptions\\Missing404Exception","message":"{\"error\":{\"root_cause\":[{\"type\":\"index_not_found_exception\",\"reason\":\"no such index [jm-after-build-bug-fix-ssp-3495-f5_article_1]\",\"resource.type\":\"index_or_alias\",\"resource.id\":\"jm-after-build-bug-fix-ssp-3495-f5_article_1\",\"index_uuid\":\"_na_\",\"index\":\"jm-after-build-bug-fix-ssp-3495-f5_article_1\"}],\"type\":\"index_not_found_exception\",\"reason\":\"no such index [jm-after-build-bug-fix-ssp-3495-f5_article_1]\",\"resource.type\":\"index_or_alias\",\"resource.id\":\"jm-after-build-bug-fix-ssp-3495-f5_article_1\",\"index_uuid\":\"_na_\",\"index\":\"jm-after-build-bug-fix-ssp-3495-f5_article_1\"},\"status\":404}","code":404,"file":"/var/www/html/vendor/elasticsearch/elasticsearch/src/Elasticsearch/Connections/Connection.php:685"}},"level":500,"level_name":"CRITICAL","channel":"app","datetime":"2025-07-18T16:28:56.000714+00:00","extra":{}}
php-fpm-1  | resolveFriendlyUrl: 404 Not Found because friendly URL not found with slug (server) and domainId (2)
php-fpm-1  | {"message":"[GraphQL] Elasticsearch\\Common\\Exceptions\\Missing404Exception: {\"error\":{\"root_cause\":[{\"type\":\"index_not_found_exception\",\"reason\":\"no such index [jm-after-build-bug-fix-ssp-3495-f5_article_2]\",\"resource.type\":\"index_or_alias\",\"resource.id\":\"jm-after-build-bug-fix-ssp-3495-f5_article_2\",\"index_uuid\":\"_na_\",\"index\":\"jm-after-build-bug-fix-ssp-3495-f5_article_2\"}],\"type\":\"index_not_found_exception\",\"reason\":\"no such index [jm-after-build-bug-fix-ssp-3495-f5_article_2]\",\"resource.type\":\"index_or_alias\",\"resource.id\":\"jm-after-build-bug-fix-ssp-3495-f5_article_2\",\"index_uuid\":\"_na_\",\"index\":\"jm-after-build-bug-fix-ssp-3495-f5_article_2\"},\"status\":404}[404] (caught throwable) at /var/www/html/vendor/elasticsearch/elasticsearch/src/Elasticsearch/Connections/Connection.php line 685.","context":{"exception":{"class":"Elasticsearch\\Common\\Exceptions\\Missing404Exception","message":"{\"error\":{\"root_cause\":[{\"type\":\"index_not_found_exception\",\"reason\":\"no such index [jm-after-build-bug-fix-ssp-3495-f5_article_2]\",\"resource.type\":\"index_or_alias\",\"resource.id\":\"jm-after-build-bug-fix-ssp-3495-f5_article_2\",\"index_uuid\":\"_na_\",\"index\":\"jm-after-build-bug-fix-ssp-3495-f5_article_2\"}],\"type\":\"index_not_found_exception\",\"reason\":\"no such index [jm-after-build-bug-fix-ssp-3495-f5_article_2]\",\"resource.type\":\"index_or_alias\",\"resource.id\":\"jm-after-build-bug-fix-ssp-3495-f5_article_2\",\"index_uuid\":\"_na_\",\"index\":\"jm-after-build-bug-fix-ssp-3495-f5_article_2\"},\"status\":404}","code":404,"file":"/var/www/html/vendor/elasticsearch/elasticsearch/src/Elasticsearch/Connections/Connection.php:685"}},"level":500,"level_name":"CRITICAL","channel":"app","datetime":"2025-07-18T16:28:56.147966+00:00","extra":{}}
php-fpm-1  | resolveFriendlyUrl: 404 Not Found because friendly URL not found with slug (s/830313e21393e2238313e2439313/_/;/META-INF/maven/com.atlassian.jira/jira-webapp-dist/pom.properties) and domainId (1)
php-fpm-1  | {"message":"[GraphQL] Elasticsearch\\Common\\Exceptions\\Missing404Exception: {\"error\":{\"root_cause\":[{\"type\":\"index_not_found_exception\",\"reason\":\"no such index [jm-after-build-bug-fix-ssp-3495-f5_article_1]\",\"resource.type\":\"index_or_alias\",\"resource.id\":\"jm-after-build-bug-fix-ssp-3495-f5_article_1\",\"index_uuid\":\"_na_\",\"index\":\"jm-after-build-bug-fix-ssp-3495-f5_article_1\"}],\"type\":\"index_not_found_exception\",\"reason\":\"no such index [jm-after-build-bug-fix-ssp-3495-f5_article_1]\",\"resource.type\":\"index_or_alias\",\"resource.id\":\"jm-after-build-bug-fix-ssp-3495-f5_article_1\",\"index_uuid\":\"_na_\",\"index\":\"jm-after-build-bug-fix-ssp-3495-f5_article_1\"},\"status\":404}[404] (caught throwable) at /var/www/html/vendor/elasticsearch/elasticsearch/src/Elasticsearch/Connections/Connection.php line 685.","context":{"exception":{"class":"Elasticsearch\\Common\\Exceptions\\Missing404Exception","message":"{\"error\":{\"root_cause\":[{\"type\":\"index_not_found_exception\",\"reason\":\"no such index [jm-after-build-bug-fix-ssp-3495-f5_article_1]\",\"resource.type\":\"index_or_alias\",\"resource.id\":\"jm-after-build-bug-fix-ssp-3495-f5_article_1\",\"index_uuid\":\"_na_\",\"index\":\"jm-after-build-bug-fix-ssp-3495-f5_article_1\"}],\"type\":\"index_not_found_exception\",\"reason\":\"no such index [jm-after-build-bug-fix-ssp-3495-f5_article_1]\",\"resource.type\":\"index_or_alias\",\"resource.id\":\"jm-after-build-bug-fix-ssp-3495-f5_article_1\",\"index_uuid\":\"_na_\",\"index\":\"jm-after-build-bug-fix-ssp-3495-f5_article_1\"},\"status\":404}","code":404,"file":"/var/www/html/vendor/elasticsearch/elasticsearch/src/Elasticsearch/Connections/Connection.php:685"}},"level":500,"level_name":"CRITICAL","channel":"app","datetime":"2025-07-18T16:28:56.280306+00:00","extra":{}}
php-fpm-1  | resolveFriendlyUrl: 404 Not Found because friendly URL not found with slug (config.json) and domainId (1)
php-fpm-1  | resolveFriendlyUrl: 404 Not Found because friendly URL not found with slug (.vscode/sftp.json) and domainId (2)
php-fpm-1  | {"message":"[GraphQL] Elasticsearch\\Common\\Exceptions\\Missing404Exception: {\"error\":{\"root_cause\":[{\"type\":\"index_not_found_exception\",\"reason\":\"no such index [jm-after-build-bug-fix-ssp-3495-f5_article_1]\",\"resource.type\":\"index_or_alias\",\"resource.id\":\"jm-after-build-bug-fix-ssp-3495-f5_article_1\",\"index_uuid\":\"_na_\",\"index\":\"jm-after-build-bug-fix-ssp-3495-f5_article_1\"}],\"type\":\"index_not_found_exception\",\"reason\":\"no such index [jm-after-build-bug-fix-ssp-3495-f5_article_1]\",\"resource.type\":\"index_or_alias\",\"resource.id\":\"jm-after-build-bug-fix-ssp-3495-f5_article_1\",\"index_uuid\":\"_na_\",\"index\":\"jm-after-build-bug-fix-ssp-3495-f5_article_1\"},\"status\":404}[404] (caught throwable) at /var/www/html/vendor/elasticsearch/elasticsearch/src/Elasticsearch/Connections/Connection.php line 685.","context":{"exception":{"class":"Elasticsearch\\Common\\Exceptions\\Missing404Exception","message":"{\"error\":{\"root_cause\":[{\"type\":\"index_not_found_exception\",\"reason\":\"no such index [jm-after-build-bug-fix-ssp-3495-f5_article_1]\",\"resource.type\":\"index_or_alias\",\"resource.id\":\"jm-after-build-bug-fix-ssp-3495-f5_article_1\",\"index_uuid\":\"_na_\",\"index\":\"jm-after-build-bug-fix-ssp-3495-f5_article_1\"}],\"type\":\"index_not_found_exception\",\"reason\":\"no such index [jm-after-build-bug-fix-ssp-3495-f5_article_1]\",\"resource.type\":\"index_or_alias\",\"resource.id\":\"jm-after-build-bug-fix-ssp-3495-f5_article_1\",\"index_uuid\":\"_na_\",\"index\":\"jm-after-build-bug-fix-ssp-3495-f5_article_1\"},\"status\":404}","code":404,"file":"/var/www/html/vendor/elasticsearch/elasticsearch/src/Elasticsearch/Connections/Connection.php:685"}},"level":500,"level_name":"CRITICAL","channel":"app","datetime":"2025-07-18T16:28:56.539378+00:00","extra":{}}
php-fpm-1  | {"message":"[GraphQL] Elasticsearch\\Common\\Exceptions\\Missing404Exception: {\"error\":{\"root_cause\":[{\"type\":\"index_not_found_exception\",\"reason\":\"no such index [jm-after-build-bug-fix-ssp-3495-f5_article_2]\",\"resource.type\":\"index_or_alias\",\"resource.id\":\"jm-after-build-bug-fix-ssp-3495-f5_article_2\",\"index_uuid\":\"_na_\",\"index\":\"jm-after-build-bug-fix-ssp-3495-f5_article_2\"}],\"type\":\"index_not_found_exception\",\"reason\":\"no such index [jm-after-build-bug-fix-ssp-3495-f5_article_2]\",\"resource.type\":\"index_or_alias\",\"resource.id\":\"jm-after-build-bug-fix-ssp-3495-f5_article_2\",\"index_uuid\":\"_na_\",\"index\":\"jm-after-build-bug-fix-ssp-3495-f5_article_2\"},\"status\":404}[404] (caught throwable) at /var/www/html/vendor/elasticsearch/elasticsearch/src/Elasticsearch/Connections/Connection.php line 685.","context":{"exception":{"class":"Elasticsearch\\Common\\Exceptions\\Missing404Exception","message":"{\"error\":{\"root_cause\":[{\"type\":\"index_not_found_exception\",\"reason\":\"no such index [jm-after-build-bug-fix-ssp-3495-f5_article_2]\",\"resource.type\":\"index_or_alias\",\"resource.id\":\"jm-after-build-bug-fix-ssp-3495-f5_article_2\",\"index_uuid\":\"_na_\",\"index\":\"jm-after-build-bug-fix-ssp-3495-f5_article_2\"}],\"type\":\"index_not_found_exception\",\"reason\":\"no such index [jm-after-build-bug-fix-ssp-3495-f5_article_2]\",\"resource.type\":\"index_or_alias\",\"resource.id\":\"jm-after-build-bug-fix-ssp-3495-f5_article_2\",\"index_uuid\":\"_na_\",\"index\":\"jm-after-build-bug-fix-ssp-3495-f5_article_2\"},\"status\":404}","code":404,"file":"/var/www/html/vendor/elasticsearch/elasticsearch/src/Elasticsearch/Connections/Connection.php:685"}},"level":500,"level_name":"CRITICAL","channel":"app","datetime":"2025-07-18T16:28:56.642794+00:00","extra":{}}
php-fpm-1  | resolveFriendlyUrl: 404 Not Found because friendly URL not found with slug (telescope/requests) and domainId (1)
php-fpm-1  | {"message":"[GraphQL] Elasticsearch\\Common\\Exceptions\\Missing404Exception: {\"error\":{\"root_cause\":[{\"type\":\"index_not_found_exception\",\"reason\":\"no such index [jm-after-build-bug-fix-ssp-3495-f5_article_1]\",\"resource.type\":\"index_or_alias\",\"resource.id\":\"jm-after-build-bug-fix-ssp-3495-f5_article_1\",\"index_uuid\":\"_na_\",\"index\":\"jm-after-build-bug-fix-ssp-3495-f5_article_1\"}],\"type\":\"index_not_found_exception\",\"reason\":\"no such index [jm-after-build-bug-fix-ssp-3495-f5_article_1]\",\"resource.type\":\"index_or_alias\",\"resource.id\":\"jm-after-build-bug-fix-ssp-3495-f5_article_1\",\"index_uuid\":\"_na_\",\"index\":\"jm-after-build-bug-fix-ssp-3495-f5_article_1\"},\"status\":404}[404] (caught throwable) at /var/www/html/vendor/elasticsearch/elasticsearch/src/Elasticsearch/Connections/Connection.php line 685.","context":{"exception":{"class":"Elasticsearch\\Common\\Exceptions\\Missing404Exception","message":"{\"error\":{\"root_cause\":[{\"type\":\"index_not_found_exception\",\"reason\":\"no such index [jm-after-build-bug-fix-ssp-3495-f5_article_1]\",\"resource.type\":\"index_or_alias\",\"resource.id\":\"jm-after-build-bug-fix-ssp-3495-f5_article_1\",\"index_uuid\":\"_na_\",\"index\":\"jm-after-build-bug-fix-ssp-3495-f5_article_1\"}],\"type\":\"index_not_found_exception\",\"reason\":\"no such index [jm-after-build-bug-fix-ssp-3495-f5_article_1]\",\"resource.type\":\"index_or_alias\",\"resource.id\":\"jm-after-build-bug-fix-ssp-3495-f5_article_1\",\"index_uuid\":\"_na_\",\"index\":\"jm-after-build-bug-fix-ssp-3495-f5_article_1\"},\"status\":404}","code":404,"file":"/var/www/html/vendor/elasticsearch/elasticsearch/src/Elasticsearch/Connections/Connection.php:685"}},"level":500,"level_name":"CRITICAL","channel":"app","datetime":"2025-07-18T16:28:56.801243+00:00","extra":{}}
php-fpm-1  | resolveFriendlyUrl: 404 Not Found because friendly URL not found with slug (info.php) and domainId (1)
php-fpm-1  | {"message":"[GraphQL] Elasticsearch\\Common\\Exceptions\\Missing404Exception: {\"error\":{\"root_cause\":[{\"type\":\"index_not_found_exception\",\"reason\":\"no such index [jm-after-build-bug-fix-ssp-3495-f5_article_1]\",\"resource.type\":\"index_or_alias\",\"resource.id\":\"jm-after-build-bug-fix-ssp-3495-f5_article_1\",\"index_uuid\":\"_na_\",\"index\":\"jm-after-build-bug-fix-ssp-3495-f5_article_1\"}],\"type\":\"index_not_found_exception\",\"reason\":\"no such index [jm-after-build-bug-fix-ssp-3495-f5_article_1]\",\"resource.type\":\"index_or_alias\",\"resource.id\":\"jm-after-build-bug-fix-ssp-3495-f5_article_1\",\"index_uuid\":\"_na_\",\"index\":\"jm-after-build-bug-fix-ssp-3495-f5_article_1\"},\"status\":404}[404] (caught throwable) at /var/www/html/vendor/elasticsearch/elasticsearch/src/Elasticsearch/Connections/Connection.php line 685.","context":{"exception":{"class":"Elasticsearch\\Common\\Exceptions\\Missing404Exception","message":"{\"error\":{\"root_cause\":[{\"type\":\"index_not_found_exception\",\"reason\":\"no such index [jm-after-build-bug-fix-ssp-3495-f5_article_1]\",\"resource.type\":\"index_or_alias\",\"resource.id\":\"jm-after-build-bug-fix-ssp-3495-f5_article_1\",\"index_uuid\":\"_na_\",\"index\":\"jm-after-build-bug-fix-ssp-3495-f5_article_1\"}],\"type\":\"index_not_found_exception\",\"reason\":\"no such index [jm-after-build-bug-fix-ssp-3495-f5_article_1]\",\"resource.type\":\"index_or_alias\",\"resource.id\":\"jm-after-build-bug-fix-ssp-3495-f5_article_1\",\"index_uuid\":\"_na_\",\"index\":\"jm-after-build-bug-fix-ssp-3495-f5_article_1\"},\"status\":404}","code":404,"file":"/var/www/html/vendor/elasticsearch/elasticsearch/src/Elasticsearch/Connections/Connection.php:685"}},"level":500,"level_name":"CRITICAL","channel":"app","datetime":"2025-07-18T16:28:57.058375+00:00","extra":{}}
php-fpm-1  | resolveFriendlyUrl: 404 Not Found because friendly URL not found with slug (about) and domainId (2)
php-fpm-1  | {"message":"[GraphQL] Elasticsearch\\Common\\Exceptions\\Missing404Exception: {\"error\":{\"root_cause\":[{\"type\":\"index_not_found_exception\",\"reason\":\"no such index [jm-after-build-bug-fix-ssp-3495-f5_article_2]\",\"resource.type\":\"index_or_alias\",\"resource.id\":\"jm-after-build-bug-fix-ssp-3495-f5_article_2\",\"index_uuid\":\"_na_\",\"index\":\"jm-after-build-bug-fix-ssp-3495-f5_article_2\"}],\"type\":\"index_not_found_exception\",\"reason\":\"no such index [jm-after-build-bug-fix-ssp-3495-f5_article_2]\",\"resource.type\":\"index_or_alias\",\"resource.id\":\"jm-after-build-bug-fix-ssp-3495-f5_article_2\",\"index_uuid\":\"_na_\",\"index\":\"jm-after-build-bug-fix-ssp-3495-f5_article_2\"},\"status\":404}[404] (caught throwable) at /var/www/html/vendor/elasticsearch/elasticsearch/src/Elasticsearch/Connections/Connection.php line 685.","context":{"exception":{"class":"Elasticsearch\\Common\\Exceptions\\Missing404Exception","message":"{\"error\":{\"root_cause\":[{\"type\":\"index_not_found_exception\",\"reason\":\"no such index [jm-after-build-bug-fix-ssp-3495-f5_article_2]\",\"resource.type\":\"index_or_alias\",\"resource.id\":\"jm-after-build-bug-fix-ssp-3495-f5_article_2\",\"index_uuid\":\"_na_\",\"index\":\"jm-after-build-bug-fix-ssp-3495-f5_article_2\"}],\"type\":\"index_not_found_exception\",\"reason\":\"no such index [jm-after-build-bug-fix-ssp-3495-f5_article_2]\",\"resource.type\":\"index_or_alias\",\"resource.id\":\"jm-after-build-bug-fix-ssp-3495-f5_article_2\",\"index_uuid\":\"_na_\",\"index\":\"jm-after-build-bug-fix-ssp-3495-f5_article_2\"},\"status\":404}","code":404,"file":"/var/www/html/vendor/elasticsearch/elasticsearch/src/Elasticsearch/Connections/Connection.php:685"}},"level":500,"level_name":"CRITICAL","channel":"app","datetime":"2025-07-18T16:28:57.251854+00:00","extra":{}}
php-fpm-1  | {"message":"[GraphQL] Elasticsearch\\Common\\Exceptions\\Missing404Exception: {\"error\":{\"root_cause\":[{\"type\":\"index_not_found_exception\",\"reason\":\"no such index [jm-after-build-bug-fix-ssp-3495-f5_product_1]\",\"resource.type\":\"index_or_alias\",\"resource.id\":\"jm-after-build-bug-fix-ssp-3495-f5_product_1\",\"index_uuid\":\"_na_\",\"index\":\"jm-after-build-bug-fix-ssp-3495-f5_product_1\"}],\"type\":\"index_not_found_exception\",\"reason\":\"no such index [jm-after-build-bug-fix-ssp-3495-f5_product_1]\",\"resource.type\":\"index_or_alias\",\"resource.id\":\"jm-after-build-bug-fix-ssp-3495-f5_product_1\",\"index_uuid\":\"_na_\",\"index\":\"jm-after-build-bug-fix-ssp-3495-f5_product_1\"},\"status\":404}[404] (caught throwable) at /var/www/html/vendor/elasticsearch/elasticsearch/src/Elasticsearch/Connections/Connection.php line 685.","context":{"exception":{"class":"Elasticsearch\\Common\\Exceptions\\Missing404Exception","message":"{\"error\":{\"root_cause\":[{\"type\":\"index_not_found_exception\",\"reason\":\"no such index [jm-after-build-bug-fix-ssp-3495-f5_product_1]\",\"resource.type\":\"index_or_alias\",\"resource.id\":\"jm-after-build-bug-fix-ssp-3495-f5_product_1\",\"index_uuid\":\"_na_\",\"index\":\"jm-after-build-bug-fix-ssp-3495-f5_product_1\"}],\"type\":\"index_not_found_exception\",\"reason\":\"no such index [jm-after-build-bug-fix-ssp-3495-f5_product_1]\",\"resource.type\":\"index_or_alias\",\"resource.id\":\"jm-after-build-bug-fix-ssp-3495-f5_product_1\",\"index_uuid\":\"_na_\",\"index\":\"jm-after-build-bug-fix-ssp-3495-f5_product_1\"},\"status\":404}","code":404,"file":"/var/www/html/vendor/elasticsearch/elasticsearch/src/Elasticsearch/Connections/Connection.php:685"}},"level":500,"level_name":"CRITICAL","channel":"app","datetime":"2025-07-18T16:28:57.335826+00:00","extra":{}}
php-fpm-1  | {"message":"[GraphQL] Elasticsearch\\Common\\Exceptions\\Missing404Exception: {\"error\":{\"root_cause\":[{\"type\":\"index_not_found_exception\",\"reason\":\"no such index [jm-after-build-bug-fix-ssp-3495-f5_blog_article_1]\",\"resource.type\":\"index_or_alias\",\"resource.id\":\"jm-after-build-bug-fix-ssp-3495-f5_blog_article_1\",\"index_uuid\":\"_na_\",\"index\":\"jm-after-build-bug-fix-ssp-3495-f5_blog_article_1\"}],\"type\":\"index_not_found_exception\",\"reason\":\"no such index [jm-after-build-bug-fix-ssp-3495-f5_blog_article_1]\",\"resource.type\":\"index_or_alias\",\"resource.id\":\"jm-after-build-bug-fix-ssp-3495-f5_blog_article_1\",\"index_uuid\":\"_na_\",\"index\":\"jm-after-build-bug-fix-ssp-3495-f5_blog_article_1\"},\"status\":404}[404] (caught throwable) at /var/www/html/vendor/elasticsearch/elasticsearch/src/Elasticsearch/Connections/Connection.php line 685.","context":{"exception":{"class":"Elasticsearch\\Common\\Exceptions\\Missing404Exception","message":"{\"error\":{\"root_cause\":[{\"type\":\"index_not_found_exception\",\"reason\":\"no such index [jm-after-build-bug-fix-ssp-3495-f5_blog_article_1]\",\"resource.type\":\"index_or_alias\",\"resource.id\":\"jm-after-build-bug-fix-ssp-3495-f5_blog_article_1\",\"index_uuid\":\"_na_\",\"index\":\"jm-after-build-bug-fix-ssp-3495-f5_blog_article_1\"}],\"type\":\"index_not_found_exception\",\"reason\":\"no such index [jm-after-build-bug-fix-ssp-3495-f5_blog_article_1]\",\"resource.type\":\"index_or_alias\",\"resource.id\":\"jm-after-build-bug-fix-ssp-3495-f5_blog_article_1\",\"index_uuid\":\"_na_\",\"index\":\"jm-after-build-bug-fix-ssp-3495-f5_blog_article_1\"},\"status\":404}","code":404,"file":"/var/www/html/vendor/elasticsearch/elasticsearch/src/Elasticsearch/Connections/Connection.php:685"}},"level":500,"level_name":"CRITICAL","channel":"app","datetime":"2025-07-18T16:28:57.364886+00:00","extra":{}}
php-fpm-1  | {"message":"[GraphQL] Elasticsearch\\Common\\Exceptions\\Missing404Exception: {\"error\":{\"root_cause\":[{\"type\":\"index_not_found_exception\",\"reason\":\"no such index [jm-after-build-bug-fix-ssp-3495-f5_article_1]\",\"resource.type\":\"index_or_alias\",\"resource.id\":\"jm-after-build-bug-fix-ssp-3495-f5_article_1\",\"index_uuid\":\"_na_\",\"index\":\"jm-after-build-bug-fix-ssp-3495-f5_article_1\"}],\"type\":\"index_not_found_exception\",\"reason\":\"no such index [jm-after-build-bug-fix-ssp-3495-f5_article_1]\",\"resource.type\":\"index_or_alias\",\"resource.id\":\"jm-after-build-bug-fix-ssp-3495-f5_article_1\",\"index_uuid\":\"_na_\",\"index\":\"jm-after-build-bug-fix-ssp-3495-f5_article_1\"},\"status\":404}[404] (caught throwable) at /var/www/html/vendor/elasticsearch/elasticsearch/src/Elasticsearch/Connections/Connection.php line 685.","context":{"exception":{"class":"Elasticsearch\\Common\\Exceptions\\Missing404Exception","message":"{\"error\":{\"root_cause\":[{\"type\":\"index_not_found_exception\",\"reason\":\"no such index [jm-after-build-bug-fix-ssp-3495-f5_article_1]\",\"resource.type\":\"index_or_alias\",\"resource.id\":\"jm-after-build-bug-fix-ssp-3495-f5_article_1\",\"index_uuid\":\"_na_\",\"index\":\"jm-after-build-bug-fix-ssp-3495-f5_article_1\"}],\"type\":\"index_not_found_exception\",\"reason\":\"no such index [jm-after-build-bug-fix-ssp-3495-f5_article_1]\",\"resource.type\":\"index_or_alias\",\"resource.id\":\"jm-after-build-bug-fix-ssp-3495-f5_article_1\",\"index_uuid\":\"_na_\",\"index\":\"jm-after-build-bug-fix-ssp-3495-f5_article_1\"},\"status\":404}","code":404,"file":"/var/www/html/vendor/elasticsearch/elasticsearch/src/Elasticsearch/Connections/Connection.php:685"}},"level":500,"level_name":"CRITICAL","channel":"app","datetime":"2025-07-18T16:28:57.381471+00:00","extra":{}}
php-fpm-1  | resolveFriendlyUrl: 404 Not Found because friendly URL not found with slug (debug/default/view) and domainId (2)
php-fpm-1  | {"message":"[GraphQL] Elasticsearch\\Common\\Exceptions\\Missing404Exception: {\"error\":{\"root_cause\":[{\"type\":\"index_not_found_exception\",\"reason\":\"no such index [jm-after-build-bug-fix-ssp-3495-f5_article_2]\",\"resource.type\":\"index_or_alias\",\"resource.id\":\"jm-after-build-bug-fix-ssp-3495-f5_article_2\",\"index_uuid\":\"_na_\",\"index\":\"jm-after-build-bug-fix-ssp-3495-f5_article_2\"}],\"type\":\"index_not_found_exception\",\"reason\":\"no such index [jm-after-build-bug-fix-ssp-3495-f5_article_2]\",\"resource.type\":\"index_or_alias\",\"resource.id\":\"jm-after-build-bug-fix-ssp-3495-f5_article_2\",\"index_uuid\":\"_na_\",\"index\":\"jm-after-build-bug-fix-ssp-3495-f5_article_2\"},\"status\":404}[404] (caught throwable) at /var/www/html/vendor/elasticsearch/elasticsearch/src/Elasticsearch/Connections/Connection.php line 685.","context":{"exception":{"class":"Elasticsearch\\Common\\Exceptions\\Missing404Exception","message":"{\"error\":{\"root_cause\":[{\"type\":\"index_not_found_exception\",\"reason\":\"no such index [jm-after-build-bug-fix-ssp-3495-f5_article_2]\",\"resource.type\":\"index_or_alias\",\"resource.id\":\"jm-after-build-bug-fix-ssp-3495-f5_article_2\",\"index_uuid\":\"_na_\",\"index\":\"jm-after-build-bug-fix-ssp-3495-f5_article_2\"}],\"type\":\"index_not_found_exception\",\"reason\":\"no such index [jm-after-build-bug-fix-ssp-3495-f5_article_2]\",\"resource.type\":\"index_or_alias\",\"resource.id\":\"jm-after-build-bug-fix-ssp-3495-f5_article_2\",\"index_uuid\":\"_na_\",\"index\":\"jm-after-build-bug-fix-ssp-3495-f5_article_2\"},\"status\":404}","code":404,"file":"/var/www/html/vendor/elasticsearch/elasticsearch/src/Elasticsearch/Connections/Connection.php:685"}},"level":500,"level_name":"CRITICAL","channel":"app","datetime":"2025-07-18T16:28:57.789838+00:00","extra":{}}
php-fpm-1  | resolveFriendlyUrl: 404 Not Found because friendly URL not found with slug (v2/_catalog) and domainId (2)
php-fpm-1  | {"message":"[GraphQL] Elasticsearch\\Common\\Exceptions\\Missing404Exception: {\"error\":{\"root_cause\":[{\"type\":\"index_not_found_exception\",\"reason\":\"no such index [jm-after-build-bug-fix-ssp-3495-f5_article_2]\",\"resource.type\":\"index_or_alias\",\"resource.id\":\"jm-after-build-bug-fix-ssp-3495-f5_article_2\",\"index_uuid\":\"_na_\",\"index\":\"jm-after-build-bug-fix-ssp-3495-f5_article_2\"}],\"type\":\"index_not_found_exception\",\"reason\":\"no such index [jm-after-build-bug-fix-ssp-3495-f5_article_2]\",\"resource.type\":\"index_or_alias\",\"resource.id\":\"jm-after-build-bug-fix-ssp-3495-f5_article_2\",\"index_uuid\":\"_na_\",\"index\":\"jm-after-build-bug-fix-ssp-3495-f5_article_2\"},\"status\":404}[404] (caught throwable) at /var/www/html/vendor/elasticsearch/elasticsearch/src/Elasticsearch/Connections/Connection.php line 685.","context":{"exception":{"class":"Elasticsearch\\Common\\Exceptions\\Missing404Exception","message":"{\"error\":{\"root_cause\":[{\"type\":\"index_not_found_exception\",\"reason\":\"no such index [jm-after-build-bug-fix-ssp-3495-f5_article_2]\",\"resource.type\":\"index_or_alias\",\"resource.id\":\"jm-after-build-bug-fix-ssp-3495-f5_article_2\",\"index_uuid\":\"_na_\",\"index\":\"jm-after-build-bug-fix-ssp-3495-f5_article_2\"}],\"type\":\"index_not_found_exception\",\"reason\":\"no such index [jm-after-build-bug-fix-ssp-3495-f5_article_2]\",\"resource.type\":\"index_or_alias\",\"resource.id\":\"jm-after-build-bug-fix-ssp-3495-f5_article_2\",\"index_uuid\":\"_na_\",\"index\":\"jm-after-build-bug-fix-ssp-3495-f5_article_2\"},\"status\":404}","code":404,"file":"/var/www/html/vendor/elasticsearch/elasticsearch/src/Elasticsearch/Connections/Connection.php:685"}},"level":500,"level_name":"CRITICAL","channel":"app","datetime":"2025-07-18T16:28:58.479909+00:00","extra":{}}
php-fpm-1  | resolveFriendlyUrl: 404 Not Found because friendly URL not found with slug (ecp/Current/exporttool/microsoft.exchange.ediscovery.exporttool.application) and domainId (2)
php-fpm-1  | {"message":"[GraphQL] Elasticsearch\\Common\\Exceptions\\Missing404Exception: {\"error\":{\"root_cause\":[{\"type\":\"index_not_found_exception\",\"reason\":\"no such index [jm-after-build-bug-fix-ssp-3495-f5_article_2]\",\"resource.type\":\"index_or_alias\",\"resource.id\":\"jm-after-build-bug-fix-ssp-3495-f5_article_2\",\"index_uuid\":\"_na_\",\"index\":\"jm-after-build-bug-fix-ssp-3495-f5_article_2\"}],\"type\":\"index_not_found_exception\",\"reason\":\"no such index [jm-after-build-bug-fix-ssp-3495-f5_article_2]\",\"resource.type\":\"index_or_alias\",\"resource.id\":\"jm-after-build-bug-fix-ssp-3495-f5_article_2\",\"index_uuid\":\"_na_\",\"index\":\"jm-after-build-bug-fix-ssp-3495-f5_article_2\"},\"status\":404}[404] (caught throwable) at /var/www/html/vendor/elasticsearch/elasticsearch/src/Elasticsearch/Connections/Connection.php line 685.","context":{"exception":{"class":"Elasticsearch\\Common\\Exceptions\\Missing404Exception","message":"{\"error\":{\"root_cause\":[{\"type\":\"index_not_found_exception\",\"reason\":\"no such index [jm-after-build-bug-fix-ssp-3495-f5_article_2]\",\"resource.type\":\"index_or_alias\",\"resource.id\":\"jm-after-build-bug-fix-ssp-3495-f5_article_2\",\"index_uuid\":\"_na_\",\"index\":\"jm-after-build-bug-fix-ssp-3495-f5_article_2\"}],\"type\":\"index_not_found_exception\",\"reason\":\"no such index [jm-after-build-bug-fix-ssp-3495-f5_article_2]\",\"resource.type\":\"index_or_alias\",\"resource.id\":\"jm-after-build-bug-fix-ssp-3495-f5_article_2\",\"index_uuid\":\"_na_\",\"index\":\"jm-after-build-bug-fix-ssp-3495-f5_article_2\"},\"status\":404}","code":404,"file":"/var/www/html/vendor/elasticsearch/elasticsearch/src/Elasticsearch/Connections/Connection.php:685"}},"level":500,"level_name":"CRITICAL","channel":"app","datetime":"2025-07-18T16:28:59.140594+00:00","extra":{}}
php-fpm-1  | resolveFriendlyUrl: 404 Not Found because friendly URL not found with slug (server-status) and domainId (2)
php-fpm-1  | {"message":"[GraphQL] Elasticsearch\\Common\\Exceptions\\Missing404Exception: {\"error\":{\"root_cause\":[{\"type\":\"index_not_found_exception\",\"reason\":\"no such index [jm-after-build-bug-fix-ssp-3495-f5_article_2]\",\"resource.type\":\"index_or_alias\",\"resource.id\":\"jm-after-build-bug-fix-ssp-3495-f5_article_2\",\"index_uuid\":\"_na_\",\"index\":\"jm-after-build-bug-fix-ssp-3495-f5_article_2\"}],\"type\":\"index_not_found_exception\",\"reason\":\"no such index [jm-after-build-bug-fix-ssp-3495-f5_article_2]\",\"resource.type\":\"index_or_alias\",\"resource.id\":\"jm-after-build-bug-fix-ssp-3495-f5_article_2\",\"index_uuid\":\"_na_\",\"index\":\"jm-after-build-bug-fix-ssp-3495-f5_article_2\"},\"status\":404}[404] (caught throwable) at /var/www/html/vendor/elasticsearch/elasticsearch/src/Elasticsearch/Connections/Connection.php line 685.","context":{"exception":{"class":"Elasticsearch\\Common\\Exceptions\\Missing404Exception","message":"{\"error\":{\"root_cause\":[{\"type\":\"index_not_found_exception\",\"reason\":\"no such index [jm-after-build-bug-fix-ssp-3495-f5_article_2]\",\"resource.type\":\"index_or_alias\",\"resource.id\":\"jm-after-build-bug-fix-ssp-3495-f5_article_2\",\"index_uuid\":\"_na_\",\"index\":\"jm-after-build-bug-fix-ssp-3495-f5_article_2\"}],\"type\":\"index_not_found_exception\",\"reason\":\"no such index [jm-after-build-bug-fix-ssp-3495-f5_article_2]\",\"resource.type\":\"index_or_alias\",\"resource.id\":\"jm-after-build-bug-fix-ssp-3495-f5_article_2\",\"index_uuid\":\"_na_\",\"index\":\"jm-after-build-bug-fix-ssp-3495-f5_article_2\"},\"status\":404}","code":404,"file":"/var/www/html/vendor/elasticsearch/elasticsearch/src/Elasticsearch/Connections/Connection.php:685"}},"level":500,"level_name":"CRITICAL","channel":"app","datetime":"2025-07-18T16:28:59.730518+00:00","extra":{}}
php-fpm-1  | resolveFriendlyUrl: 404 Not Found because friendly URL not found with slug (login.action) and domainId (2)
php-fpm-1  | {"message":"[GraphQL] Elasticsearch\\Common\\Exceptions\\Missing404Exception: {\"error\":{\"root_cause\":[{\"type\":\"index_not_found_exception\",\"reason\":\"no such index [jm-after-build-bug-fix-ssp-3495-f5_article_2]\",\"resource.type\":\"index_or_alias\",\"resource.id\":\"jm-after-build-bug-fix-ssp-3495-f5_article_2\",\"index_uuid\":\"_na_\",\"index\":\"jm-after-build-bug-fix-ssp-3495-f5_article_2\"}],\"type\":\"index_not_found_exception\",\"reason\":\"no such index [jm-after-build-bug-fix-ssp-3495-f5_article_2]\",\"resource.type\":\"index_or_alias\",\"resource.id\":\"jm-after-build-bug-fix-ssp-3495-f5_article_2\",\"index_uuid\":\"_na_\",\"index\":\"jm-after-build-bug-fix-ssp-3495-f5_article_2\"},\"status\":404}[404] (caught throwable) at /var/www/html/vendor/elasticsearch/elasticsearch/src/Elasticsearch/Connections/Connection.php line 685.","context":{"exception":{"class":"Elasticsearch\\Common\\Exceptions\\Missing404Exception","message":"{\"error\":{\"root_cause\":[{\"type\":\"index_not_found_exception\",\"reason\":\"no such index [jm-after-build-bug-fix-ssp-3495-f5_article_2]\",\"resource.type\":\"index_or_alias\",\"resource.id\":\"jm-after-build-bug-fix-ssp-3495-f5_article_2\",\"index_uuid\":\"_na_\",\"index\":\"jm-after-build-bug-fix-ssp-3495-f5_article_2\"}],\"type\":\"index_not_found_exception\",\"reason\":\"no such index [jm-after-build-bug-fix-ssp-3495-f5_article_2]\",\"resource.type\":\"index_or_alias\",\"resource.id\":\"jm-after-build-bug-fix-ssp-3495-f5_article_2\",\"index_uuid\":\"_na_\",\"index\":\"jm-after-build-bug-fix-ssp-3495-f5_article_2\"},\"status\":404}","code":404,"file":"/var/www/html/vendor/elasticsearch/elasticsearch/src/Elasticsearch/Connections/Connection.php:685"}},"level":500,"level_name":"CRITICAL","channel":"app","datetime":"2025-07-18T16:29:00.294443+00:00","extra":{}}
php-fpm-1  | resolveFriendlyUrl: 404 Not Found because friendly URL not found with slug (_all_dbs) and domainId (2)
php-fpm-1  | {"message":"[GraphQL] Elasticsearch\\Common\\Exceptions\\Missing404Exception: {\"error\":{\"root_cause\":[{\"type\":\"index_not_found_exception\",\"reason\":\"no such index [jm-after-build-bug-fix-ssp-3495-f5_article_2]\",\"resource.type\":\"index_or_alias\",\"resource.id\":\"jm-after-build-bug-fix-ssp-3495-f5_article_2\",\"index_uuid\":\"_na_\",\"index\":\"jm-after-build-bug-fix-ssp-3495-f5_article_2\"}],\"type\":\"index_not_found_exception\",\"reason\":\"no such index [jm-after-build-bug-fix-ssp-3495-f5_article_2]\",\"resource.type\":\"index_or_alias\",\"resource.id\":\"jm-after-build-bug-fix-ssp-3495-f5_article_2\",\"index_uuid\":\"_na_\",\"index\":\"jm-after-build-bug-fix-ssp-3495-f5_article_2\"},\"status\":404}[404] (caught throwable) at /var/www/html/vendor/elasticsearch/elasticsearch/src/Elasticsearch/Connections/Connection.php line 685.","context":{"exception":{"class":"Elasticsearch\\Common\\Exceptions\\Missing404Exception","message":"{\"error\":{\"root_cause\":[{\"type\":\"index_not_found_exception\",\"reason\":\"no such index [jm-after-build-bug-fix-ssp-3495-f5_article_2]\",\"resource.type\":\"index_or_alias\",\"resource.id\":\"jm-after-build-bug-fix-ssp-3495-f5_article_2\",\"index_uuid\":\"_na_\",\"index\":\"jm-after-build-bug-fix-ssp-3495-f5_article_2\"}],\"type\":\"index_not_found_exception\",\"reason\":\"no such index [jm-after-build-bug-fix-ssp-3495-f5_article_2]\",\"resource.type\":\"index_or_alias\",\"resource.id\":\"jm-after-build-bug-fix-ssp-3495-f5_article_2\",\"index_uuid\":\"_na_\",\"index\":\"jm-after-build-bug-fix-ssp-3495-f5_article_2\"},\"status\":404}","code":404,"file":"/var/www/html/vendor/elasticsearch/elasticsearch/src/Elasticsearch/Connections/Connection.php:685"}},"level":500,"level_name":"CRITICAL","channel":"app","datetime":"2025-07-18T16:29:00.873629+00:00","extra":{}}
php-fpm-1  | resolveFriendlyUrl: 404 Not Found because friendly URL not found with slug (.DS_Store) and domainId (2)
php-fpm-1  | {"message":"[GraphQL] Elasticsearch\\Common\\Exceptions\\Missing404Exception: {\"error\":{\"root_cause\":[{\"type\":\"index_not_found_exception\",\"reason\":\"no such index [jm-after-build-bug-fix-ssp-3495-f5_article_2]\",\"resource.type\":\"index_or_alias\",\"resource.id\":\"jm-after-build-bug-fix-ssp-3495-f5_article_2\",\"index_uuid\":\"_na_\",\"index\":\"jm-after-build-bug-fix-ssp-3495-f5_article_2\"}],\"type\":\"index_not_found_exception\",\"reason\":\"no such index [jm-after-build-bug-fix-ssp-3495-f5_article_2]\",\"resource.type\":\"index_or_alias\",\"resource.id\":\"jm-after-build-bug-fix-ssp-3495-f5_article_2\",\"index_uuid\":\"_na_\",\"index\":\"jm-after-build-bug-fix-ssp-3495-f5_article_2\"},\"status\":404}[404] (caught throwable) at /var/www/html/vendor/elasticsearch/elasticsearch/src/Elasticsearch/Connections/Connection.php line 685.","context":{"exception":{"class":"Elasticsearch\\Common\\Exceptions\\Missing404Exception","message":"{\"error\":{\"root_cause\":[{\"type\":\"index_not_found_exception\",\"reason\":\"no such index [jm-after-build-bug-fix-ssp-3495-f5_article_2]\",\"resource.type\":\"index_or_alias\",\"resource.id\":\"jm-after-build-bug-fix-ssp-3495-f5_article_2\",\"index_uuid\":\"_na_\",\"index\":\"jm-after-build-bug-fix-ssp-3495-f5_article_2\"}],\"type\":\"index_not_found_exception\",\"reason\":\"no such index [jm-after-build-bug-fix-ssp-3495-f5_article_2]\",\"resource.type\":\"index_or_alias\",\"resource.id\":\"jm-after-build-bug-fix-ssp-3495-f5_article_2\",\"index_uuid\":\"_na_\",\"index\":\"jm-after-build-bug-fix-ssp-3495-f5_article_2\"},\"status\":404}","code":404,"file":"/var/www/html/vendor/elasticsearch/elasticsearch/src/Elasticsearch/Connections/Connection.php:685"}},"level":500,"level_name":"CRITICAL","channel":"app","datetime":"2025-07-18T16:29:01.428083+00:00","extra":{}}
php-fpm-1  | resolveFriendlyUrl: 404 Not Found because friendly URL not found with slug (.env) and domainId (2)
php-fpm-1  | {"message":"[GraphQL] Elasticsearch\\Common\\Exceptions\\Missing404Exception: {\"error\":{\"root_cause\":[{\"type\":\"index_not_found_exception\",\"reason\":\"no such index [jm-after-build-bug-fix-ssp-3495-f5_article_2]\",\"resource.type\":\"index_or_alias\",\"resource.id\":\"jm-after-build-bug-fix-ssp-3495-f5_article_2\",\"index_uuid\":\"_na_\",\"index\":\"jm-after-build-bug-fix-ssp-3495-f5_article_2\"}],\"type\":\"index_not_found_exception\",\"reason\":\"no such index [jm-after-build-bug-fix-ssp-3495-f5_article_2]\",\"resource.type\":\"index_or_alias\",\"resource.id\":\"jm-after-build-bug-fix-ssp-3495-f5_article_2\",\"index_uuid\":\"_na_\",\"index\":\"jm-after-build-bug-fix-ssp-3495-f5_article_2\"},\"status\":404}[404] (caught throwable) at /var/www/html/vendor/elasticsearch/elasticsearch/src/Elasticsearch/Connections/Connection.php line 685.","context":{"exception":{"class":"Elasticsearch\\Common\\Exceptions\\Missing404Exception","message":"{\"error\":{\"root_cause\":[{\"type\":\"index_not_found_exception\",\"reason\":\"no such index [jm-after-build-bug-fix-ssp-3495-f5_article_2]\",\"resource.type\":\"index_or_alias\",\"resource.id\":\"jm-after-build-bug-fix-ssp-3495-f5_article_2\",\"index_uuid\":\"_na_\",\"index\":\"jm-after-build-bug-fix-ssp-3495-f5_article_2\"}],\"type\":\"index_not_found_exception\",\"reason\":\"no such index [jm-after-build-bug-fix-ssp-3495-f5_article_2]\",\"resource.type\":\"index_or_alias\",\"resource.id\":\"jm-after-build-bug-fix-ssp-3495-f5_article_2\",\"index_uuid\":\"_na_\",\"index\":\"jm-after-build-bug-fix-ssp-3495-f5_article_2\"},\"status\":404}","code":404,"file":"/var/www/html/vendor/elasticsearch/elasticsearch/src/Elasticsearch/Connections/Connection.php:685"}},"level":500,"level_name":"CRITICAL","channel":"app","datetime":"2025-07-18T16:29:02.080917+00:00","extra":{}}
php-fpm-1  | resolveFriendlyUrl: 404 Not Found because friendly URL not found with slug (.git/config) and domainId (2)
php-fpm-1  | {"message":"[GraphQL] Elasticsearch\\Common\\Exceptions\\Missing404Exception: {\"error\":{\"root_cause\":[{\"type\":\"index_not_found_exception\",\"reason\":\"no such index [jm-after-build-bug-fix-ssp-3495-f5_article_2]\",\"resource.type\":\"index_or_alias\",\"resource.id\":\"jm-after-build-bug-fix-ssp-3495-f5_article_2\",\"index_uuid\":\"_na_\",\"index\":\"jm-after-build-bug-fix-ssp-3495-f5_article_2\"}],\"type\":\"index_not_found_exception\",\"reason\":\"no such index [jm-after-build-bug-fix-ssp-3495-f5_article_2]\",\"resource.type\":\"index_or_alias\",\"resource.id\":\"jm-after-build-bug-fix-ssp-3495-f5_article_2\",\"index_uuid\":\"_na_\",\"index\":\"jm-after-build-bug-fix-ssp-3495-f5_article_2\"},\"status\":404}[404] (caught throwable) at /var/www/html/vendor/elasticsearch/elasticsearch/src/Elasticsearch/Connections/Connection.php line 685.","context":{"exception":{"class":"Elasticsearch\\Common\\Exceptions\\Missing404Exception","message":"{\"error\":{\"root_cause\":[{\"type\":\"index_not_found_exception\",\"reason\":\"no such index [jm-after-build-bug-fix-ssp-3495-f5_article_2]\",\"resource.type\":\"index_or_alias\",\"resource.id\":\"jm-after-build-bug-fix-ssp-3495-f5_article_2\",\"index_uuid\":\"_na_\",\"index\":\"jm-after-build-bug-fix-ssp-3495-f5_article_2\"}],\"type\":\"index_not_found_exception\",\"reason\":\"no such index [jm-after-build-bug-fix-ssp-3495-f5_article_2]\",\"resource.type\":\"index_or_alias\",\"resource.id\":\"jm-after-build-bug-fix-ssp-3495-f5_article_2\",\"index_uuid\":\"_na_\",\"index\":\"jm-after-build-bug-fix-ssp-3495-f5_article_2\"},\"status\":404}","code":404,"file":"/var/www/html/vendor/elasticsearch/elasticsearch/src/Elasticsearch/Connections/Connection.php:685"}},"level":500,"level_name":"CRITICAL","channel":"app","datetime":"2025-07-18T16:29:02.716180+00:00","extra":{}}
php-fpm-1  | resolveFriendlyUrl: 404 Not Found because friendly URL not found with slug (s/830313e21393e2238313e2439313/_/;/META-INF/maven/com.atlassian.jira/jira-webapp-dist/pom.properties) and domainId (2)
php-fpm-1  | {"message":"[GraphQL] Elasticsearch\\Common\\Exceptions\\Missing404Exception: {\"error\":{\"root_cause\":[{\"type\":\"index_not_found_exception\",\"reason\":\"no such index [jm-after-build-bug-fix-ssp-3495-f5_article_2]\",\"resource.type\":\"index_or_alias\",\"resource.id\":\"jm-after-build-bug-fix-ssp-3495-f5_article_2\",\"index_uuid\":\"_na_\",\"index\":\"jm-after-build-bug-fix-ssp-3495-f5_article_2\"}],\"type\":\"index_not_found_exception\",\"reason\":\"no such index [jm-after-build-bug-fix-ssp-3495-f5_article_2]\",\"resource.type\":\"index_or_alias\",\"resource.id\":\"jm-after-build-bug-fix-ssp-3495-f5_article_2\",\"index_uuid\":\"_na_\",\"index\":\"jm-after-build-bug-fix-ssp-3495-f5_article_2\"},\"status\":404}[404] (caught throwable) at /var/www/html/vendor/elasticsearch/elasticsearch/src/Elasticsearch/Connections/Connection.php line 685.","context":{"exception":{"class":"Elasticsearch\\Common\\Exceptions\\Missing404Exception","message":"{\"error\":{\"root_cause\":[{\"type\":\"index_not_found_exception\",\"reason\":\"no such index [jm-after-build-bug-fix-ssp-3495-f5_article_2]\",\"resource.type\":\"index_or_alias\",\"resource.id\":\"jm-after-build-bug-fix-ssp-3495-f5_article_2\",\"index_uuid\":\"_na_\",\"index\":\"jm-after-build-bug-fix-ssp-3495-f5_article_2\"}],\"type\":\"index_not_found_exception\",\"reason\":\"no such index [jm-after-build-bug-fix-ssp-3495-f5_article_2]\",\"resource.type\":\"index_or_alias\",\"resource.id\":\"jm-after-build-bug-fix-ssp-3495-f5_article_2\",\"index_uuid\":\"_na_\",\"index\":\"jm-after-build-bug-fix-ssp-3495-f5_article_2\"},\"status\":404}","code":404,"file":"/var/www/html/vendor/elasticsearch/elasticsearch/src/Elasticsearch/Connections/Connection.php:685"}},"level":500,"level_name":"CRITICAL","channel":"app","datetime":"2025-07-18T16:29:03.270904+00:00","extra":{}}
php-fpm-1  | resolveFriendlyUrl: 404 Not Found because friendly URL not found with slug (config.json) and domainId (2)
php-fpm-1  | {"message":"[GraphQL] Elasticsearch\\Common\\Exceptions\\Missing404Exception: {\"error\":{\"root_cause\":[{\"type\":\"index_not_found_exception\",\"reason\":\"no such index [jm-after-build-bug-fix-ssp-3495-f5_article_2]\",\"resource.type\":\"index_or_alias\",\"resource.id\":\"jm-after-build-bug-fix-ssp-3495-f5_article_2\",\"index_uuid\":\"_na_\",\"index\":\"jm-after-build-bug-fix-ssp-3495-f5_article_2\"}],\"type\":\"index_not_found_exception\",\"reason\":\"no such index [jm-after-build-bug-fix-ssp-3495-f5_article_2]\",\"resource.type\":\"index_or_alias\",\"resource.id\":\"jm-after-build-bug-fix-ssp-3495-f5_article_2\",\"index_uuid\":\"_na_\",\"index\":\"jm-after-build-bug-fix-ssp-3495-f5_article_2\"},\"status\":404}[404] (caught throwable) at /var/www/html/vendor/elasticsearch/elasticsearch/src/Elasticsearch/Connections/Connection.php line 685.","context":{"exception":{"class":"Elasticsearch\\Common\\Exceptions\\Missing404Exception","message":"{\"error\":{\"root_cause\":[{\"type\":\"index_not_found_exception\",\"reason\":\"no such index [jm-after-build-bug-fix-ssp-3495-f5_article_2]\",\"resource.type\":\"index_or_alias\",\"resource.id\":\"jm-after-build-bug-fix-ssp-3495-f5_article_2\",\"index_uuid\":\"_na_\",\"index\":\"jm-after-build-bug-fix-ssp-3495-f5_article_2\"}],\"type\":\"index_not_found_exception\",\"reason\":\"no such index [jm-after-build-bug-fix-ssp-3495-f5_article_2]\",\"resource.type\":\"index_or_alias\",\"resource.id\":\"jm-after-build-bug-fix-ssp-3495-f5_article_2\",\"index_uuid\":\"_na_\",\"index\":\"jm-after-build-bug-fix-ssp-3495-f5_article_2\"},\"status\":404}","code":404,"file":"/var/www/html/vendor/elasticsearch/elasticsearch/src/Elasticsearch/Connections/Connection.php:685"}},"level":500,"level_name":"CRITICAL","channel":"app","datetime":"2025-07-18T16:29:03.843508+00:00","extra":{}}
php-fpm-1  | resolveFriendlyUrl: 404 Not Found because friendly URL not found with slug (telescope/requests) and domainId (2)
php-fpm-1  | {"message":"[GraphQL] Elasticsearch\\Common\\Exceptions\\Missing404Exception: {\"error\":{\"root_cause\":[{\"type\":\"index_not_found_exception\",\"reason\":\"no such index [jm-after-build-bug-fix-ssp-3495-f5_article_2]\",\"resource.type\":\"index_or_alias\",\"resource.id\":\"jm-after-build-bug-fix-ssp-3495-f5_article_2\",\"index_uuid\":\"_na_\",\"index\":\"jm-after-build-bug-fix-ssp-3495-f5_article_2\"}],\"type\":\"index_not_found_exception\",\"reason\":\"no such index [jm-after-build-bug-fix-ssp-3495-f5_article_2]\",\"resource.type\":\"index_or_alias\",\"resource.id\":\"jm-after-build-bug-fix-ssp-3495-f5_article_2\",\"index_uuid\":\"_na_\",\"index\":\"jm-after-build-bug-fix-ssp-3495-f5_article_2\"},\"status\":404}[404] (caught throwable) at /var/www/html/vendor/elasticsearch/elasticsearch/src/Elasticsearch/Connections/Connection.php line 685.","context":{"exception":{"class":"Elasticsearch\\Common\\Exceptions\\Missing404Exception","message":"{\"error\":{\"root_cause\":[{\"type\":\"index_not_found_exception\",\"reason\":\"no such index [jm-after-build-bug-fix-ssp-3495-f5_article_2]\",\"resource.type\":\"index_or_alias\",\"resource.id\":\"jm-after-build-bug-fix-ssp-3495-f5_article_2\",\"index_uuid\":\"_na_\",\"index\":\"jm-after-build-bug-fix-ssp-3495-f5_article_2\"}],\"type\":\"index_not_found_exception\",\"reason\":\"no such index [jm-after-build-bug-fix-ssp-3495-f5_article_2]\",\"resource.type\":\"index_or_alias\",\"resource.id\":\"jm-after-build-bug-fix-ssp-3495-f5_article_2\",\"index_uuid\":\"_na_\",\"index\":\"jm-after-build-bug-fix-ssp-3495-f5_article_2\"},\"status\":404}","code":404,"file":"/var/www/html/vendor/elasticsearch/elasticsearch/src/Elasticsearch/Connections/Connection.php:685"}},"level":500,"level_name":"CRITICAL","channel":"app","datetime":"2025-07-18T16:29:04.467303+00:00","extra":{}}
php-fpm-1  | resolveFriendlyUrl: 404 Not Found because friendly URL not found with slug (info.php) and domainId (2)
php-fpm-1  | {"message":"[GraphQL] Elasticsearch\\Common\\Exceptions\\Missing404Exception: {\"error\":{\"root_cause\":[{\"type\":\"index_not_found_exception\",\"reason\":\"no such index [jm-after-build-bug-fix-ssp-3495-f5_article_2]\",\"resource.type\":\"index_or_alias\",\"resource.id\":\"jm-after-build-bug-fix-ssp-3495-f5_article_2\",\"index_uuid\":\"_na_\",\"index\":\"jm-after-build-bug-fix-ssp-3495-f5_article_2\"}],\"type\":\"index_not_found_exception\",\"reason\":\"no such index [jm-after-build-bug-fix-ssp-3495-f5_article_2]\",\"resource.type\":\"index_or_alias\",\"resource.id\":\"jm-after-build-bug-fix-ssp-3495-f5_article_2\",\"index_uuid\":\"_na_\",\"index\":\"jm-after-build-bug-fix-ssp-3495-f5_article_2\"},\"status\":404}[404] (caught throwable) at /var/www/html/vendor/elasticsearch/elasticsearch/src/Elasticsearch/Connections/Connection.php line 685.","context":{"exception":{"class":"Elasticsearch\\Common\\Exceptions\\Missing404Exception","message":"{\"error\":{\"root_cause\":[{\"type\":\"index_not_found_exception\",\"reason\":\"no such index [jm-after-build-bug-fix-ssp-3495-f5_article_2]\",\"resource.type\":\"index_or_alias\",\"resource.id\":\"jm-after-build-bug-fix-ssp-3495-f5_article_2\",\"index_uuid\":\"_na_\",\"index\":\"jm-after-build-bug-fix-ssp-3495-f5_article_2\"}],\"type\":\"index_not_found_exception\",\"reason\":\"no such index [jm-after-build-bug-fix-ssp-3495-f5_article_2]\",\"resource.type\":\"index_or_alias\",\"resource.id\":\"jm-after-build-bug-fix-ssp-3495-f5_article_2\",\"index_uuid\":\"_na_\",\"index\":\"jm-after-build-bug-fix-ssp-3495-f5_article_2\"},\"status\":404}","code":404,"file":"/var/www/html/vendor/elasticsearch/elasticsearch/src/Elasticsearch/Connections/Connection.php:685"}},"level":500,"level_name":"CRITICAL","channel":"app","datetime":"2025-07-18T16:29:05.105205+00:00","extra":{}}
php-fpm-1  | NOTICE: PHP message: 🔍 [SLIDER_SERVICE] Starting query execution
php-fpm-1  | NOTICE: PHP message: 🔍 [SLIDER_SERVICE] SliderItemFacade available: YES
php-fpm-1  | NOTICE: PHP message: 🔍 [SLIDER_CONN] Connection established: YES
php-fpm-1  | NOTICE: PHP message: 🔍 [SLIDER_PING] Connection test successful: YES
php-fpm-1  | NOTICE: PHP message: 🔍 [SLIDER] Domain ID: 2
php-fpm-1  | NOTICE: PHP message: 🔍 [SLIDER] Date filter: 2025-07-18 00:00:00
php-fpm-1  | NOTICE: PHP message: 🔍 [SLIDER] Current time: 2025-07-18 16:29:05
php-fpm-1  | NOTICE: PHP message: 🔍 [SLIDER_SQL] Generated SQL: SELECT s0_.gtm_id AS gtm_id_0, s0_.gtm_creative AS gtm_creative_1, s0_.uuid AS uuid_2, s0_.id AS id_3, s0_.name AS name_4, s0_.link AS link_5, s0_.domain_id AS domain_id_6, s0_.position AS position_7, s0_.hidden AS hidden_8, s0_.description AS description_9, s0_.rgb_background_color AS rgb_background_color_10, s0_.opacity AS opacity_11, s0_.datetime_visible_from AS datetime_visible_from_12, s0_.datetime_visible_to AS datetime_visible_to_13 FROM slider_items s0_ WHERE s0_.domain_id = ? AND s0_.hidden = ? AND (s0_.datetime_visible_from IS NULL OR s0_.datetime_visible_from <= ?) AND (s0_.datetime_visible_to IS NULL OR s0_.datetime_visible_to >= ?) ORDER BY s0_.position ASC, s0_.id ASC
php-fpm-1  | NOTICE: PHP message: 🔍 [SLIDER_SQL] Parameters: [{},{},{}]
php-fpm-1  | NOTICE: PHP message: 🔍 [SLIDER_TIMING] Query execution time: 2.392053604126ms
php-fpm-1  | NOTICE: PHP message: 🔍 [SLIDER_RESULT] Query returned: 0 records
php-fpm-1  | NOTICE: PHP message: ⚠️ [SLIDER_ISSUE] EMPTY RESULT - This is the issue!
php-fpm-1  | NOTICE: PHP message: 🔍 [SLIDER_DIAG] Testing raw SQL equivalent...
php-fpm-1  | NOTICE: PHP message: 🔍 [SLIDER_DIAG] Raw SQL count: 0
php-fpm-1  | NOTICE: PHP message: 🔍 [SLIDER_TIMING] Facade query execution: 4.9397945404053ms
php-fpm-1  | NOTICE: PHP message: 🔍 [SLIDER_RESULT] Final result count: 0
php-fpm-1  | {"message":"[GraphQL] Elasticsearch\\Common\\Exceptions\\Missing404Exception: {\"error\":{\"root_cause\":[{\"type\":\"index_not_found_exception\",\"reason\":\"no such index [jm-after-build-bug-fix-ssp-3495-f5_article_2]\",\"resource.type\":\"index_or_alias\",\"resource.id\":\"jm-after-build-bug-fix-ssp-3495-f5_article_2\",\"index_uuid\":\"_na_\",\"index\":\"jm-after-build-bug-fix-ssp-3495-f5_article_2\"}],\"type\":\"index_not_found_exception\",\"reason\":\"no such index [jm-after-build-bug-fix-ssp-3495-f5_article_2]\",\"resource.type\":\"index_or_alias\",\"resource.id\":\"jm-after-build-bug-fix-ssp-3495-f5_article_2\",\"index_uuid\":\"_na_\",\"index\":\"jm-after-build-bug-fix-ssp-3495-f5_article_2\"},\"status\":404}[404] (caught throwable) at /var/www/html/vendor/elasticsearch/elasticsearch/src/Elasticsearch/Connections/Connection.php line 685.","context":{"exception":{"class":"Elasticsearch\\Common\\Exceptions\\Missing404Exception","message":"{\"error\":{\"root_cause\":[{\"type\":\"index_not_found_exception\",\"reason\":\"no such index [jm-after-build-bug-fix-ssp-3495-f5_article_2]\",\"resource.type\":\"index_or_alias\",\"resource.id\":\"jm-after-build-bug-fix-ssp-3495-f5_article_2\",\"index_uuid\":\"_na_\",\"index\":\"jm-after-build-bug-fix-ssp-3495-f5_article_2\"}],\"type\":\"index_not_found_exception\",\"reason\":\"no such index [jm-after-build-bug-fix-ssp-3495-f5_article_2]\",\"resource.type\":\"index_or_alias\",\"resource.id\":\"jm-after-build-bug-fix-ssp-3495-f5_article_2\",\"index_uuid\":\"_na_\",\"index\":\"jm-after-build-bug-fix-ssp-3495-f5_article_2\"},\"status\":404}","code":404,"file":"/var/www/html/vendor/elasticsearch/elasticsearch/src/Elasticsearch/Connections/Connection.php:685"}},"level":500,"level_name":"CRITICAL","channel":"app","datetime":"2025-07-18T16:29:05.685796+00:00","extra":{}}
php-fpm-1  | {"message":"[GraphQL] Elasticsearch\\Common\\Exceptions\\Missing404Exception: {\"error\":{\"root_cause\":[{\"type\":\"index_not_found_exception\",\"reason\":\"no such index [jm-after-build-bug-fix-ssp-3495-f5_product_2]\",\"resource.type\":\"index_or_alias\",\"resource.id\":\"jm-after-build-bug-fix-ssp-3495-f5_product_2\",\"index_uuid\":\"_na_\",\"index\":\"jm-after-build-bug-fix-ssp-3495-f5_product_2\"}],\"type\":\"index_not_found_exception\",\"reason\":\"no such index [jm-after-build-bug-fix-ssp-3495-f5_product_2]\",\"resource.type\":\"index_or_alias\",\"resource.id\":\"jm-after-build-bug-fix-ssp-3495-f5_product_2\",\"index_uuid\":\"_na_\",\"index\":\"jm-after-build-bug-fix-ssp-3495-f5_product_2\"},\"status\":404}[404] (caught throwable) at /var/www/html/vendor/elasticsearch/elasticsearch/src/Elasticsearch/Connections/Connection.php line 685.","context":{"exception":{"class":"Elasticsearch\\Common\\Exceptions\\Missing404Exception","message":"{\"error\":{\"root_cause\":[{\"type\":\"index_not_found_exception\",\"reason\":\"no such index [jm-after-build-bug-fix-ssp-3495-f5_product_2]\",\"resource.type\":\"index_or_alias\",\"resource.id\":\"jm-after-build-bug-fix-ssp-3495-f5_product_2\",\"index_uuid\":\"_na_\",\"index\":\"jm-after-build-bug-fix-ssp-3495-f5_product_2\"}],\"type\":\"index_not_found_exception\",\"reason\":\"no such index [jm-after-build-bug-fix-ssp-3495-f5_product_2]\",\"resource.type\":\"index_or_alias\",\"resource.id\":\"jm-after-build-bug-fix-ssp-3495-f5_product_2\",\"index_uuid\":\"_na_\",\"index\":\"jm-after-build-bug-fix-ssp-3495-f5_product_2\"},\"status\":404}","code":404,"file":"/var/www/html/vendor/elasticsearch/elasticsearch/src/Elasticsearch/Connections/Connection.php:685"}},"level":500,"level_name":"CRITICAL","channel":"app","datetime":"2025-07-18T16:29:05.693792+00:00","extra":{}}
php-fpm-1  | {"message":"[GraphQL] Elasticsearch\\Common\\Exceptions\\Missing404Exception: {\"error\":{\"root_cause\":[{\"type\":\"index_not_found_exception\",\"reason\":\"no such index [jm-after-build-bug-fix-ssp-3495-f5_blog_article_2]\",\"resource.type\":\"index_or_alias\",\"resource.id\":\"jm-after-build-bug-fix-ssp-3495-f5_blog_article_2\",\"index_uuid\":\"_na_\",\"index\":\"jm-after-build-bug-fix-ssp-3495-f5_blog_article_2\"}],\"type\":\"index_not_found_exception\",\"reason\":\"no such index [jm-after-build-bug-fix-ssp-3495-f5_blog_article_2]\",\"resource.type\":\"index_or_alias\",\"resource.id\":\"jm-after-build-bug-fix-ssp-3495-f5_blog_article_2\",\"index_uuid\":\"_na_\",\"index\":\"jm-after-build-bug-fix-ssp-3495-f5_blog_article_2\"},\"status\":404}[404] (caught throwable) at /var/www/html/vendor/elasticsearch/elasticsearch/src/Elasticsearch/Connections/Connection.php line 685.","context":{"exception":{"class":"Elasticsearch\\Common\\Exceptions\\Missing404Exception","message":"{\"error\":{\"root_cause\":[{\"type\":\"index_not_found_exception\",\"reason\":\"no such index [jm-after-build-bug-fix-ssp-3495-f5_blog_article_2]\",\"resource.type\":\"index_or_alias\",\"resource.id\":\"jm-after-build-bug-fix-ssp-3495-f5_blog_article_2\",\"index_uuid\":\"_na_\",\"index\":\"jm-after-build-bug-fix-ssp-3495-f5_blog_article_2\"}],\"type\":\"index_not_found_exception\",\"reason\":\"no such index [jm-after-build-bug-fix-ssp-3495-f5_blog_article_2]\",\"resource.type\":\"index_or_alias\",\"resource.id\":\"jm-after-build-bug-fix-ssp-3495-f5_blog_article_2\",\"index_uuid\":\"_na_\",\"index\":\"jm-after-build-bug-fix-ssp-3495-f5_blog_article_2\"},\"status\":404}","code":404,"file":"/var/www/html/vendor/elasticsearch/elasticsearch/src/Elasticsearch/Connections/Connection.php:685"}},"level":500,"level_name":"CRITICAL","channel":"app","datetime":"2025-07-18T16:29:05.775535+00:00","extra":{}}
php-fpm-1  | resolveFriendlyUrl: 404 Not Found because friendly URL not found with slug (.git/config) and domainId (1)
php-fpm-1  | resolveFriendlyUrl: 404 Not Found because friendly URL not found with slug (.git/config) and domainId (2)
php-fpm-1  | resolveFriendlyUrl: 404 Not Found because friendly URL not found with slug (.git/config) and domainId (2)
php-fpm-1  | NOTICE: PHP message: 🔍 [SLIDER_SERVICE] Starting query execution
php-fpm-1  | NOTICE: PHP message: 🔍 [SLIDER_SERVICE] SliderItemFacade available: YES
php-fpm-1  | NOTICE: PHP message: 🔍 [SLIDER_CONN] Connection established: YES
php-fpm-1  | NOTICE: PHP message: 🔍 [SLIDER_PING] Connection test successful: YES
php-fpm-1  | NOTICE: PHP message: 🔍 [SLIDER] Domain ID: 1
php-fpm-1  | NOTICE: PHP message: 🔍 [SLIDER] Date filter: 2025-07-18 00:00:00
php-fpm-1  | NOTICE: PHP message: 🔍 [SLIDER] Current time: 2025-07-18 16:30:10
php-fpm-1  | NOTICE: PHP message: 🔍 [SLIDER_SQL] Generated SQL: SELECT s0_.gtm_id AS gtm_id_0, s0_.gtm_creative AS gtm_creative_1, s0_.uuid AS uuid_2, s0_.id AS id_3, s0_.name AS name_4, s0_.link AS link_5, s0_.domain_id AS domain_id_6, s0_.position AS position_7, s0_.hidden AS hidden_8, s0_.description AS description_9, s0_.rgb_background_color AS rgb_background_color_10, s0_.opacity AS opacity_11, s0_.datetime_visible_from AS datetime_visible_from_12, s0_.datetime_visible_to AS datetime_visible_to_13 FROM slider_items s0_ WHERE s0_.domain_id = ? AND s0_.hidden = ? AND (s0_.datetime_visible_from IS NULL OR s0_.datetime_visible_from <= ?) AND (s0_.datetime_visible_to IS NULL OR s0_.datetime_visible_to >= ?) ORDER BY s0_.position ASC, s0_.id ASC
php-fpm-1  | NOTICE: PHP message: 🔍 [SLIDER_SQL] Parameters: [{},{},{}]
php-fpm-1  | NOTICE: PHP message: 🔍 [SLIDER_TIMING] Query execution time: 4.6648979187012ms
php-fpm-1  | NOTICE: PHP message: 🔍 [SLIDER_RESULT] Query returned: 3 records
php-fpm-1  | NOTICE: PHP message: 🔍 [SLIDER_TIMING] Facade query execution: 6.5271854400635ms
php-fpm-1  | NOTICE: PHP message: 🔍 [SLIDER_RESULT] Final result count: 3
php-fpm-1  | resolveFriendlyUrl: 404 Not Found because friendly URL not found with slug (.git/config) and domainId (2)
php-fpm-1  | resolveFriendlyUrl: 404 Not Found because friendly URL not found with slug (.git/config) and domainId (1)
php-fpm-1  | resolveFriendlyUrl: 404 Not Found because friendly URL not found with slug (.git/config) and domainId (2)
php-fpm-1  | resolveFriendlyUrl: 404 Not Found because friendly URL not found with slug (.git/config) and domainId (1)
github-runner@odin:~/actions-runner/_work/shopsys/shopsys/jm-after-build-bug-fix-ssp-3495-f5$
