php-fpm-1  | [18-Jul-2025 16:53:57] NOTICE: [pool www] 'user' directive is ignored when FPM is not running as root
php-fpm-1  | [18-Jul-2025 16:53:57] NOTICE: [pool www] 'group' directive is ignored when FPM is not running as root
php-fpm-1  | [18-Jul-2025 16:53:57] NOTICE: fpm is running, pid 1
php-fpm-1  | [18-Jul-2025 16:53:57] NOTICE: ready to handle connections
php-fpm-1  | {"message":"Migrating up to Shopsys\\FrameworkBundle\\Migrations\\Version20250612072749","context":{"direction":"up","to":"Shopsys\\FrameworkBundle\\Migrations\\Version20250612072749"},"level":250,"level_name":"NOTICE","channel":"app","datetime":"2025-07-18T16:54:13.058184+00:00","extra":{}}
php-fpm-1  | {"message":"finished in 1686.6ms, used 52.5M memory, 361 migrations executed, 343376 sql queries","context":{"duration":1686.6,"memory":"52.5M","migrations_count":361,"queries_count":343376},"level":250,"level_name":"NOTICE","channel":"app","datetime":"2025-07-18T16:54:14.747629+00:00","extra":{}}
php-fpm-1  | {"message":"Uncaught PHP Exception Shopsys\\FrameworkBundle\\Component\\Domain\\Exception\\UnableToResolveDomainException: \"Unable to resolve domain for URL \"http://webserver:8080\". Check your configuration in \"config/domains_urls.yaml\".\" at Domain.php line 179","context":{"exception":{"class":"Shopsys\\FrameworkBundle\\Component\\Domain\\Exception\\UnableToResolveDomainException","message":"Unable to resolve domain for URL \"http://webserver:8080\". Check your configuration in \"config/domains_urls.yaml\".","code":0,"file":"/var/www/html/packages/framework/src/Component/Domain/Domain.php:179"}},"level":500,"level_name":"CRITICAL","channel":"request","datetime":"2025-07-18T16:54:21.466747+00:00","extra":{"errorId":"LgtfYsr3d7"}}
php-fpm-1  | {"message":"Uncaught PHP Exception Shopsys\\FrameworkBundle\\Component\\Domain\\Exception\\UnableToResolveDomainException: \"Unable to resolve domain for URL \"http://webserver:8080\". Check your configuration in \"config/domains_urls.yaml\".\" at Domain.php line 179","context":{"exception":{"class":"Shopsys\\FrameworkBundle\\Component\\Domain\\Exception\\UnableToResolveDomainException","message":"Unable to resolve domain for URL \"http://webserver:8080\". Check your configuration in \"config/domains_urls.yaml\".","code":0,"file":"/var/www/html/packages/framework/src/Component/Domain/Domain.php:179"}},"level":500,"level_name":"CRITICAL","channel":"request","datetime":"2025-07-18T16:54:21.681371+00:00","extra":{"errorId":"iq7eIlh9HJ"}}
php-fpm-1  | {"message":"Uncaught PHP Exception Shopsys\\FrameworkBundle\\Component\\Domain\\Exception\\UnableToResolveDomainException: \"Unable to resolve domain for URL \"http://webserver:8080\". Check your configuration in \"config/domains_urls.yaml\".\" at Domain.php line 179","context":{"exception":{"class":"Shopsys\\FrameworkBundle\\Component\\Domain\\Exception\\UnableToResolveDomainException","message":"Unable to resolve domain for URL \"http://webserver:8080\". Check your configuration in \"config/domains_urls.yaml\".","code":0,"file":"/var/www/html/packages/framework/src/Component/Domain/Domain.php:179"}},"level":500,"level_name":"CRITICAL","channel":"request","datetime":"2025-07-18T16:54:21.873488+00:00","extra":{"errorId":"agdQKBjIGo"}}
php-fpm-1  | resolveFriendlyUrl: 404 Not Found because friendly URL not found with slug (.git/config) and domainId (2)
php-fpm-1  | {"message":"Uncaught PHP Exception Shopsys\\FrameworkBundle\\Component\\Domain\\Exception\\UnableToResolveDomainException: \"Unable to resolve domain for URL \"http://webserver:8080\". Check your configuration in \"config/domains_urls.yaml\".\" at Domain.php line 179","context":{"exception":{"class":"Shopsys\\FrameworkBundle\\Component\\Domain\\Exception\\UnableToResolveDomainException","message":"Unable to resolve domain for URL \"http://webserver:8080\". Check your configuration in \"config/domains_urls.yaml\".","code":0,"file":"/var/www/html/packages/framework/src/Component/Domain/Domain.php:179"}},"level":500,"level_name":"CRITICAL","channel":"request","datetime":"2025-07-18T16:54:21.987580+00:00","extra":{"errorId":"XJ0QZO1rzN"}}
php-fpm-1  | {"message":"Uncaught PHP Exception Shopsys\\FrameworkBundle\\Component\\Domain\\Exception\\UnableToResolveDomainException: \"Unable to resolve domain for URL \"http://webserver:8080\". Check your configuration in \"config/domains_urls.yaml\".\" at Domain.php line 179","context":{"exception":{"class":"Shopsys\\FrameworkBundle\\Component\\Domain\\Exception\\UnableToResolveDomainException","message":"Unable to resolve domain for URL \"http://webserver:8080\". Check your configuration in \"config/domains_urls.yaml\".","code":0,"file":"/var/www/html/packages/framework/src/Component/Domain/Domain.php:179"}},"level":500,"level_name":"CRITICAL","channel":"request","datetime":"2025-07-18T16:54:22.061644+00:00","extra":{"errorId":"XeSSwBQEKi"}}
php-fpm-1  | {"message":"Uncaught PHP Exception Shopsys\\FrameworkBundle\\Component\\Domain\\Exception\\UnableToResolveDomainException: \"Unable to resolve domain for URL \"http://webserver:8080\". Check your configuration in \"config/domains_urls.yaml\".\" at Domain.php line 179","context":{"exception":{"class":"Shopsys\\FrameworkBundle\\Component\\Domain\\Exception\\UnableToResolveDomainException","message":"Unable to resolve domain for URL \"http://webserver:8080\". Check your configuration in \"config/domains_urls.yaml\".","code":0,"file":"/var/www/html/packages/framework/src/Component/Domain/Domain.php:179"}},"level":500,"level_name":"CRITICAL","channel":"request","datetime":"2025-07-18T16:54:22.137048+00:00","extra":{"errorId":"CBi6RbhiN9"}}
php-fpm-1  | {"message":"[GraphQL] Elasticsearch\\Common\\Exceptions\\Missing404Exception: {\"error\":{\"root_cause\":[{\"type\":\"index_not_found_exception\",\"reason\":\"no such index [jm-after-build-bug-fix-ssp-3495-f6_article_2]\",\"resource.type\":\"index_or_alias\",\"resource.id\":\"jm-after-build-bug-fix-ssp-3495-f6_article_2\",\"index_uuid\":\"_na_\",\"index\":\"jm-after-build-bug-fix-ssp-3495-f6_article_2\"}],\"type\":\"index_not_found_exception\",\"reason\":\"no such index [jm-after-build-bug-fix-ssp-3495-f6_article_2]\",\"resource.type\":\"index_or_alias\",\"resource.id\":\"jm-after-build-bug-fix-ssp-3495-f6_article_2\",\"index_uuid\":\"_na_\",\"index\":\"jm-after-build-bug-fix-ssp-3495-f6_article_2\"},\"status\":404}[404] (caught throwable) at /var/www/html/vendor/elasticsearch/elasticsearch/src/Elasticsearch/Connections/Connection.php line 685.","context":{"exception":{"class":"Elasticsearch\\Common\\Exceptions\\Missing404Exception","message":"{\"error\":{\"root_cause\":[{\"type\":\"index_not_found_exception\",\"reason\":\"no such index [jm-after-build-bug-fix-ssp-3495-f6_article_2]\",\"resource.type\":\"index_or_alias\",\"resource.id\":\"jm-after-build-bug-fix-ssp-3495-f6_article_2\",\"index_uuid\":\"_na_\",\"index\":\"jm-after-build-bug-fix-ssp-3495-f6_article_2\"}],\"type\":\"index_not_found_exception\",\"reason\":\"no such index [jm-after-build-bug-fix-ssp-3495-f6_article_2]\",\"resource.type\":\"index_or_alias\",\"resource.id\":\"jm-after-build-bug-fix-ssp-3495-f6_article_2\",\"index_uuid\":\"_na_\",\"index\":\"jm-after-build-bug-fix-ssp-3495-f6_article_2\"},\"status\":404}","code":404,"file":"/var/www/html/vendor/elasticsearch/elasticsearch/src/Elasticsearch/Connections/Connection.php:685"}},"level":500,"level_name":"CRITICAL","channel":"app","datetime":"2025-07-18T16:54:23.304656+00:00","extra":{}}
php-fpm-1  | NOTICE: PHP message: 🔍 [SERVICE] Starting query execution
php-fpm-1  | NOTICE: PHP message: 🔍 [TEST] PromotedCategoriesQuery::promotedCategoriesQuery() was called!
php-fpm-1  | NOTICE: PHP message: 🔍 [SERVICE] EntityManager available: YES
php-fpm-1  | NOTICE: PHP message: 🔍 [SERVICE] Domain service available: YES
php-fpm-1  | NOTICE: PHP message: 🔍 [TIMING] Domain config retrieval: 0.014066696166992ms
php-fpm-1  | NOTICE: PHP message: 🔍 [SERVICE] Domain config retrieved successfully
php-fpm-1  | NOTICE: PHP message: 🔍 [PROMOTED_CONN] Connection established: YES
php-fpm-1  | NOTICE: PHP message: 🔍 [PROMOTED_PING] Connection test successful: YES
php-fpm-1  | NOTICE: PHP message: 🔍 [PROMOTED] Domain: 2.shopsys (ID: 2)
php-fpm-1  | NOTICE: PHP message: 🔍 [PROMOTED] Locale: cs
php-fpm-1  | NOTICE: PHP message: 🔍 [PROMOTED] URL: https://cz.jm-after-build-bug-fix-ssp-3495-f6.odin.shopsys.cloud
php-fpm-1  | NOTICE: PHP message: 🔍 [PROMOTED] Base query builder created
php-fpm-1  | NOTICE: PHP message: 🔍 [PROMOTED_SQL] Generated SQL: SELECT c0_.id AS id_0, c0_.uuid AS uuid_1, c0_.level AS level_2, c0_.lft AS lft_3, c0_.rgt AS rgt_4, c0_.automated_filters AS automated_filters_5, c1_.id AS id_6, c1_.domain_id AS domain_id_7, c1_.seo_title AS seo_title_8, c1_.seo_meta_description AS seo_meta_description_9, c1_.seo_h1 AS seo_h1_10, c1_.enabled AS enabled_11, c1_.visible AS visible_12, c1_.description AS description_13, c2_.name AS name_14, c2_.id AS id_15, c2_.locale AS locale_16, c0_.parent_id AS parent_id_17, c1_.category_id AS category_id_18, c2_.translatable_id AS translatable_id_19 FROM categories c0_ INNER JOIN category_domains c1_ ON c0_.id = c1_.category_id AND (c1_.domain_id = ? AND c1_.visible = true) INNER JOIN categories_top c3_ ON (c3_.category_id = c0_.id AND c3_.domain_id = ?) INNER JOIN category_translations c2_ ON c0_.id = c2_.translatable_id AND (c2_.locale = ?) WHERE c0_.parent_id IS NOT NULL ORDER BY c3_.position ASC
php-fpm-1  | NOTICE: PHP message: 🔍 [PROMOTED_SQL] Parameters: [{},{}]
php-fpm-1  | NOTICE: PHP message: 🔍 [PROMOTED_TIMING] Query execution time: 8.8541507720947ms
php-fpm-1  | NOTICE: PHP message: 🔍 [PROMOTED_RESULT] Query returned: 0 records
php-fpm-1  | NOTICE: PHP message: ⚠️ [PROMOTED_ISSUE] EMPTY RESULT - This is the issue!
php-fpm-1  | NOTICE: PHP message: 🔍 [PROMOTED_DIAG] Testing raw SQL equivalent...
php-fpm-1  | NOTICE: PHP message: 🔍 [PROMOTED_DIAG] Raw SQL returned: 0 records
php-fpm-1  | NOTICE: PHP message: 🔍 [PROMOTED_DIAG] Raw SQL also returns empty - no data exists
php-fpm-1  | NOTICE: PHP message: 🔍 [TIMING] Facade query execution: 27.539968490601ms
php-fpm-1  | NOTICE: PHP message: 🔍 [PROMOTED_FINAL] Final result count: 0
php-fpm-1  | {"message":"[GraphQL] Elasticsearch\\Common\\Exceptions\\Missing404Exception: {\"error\":{\"root_cause\":[{\"type\":\"index_not_found_exception\",\"reason\":\"no such index [jm-after-build-bug-fix-ssp-3495-f6_article_2]\",\"resource.type\":\"index_or_alias\",\"resource.id\":\"jm-after-build-bug-fix-ssp-3495-f6_article_2\",\"index_uuid\":\"_na_\",\"index\":\"jm-after-build-bug-fix-ssp-3495-f6_article_2\"}],\"type\":\"index_not_found_exception\",\"reason\":\"no such index [jm-after-build-bug-fix-ssp-3495-f6_article_2]\",\"resource.type\":\"index_or_alias\",\"resource.id\":\"jm-after-build-bug-fix-ssp-3495-f6_article_2\",\"index_uuid\":\"_na_\",\"index\":\"jm-after-build-bug-fix-ssp-3495-f6_article_2\"},\"status\":404}[404] (caught throwable) at /var/www/html/vendor/elasticsearch/elasticsearch/src/Elasticsearch/Connections/Connection.php line 685.","context":{"exception":{"class":"Elasticsearch\\Common\\Exceptions\\Missing404Exception","message":"{\"error\":{\"root_cause\":[{\"type\":\"index_not_found_exception\",\"reason\":\"no such index [jm-after-build-bug-fix-ssp-3495-f6_article_2]\",\"resource.type\":\"index_or_alias\",\"resource.id\":\"jm-after-build-bug-fix-ssp-3495-f6_article_2\",\"index_uuid\":\"_na_\",\"index\":\"jm-after-build-bug-fix-ssp-3495-f6_article_2\"}],\"type\":\"index_not_found_exception\",\"reason\":\"no such index [jm-after-build-bug-fix-ssp-3495-f6_article_2]\",\"resource.type\":\"index_or_alias\",\"resource.id\":\"jm-after-build-bug-fix-ssp-3495-f6_article_2\",\"index_uuid\":\"_na_\",\"index\":\"jm-after-build-bug-fix-ssp-3495-f6_article_2\"},\"status\":404}","code":404,"file":"/var/www/html/vendor/elasticsearch/elasticsearch/src/Elasticsearch/Connections/Connection.php:685"}},"level":500,"level_name":"CRITICAL","channel":"app","datetime":"2025-07-18T16:54:24.039161+00:00","extra":{}}
php-fpm-1  | {"message":"[GraphQL] Elasticsearch\\Common\\Exceptions\\Missing404Exception: {\"error\":{\"root_cause\":[{\"type\":\"index_not_found_exception\",\"reason\":\"no such index [jm-after-build-bug-fix-ssp-3495-f6_product_2]\",\"resource.type\":\"index_or_alias\",\"resource.id\":\"jm-after-build-bug-fix-ssp-3495-f6_product_2\",\"index_uuid\":\"_na_\",\"index\":\"jm-after-build-bug-fix-ssp-3495-f6_product_2\"}],\"type\":\"index_not_found_exception\",\"reason\":\"no such index [jm-after-build-bug-fix-ssp-3495-f6_product_2]\",\"resource.type\":\"index_or_alias\",\"resource.id\":\"jm-after-build-bug-fix-ssp-3495-f6_product_2\",\"index_uuid\":\"_na_\",\"index\":\"jm-after-build-bug-fix-ssp-3495-f6_product_2\"},\"status\":404}[404] (caught throwable) at /var/www/html/vendor/elasticsearch/elasticsearch/src/Elasticsearch/Connections/Connection.php line 685.","context":{"exception":{"class":"Elasticsearch\\Common\\Exceptions\\Missing404Exception","message":"{\"error\":{\"root_cause\":[{\"type\":\"index_not_found_exception\",\"reason\":\"no such index [jm-after-build-bug-fix-ssp-3495-f6_product_2]\",\"resource.type\":\"index_or_alias\",\"resource.id\":\"jm-after-build-bug-fix-ssp-3495-f6_product_2\",\"index_uuid\":\"_na_\",\"index\":\"jm-after-build-bug-fix-ssp-3495-f6_product_2\"}],\"type\":\"index_not_found_exception\",\"reason\":\"no such index [jm-after-build-bug-fix-ssp-3495-f6_product_2]\",\"resource.type\":\"index_or_alias\",\"resource.id\":\"jm-after-build-bug-fix-ssp-3495-f6_product_2\",\"index_uuid\":\"_na_\",\"index\":\"jm-after-build-bug-fix-ssp-3495-f6_product_2\"},\"status\":404}","code":404,"file":"/var/www/html/vendor/elasticsearch/elasticsearch/src/Elasticsearch/Connections/Connection.php:685"}},"level":500,"level_name":"CRITICAL","channel":"app","datetime":"2025-07-18T16:54:24.069922+00:00","extra":{}}
php-fpm-1  | NOTICE: PHP message: 🔍 [SLIDER_SERVICE] Starting query execution
php-fpm-1  | NOTICE: PHP message: 🔍 [SLIDER_SERVICE] SliderItemFacade available: YES
php-fpm-1  | NOTICE: PHP message: 🔍 [SLIDER_CONN] Connection established: YES
php-fpm-1  | NOTICE: PHP message: 🔍 [SLIDER_PING] Connection test successful: YES
php-fpm-1  | NOTICE: PHP message: 🔍 [SLIDER] Domain ID: 2
php-fpm-1  | NOTICE: PHP message: 🔍 [SLIDER] Date filter: 2025-07-18 00:00:00
php-fpm-1  | NOTICE: PHP message: 🔍 [SLIDER] Current time: 2025-07-18 16:54:24
php-fpm-1  | NOTICE: PHP message: 🔍 [SLIDER_SQL] Generated SQL: SELECT s0_.gtm_id AS gtm_id_0, s0_.gtm_creative AS gtm_creative_1, s0_.uuid AS uuid_2, s0_.id AS id_3, s0_.name AS name_4, s0_.link AS link_5, s0_.domain_id AS domain_id_6, s0_.position AS position_7, s0_.hidden AS hidden_8, s0_.description AS description_9, s0_.rgb_background_color AS rgb_background_color_10, s0_.opacity AS opacity_11, s0_.datetime_visible_from AS datetime_visible_from_12, s0_.datetime_visible_to AS datetime_visible_to_13 FROM slider_items s0_ WHERE s0_.domain_id = ? AND s0_.hidden = ? AND (s0_.datetime_visible_from IS NULL OR s0_.datetime_visible_from <= ?) AND (s0_.datetime_visible_to IS NULL OR s0_.datetime_visible_to >= ?) ORDER BY s0_.position ASC, s0_.id ASC
php-fpm-1  | NOTICE: PHP message: 🔍 [SLIDER_SQL] Parameters: [{},{},{}]
php-fpm-1  | NOTICE: PHP message: 🔍 [SLIDER_TIMING] Query execution time: 10.184049606323ms
php-fpm-1  | NOTICE: PHP message: 🔍 [SLIDER_RESULT] Query returned: 0 records
php-fpm-1  | NOTICE: PHP message: ⚠️ [SLIDER_ISSUE] EMPTY RESULT - This is the issue!
php-fpm-1  | NOTICE: PHP message: 🔍 [SLIDER_DIAG] Testing raw SQL equivalent...
php-fpm-1  | NOTICE: PHP message: 🔍 [SLIDER_DIAG] Raw SQL count: 0
php-fpm-1  | NOTICE: PHP message: 🔍 [SLIDER_TIMING] Facade query execution: 68.451166152954ms
php-fpm-1  | NOTICE: PHP message: 🔍 [SLIDER_RESULT] Final result count: 0
php-fpm-1  | [18-Jul-2025 16:54:24] WARNING: [pool www] seems busy (you may need to increase pm.start_servers, or pm.min/max_spare_servers), spawning 8 children, there are 0 idle, and 4 total children
php-fpm-1  | {"message":"[GraphQL] Elasticsearch\\Common\\Exceptions\\Missing404Exception: {\"error\":{\"root_cause\":[{\"type\":\"index_not_found_exception\",\"reason\":\"no such index [jm-after-build-bug-fix-ssp-3495-f6_blog_article_2]\",\"resource.type\":\"index_or_alias\",\"resource.id\":\"jm-after-build-bug-fix-ssp-3495-f6_blog_article_2\",\"index_uuid\":\"_na_\",\"index\":\"jm-after-build-bug-fix-ssp-3495-f6_blog_article_2\"}],\"type\":\"index_not_found_exception\",\"reason\":\"no such index [jm-after-build-bug-fix-ssp-3495-f6_blog_article_2]\",\"resource.type\":\"index_or_alias\",\"resource.id\":\"jm-after-build-bug-fix-ssp-3495-f6_blog_article_2\",\"index_uuid\":\"_na_\",\"index\":\"jm-after-build-bug-fix-ssp-3495-f6_blog_article_2\"},\"status\":404}[404] (caught throwable) at /var/www/html/vendor/elasticsearch/elasticsearch/src/Elasticsearch/Connections/Connection.php line 685.","context":{"exception":{"class":"Elasticsearch\\Common\\Exceptions\\Missing404Exception","message":"{\"error\":{\"root_cause\":[{\"type\":\"index_not_found_exception\",\"reason\":\"no such index [jm-after-build-bug-fix-ssp-3495-f6_blog_article_2]\",\"resource.type\":\"index_or_alias\",\"resource.id\":\"jm-after-build-bug-fix-ssp-3495-f6_blog_article_2\",\"index_uuid\":\"_na_\",\"index\":\"jm-after-build-bug-fix-ssp-3495-f6_blog_article_2\"}],\"type\":\"index_not_found_exception\",\"reason\":\"no such index [jm-after-build-bug-fix-ssp-3495-f6_blog_article_2]\",\"resource.type\":\"index_or_alias\",\"resource.id\":\"jm-after-build-bug-fix-ssp-3495-f6_blog_article_2\",\"index_uuid\":\"_na_\",\"index\":\"jm-after-build-bug-fix-ssp-3495-f6_blog_article_2\"},\"status\":404}","code":404,"file":"/var/www/html/vendor/elasticsearch/elasticsearch/src/Elasticsearch/Connections/Connection.php:685"}},"level":500,"level_name":"CRITICAL","channel":"app","datetime":"2025-07-18T16:54:24.535978+00:00","extra":{}}
php-fpm-1  | {"message":"[GraphQL] Elasticsearch\\Common\\Exceptions\\Missing404Exception: {\"error\":{\"root_cause\":[{\"type\":\"index_not_found_exception\",\"reason\":\"no such index [jm-after-build-bug-fix-ssp-3495-f6_article_1]\",\"resource.type\":\"index_or_alias\",\"resource.id\":\"jm-after-build-bug-fix-ssp-3495-f6_article_1\",\"index_uuid\":\"_na_\",\"index\":\"jm-after-build-bug-fix-ssp-3495-f6_article_1\"}],\"type\":\"index_not_found_exception\",\"reason\":\"no such index [jm-after-build-bug-fix-ssp-3495-f6_article_1]\",\"resource.type\":\"index_or_alias\",\"resource.id\":\"jm-after-build-bug-fix-ssp-3495-f6_article_1\",\"index_uuid\":\"_na_\",\"index\":\"jm-after-build-bug-fix-ssp-3495-f6_article_1\"},\"status\":404}[404] (caught throwable) at /var/www/html/vendor/elasticsearch/elasticsearch/src/Elasticsearch/Connections/Connection.php line 685.","context":{"exception":{"class":"Elasticsearch\\Common\\Exceptions\\Missing404Exception","message":"{\"error\":{\"root_cause\":[{\"type\":\"index_not_found_exception\",\"reason\":\"no such index [jm-after-build-bug-fix-ssp-3495-f6_article_1]\",\"resource.type\":\"index_or_alias\",\"resource.id\":\"jm-after-build-bug-fix-ssp-3495-f6_article_1\",\"index_uuid\":\"_na_\",\"index\":\"jm-after-build-bug-fix-ssp-3495-f6_article_1\"}],\"type\":\"index_not_found_exception\",\"reason\":\"no such index [jm-after-build-bug-fix-ssp-3495-f6_article_1]\",\"resource.type\":\"index_or_alias\",\"resource.id\":\"jm-after-build-bug-fix-ssp-3495-f6_article_1\",\"index_uuid\":\"_na_\",\"index\":\"jm-after-build-bug-fix-ssp-3495-f6_article_1\"},\"status\":404}","code":404,"file":"/var/www/html/vendor/elasticsearch/elasticsearch/src/Elasticsearch/Connections/Connection.php:685"}},"level":500,"level_name":"CRITICAL","channel":"app","datetime":"2025-07-18T16:54:24.913993+00:00","extra":{}}
php-fpm-1  | NOTICE: PHP message: 🔍 [SLIDER_SERVICE] Starting query execution
php-fpm-1  | NOTICE: PHP message: 🔍 [SLIDER_SERVICE] SliderItemFacade available: YES
php-fpm-1  | NOTICE: PHP message: 🔍 [SLIDER_CONN] Connection established: YES
php-fpm-1  | NOTICE: PHP message: 🔍 [SLIDER_PING] Connection test successful: YES
php-fpm-1  | NOTICE: PHP message: 🔍 [SLIDER] Domain ID: 1
php-fpm-1  | NOTICE: PHP message: 🔍 [SLIDER] Date filter: 2025-07-18 00:00:00
php-fpm-1  | NOTICE: PHP message: 🔍 [SLIDER] Current time: 2025-07-18 16:54:25
php-fpm-1  | NOTICE: PHP message: 🔍 [SLIDER_SQL] Generated SQL: SELECT s0_.gtm_id AS gtm_id_0, s0_.gtm_creative AS gtm_creative_1, s0_.uuid AS uuid_2, s0_.id AS id_3, s0_.name AS name_4, s0_.link AS link_5, s0_.domain_id AS domain_id_6, s0_.position AS position_7, s0_.hidden AS hidden_8, s0_.description AS description_9, s0_.rgb_background_color AS rgb_background_color_10, s0_.opacity AS opacity_11, s0_.datetime_visible_from AS datetime_visible_from_12, s0_.datetime_visible_to AS datetime_visible_to_13 FROM slider_items s0_ WHERE s0_.domain_id = ? AND s0_.hidden = ? AND (s0_.datetime_visible_from IS NULL OR s0_.datetime_visible_from <= ?) AND (s0_.datetime_visible_to IS NULL OR s0_.datetime_visible_to >= ?) ORDER BY s0_.position ASC, s0_.id ASC
php-fpm-1  | NOTICE: PHP message: 🔍 [SLIDER_SQL] Parameters: [{},{},{}]
php-fpm-1  | NOTICE: PHP message: 🔍 [SLIDER_TIMING] Query execution time: 4.4698715209961ms
php-fpm-1  | NOTICE: PHP message: 🔍 [SLIDER_RESULT] Query returned: 0 records
php-fpm-1  | NOTICE: PHP message: ⚠️ [SLIDER_ISSUE] EMPTY RESULT - This is the issue!
php-fpm-1  | NOTICE: PHP message: 🔍 [SLIDER_DIAG] Testing raw SQL equivalent...
php-fpm-1  | NOTICE: PHP message: 🔍 [SLIDER_DIAG] Raw SQL count: 0
php-fpm-1  | NOTICE: PHP message: 🔍 [SLIDER_TIMING] Facade query execution: 26.106119155884ms
php-fpm-1  | NOTICE: PHP message: 🔍 [SLIDER_RESULT] Final result count: 0
php-fpm-1  | NOTICE: PHP message: 🔍 [SERVICE] Starting query execution
php-fpm-1  | NOTICE: PHP message: 🔍 [TEST] PromotedCategoriesQuery::promotedCategoriesQuery() was called!
php-fpm-1  | NOTICE: PHP message: 🔍 [SERVICE] EntityManager available: YES
php-fpm-1  | NOTICE: PHP message: 🔍 [SERVICE] Domain service available: YES
php-fpm-1  | NOTICE: PHP message: 🔍 [TIMING] Domain config retrieval: 0.021219253540039ms
php-fpm-1  | NOTICE: PHP message: 🔍 [SERVICE] Domain config retrieved successfully
php-fpm-1  | NOTICE: PHP message: 🔍 [PROMOTED_CONN] Connection established: YES
php-fpm-1  | NOTICE: PHP message: 🔍 [PROMOTED_PING] Connection test successful: YES
php-fpm-1  | NOTICE: PHP message: 🔍 [PROMOTED] Domain: shopsys (ID: 1)
php-fpm-1  | NOTICE: PHP message: 🔍 [PROMOTED] Locale: en
php-fpm-1  | NOTICE: PHP message: 🔍 [PROMOTED] URL: https://jm-after-build-bug-fix-ssp-3495-f6.odin.shopsys.cloud
php-fpm-1  | NOTICE: PHP message: 🔍 [PROMOTED] Base query builder created
php-fpm-1  | NOTICE: PHP message: 🔍 [PROMOTED_SQL] Generated SQL: SELECT c0_.id AS id_0, c0_.uuid AS uuid_1, c0_.level AS level_2, c0_.lft AS lft_3, c0_.rgt AS rgt_4, c0_.automated_filters AS automated_filters_5, c1_.id AS id_6, c1_.domain_id AS domain_id_7, c1_.seo_title AS seo_title_8, c1_.seo_meta_description AS seo_meta_description_9, c1_.seo_h1 AS seo_h1_10, c1_.enabled AS enabled_11, c1_.visible AS visible_12, c1_.description AS description_13, c2_.name AS name_14, c2_.id AS id_15, c2_.locale AS locale_16, c0_.parent_id AS parent_id_17, c1_.category_id AS category_id_18, c2_.translatable_id AS translatable_id_19 FROM categories c0_ INNER JOIN category_domains c1_ ON c0_.id = c1_.category_id AND (c1_.domain_id = ? AND c1_.visible = true) INNER JOIN categories_top c3_ ON (c3_.category_id = c0_.id AND c3_.domain_id = ?) INNER JOIN category_translations c2_ ON c0_.id = c2_.translatable_id AND (c2_.locale = ?) WHERE c0_.parent_id IS NOT NULL ORDER BY c3_.position ASC
php-fpm-1  | NOTICE: PHP message: 🔍 [PROMOTED_SQL] Parameters: [{},{}]
php-fpm-1  | NOTICE: PHP message: 🔍 [PROMOTED_TIMING] Query execution time: 11.93904876709ms
php-fpm-1  | NOTICE: PHP message: 🔍 [PROMOTED_RESULT] Query returned: 0 records
php-fpm-1  | NOTICE: PHP message: ⚠️ [PROMOTED_ISSUE] EMPTY RESULT - This is the issue!
php-fpm-1  | NOTICE: PHP message: 🔍 [PROMOTED_DIAG] Testing raw SQL equivalent...
php-fpm-1  | NOTICE: PHP message: 🔍 [PROMOTED_DIAG] Raw SQL returned: 0 records
php-fpm-1  | NOTICE: PHP message: 🔍 [PROMOTED_DIAG] Raw SQL also returns empty - no data exists
php-fpm-1  | NOTICE: PHP message: 🔍 [TIMING] Facade query execution: 25.132894515991ms
php-fpm-1  | NOTICE: PHP message: 🔍 [PROMOTED_FINAL] Final result count: 0
php-fpm-1  | [18-Jul-2025 16:54:25] WARNING: [pool www] seems busy (you may need to increase pm.start_servers, or pm.min/max_spare_servers), spawning 16 children, there are 0 idle, and 5 total children
php-fpm-1  | NOTICE: PHP message: 🔍 [SERVICE] Starting query execution
php-fpm-1  | NOTICE: PHP message: 🔍 [TEST] PromotedCategoriesQuery::promotedCategoriesQuery() was called!
php-fpm-1  | NOTICE: PHP message: 🔍 [SERVICE] EntityManager available: YES
php-fpm-1  | NOTICE: PHP message: 🔍 [SERVICE] Domain service available: YES
php-fpm-1  | NOTICE: PHP message: 🔍 [TIMING] Domain config retrieval: 0.010967254638672ms
php-fpm-1  | NOTICE: PHP message: 🔍 [SERVICE] Domain config retrieved successfully
php-fpm-1  | NOTICE: PHP message: 🔍 [PROMOTED_CONN] Connection established: YES
php-fpm-1  | NOTICE: PHP message: 🔍 [PROMOTED_PING] Connection test successful: YES
php-fpm-1  | NOTICE: PHP message: 🔍 [PROMOTED] Domain: shopsys (ID: 1)
php-fpm-1  | NOTICE: PHP message: 🔍 [PROMOTED] Locale: en
php-fpm-1  | NOTICE: PHP message: 🔍 [PROMOTED] URL: https://jm-after-build-bug-fix-ssp-3495-f6.odin.shopsys.cloud
php-fpm-1  | NOTICE: PHP message: 🔍 [PROMOTED] Base query builder created
php-fpm-1  | NOTICE: PHP message: 🔍 [PROMOTED_SQL] Generated SQL: SELECT c0_.id AS id_0, c0_.uuid AS uuid_1, c0_.level AS level_2, c0_.lft AS lft_3, c0_.rgt AS rgt_4, c0_.automated_filters AS automated_filters_5, c1_.id AS id_6, c1_.domain_id AS domain_id_7, c1_.seo_title AS seo_title_8, c1_.seo_meta_description AS seo_meta_description_9, c1_.seo_h1 AS seo_h1_10, c1_.enabled AS enabled_11, c1_.visible AS visible_12, c1_.description AS description_13, c2_.name AS name_14, c2_.id AS id_15, c2_.locale AS locale_16, c0_.parent_id AS parent_id_17, c1_.category_id AS category_id_18, c2_.translatable_id AS translatable_id_19 FROM categories c0_ INNER JOIN category_domains c1_ ON c0_.id = c1_.category_id AND (c1_.domain_id = ? AND c1_.visible = true) INNER JOIN categories_top c3_ ON (c3_.category_id = c0_.id AND c3_.domain_id = ?) INNER JOIN category_translations c2_ ON c0_.id = c2_.translatable_id AND (c2_.locale = ?) WHERE c0_.parent_id IS NOT NULL ORDER BY c3_.position ASC
php-fpm-1  | NOTICE: PHP message: 🔍 [PROMOTED_SQL] Parameters: [{},{}]
php-fpm-1  | NOTICE: PHP message: 🔍 [SLIDER_SERVICE] Starting query execution
php-fpm-1  | NOTICE: PHP message: 🔍 [SLIDER_SERVICE] SliderItemFacade available: YES
php-fpm-1  | NOTICE: PHP message: 🔍 [SLIDER_CONN] Connection established: YES
php-fpm-1  | NOTICE: PHP message: 🔍 [SLIDER_PING] Connection test successful: YES
php-fpm-1  | NOTICE: PHP message: 🔍 [SLIDER] Domain ID: 1
php-fpm-1  | NOTICE: PHP message: 🔍 [SLIDER] Date filter: 2025-07-18 00:00:00
php-fpm-1  | NOTICE: PHP message: 🔍 [SLIDER] Current time: 2025-07-18 16:54:25
php-fpm-1  | NOTICE: PHP message: 🔍 [PROMOTED_TIMING] Query execution time: 7.918119430542ms
php-fpm-1  | NOTICE: PHP message: 🔍 [PROMOTED_RESULT] Query returned: 0 records
php-fpm-1  | NOTICE: PHP message: ⚠️ [PROMOTED_ISSUE] EMPTY RESULT - This is the issue!
php-fpm-1  | NOTICE: PHP message: 🔍 [PROMOTED_DIAG] Testing raw SQL equivalent...
php-fpm-1  | NOTICE: PHP message: 🔍 [PROMOTED_DIAG] Raw SQL returned: 0 records
php-fpm-1  | NOTICE: PHP message: 🔍 [PROMOTED_DIAG] Raw SQL also returns empty - no data exists
php-fpm-1  | NOTICE: PHP message: 🔍 [TIMING] Facade query execution: 11.163949966431ms
php-fpm-1  | NOTICE: PHP message: 🔍 [PROMOTED_FINAL] Final result count: 0
php-fpm-1  | NOTICE: PHP message: 🔍 [SLIDER_SQL] Generated SQL: SELECT s0_.gtm_id AS gtm_id_0, s0_.gtm_creative AS gtm_creative_1, s0_.uuid AS uuid_2, s0_.id AS id_3, s0_.name AS name_4, s0_.link AS link_5, s0_.domain_id AS domain_id_6, s0_.position AS position_7, s0_.hidden AS hidden_8, s0_.description AS description_9, s0_.rgb_background_color AS rgb_background_color_10, s0_.opacity AS opacity_11, s0_.datetime_visible_from AS datetime_visible_from_12, s0_.datetime_visible_to AS datetime_visible_to_13 FROM slider_items s0_ WHERE s0_.domain_id = ? AND s0_.hidden = ? AND (s0_.datetime_visible_from IS NULL OR s0_.datetime_visible_from <= ?) AND (s0_.datetime_visible_to IS NULL OR s0_.datetime_visible_to >= ?) ORDER BY s0_.position ASC, s0_.id ASC
php-fpm-1  | NOTICE: PHP message: 🔍 [SLIDER_SQL] Parameters: [{},{},{}]
php-fpm-1  | NOTICE: PHP message: 🔍 [SLIDER_TIMING] Query execution time: 8.8450908660889ms
php-fpm-1  | NOTICE: PHP message: 🔍 [SLIDER_RESULT] Query returned: 0 records
php-fpm-1  | NOTICE: PHP message: ⚠️ [SLIDER_ISSUE] EMPTY RESULT - This is the issue!
php-fpm-1  | NOTICE: PHP message: 🔍 [SLIDER_DIAG] Testing raw SQL equivalent...
php-fpm-1  | NOTICE: PHP message: 🔍 [SLIDER_DIAG] Raw SQL count: 0
php-fpm-1  | NOTICE: PHP message: 🔍 [SLIDER_TIMING] Facade query execution: 12.087106704712ms
php-fpm-1  | NOTICE: PHP message: 🔍 [SLIDER_RESULT] Final result count: 0
php-fpm-1  | NOTICE: PHP message: 🔍 [SERVICE] Starting query execution
php-fpm-1  | NOTICE: PHP message: 🔍 [TEST] PromotedCategoriesQuery::promotedCategoriesQuery() was called!
php-fpm-1  | NOTICE: PHP message: 🔍 [SERVICE] EntityManager available: YES
php-fpm-1  | NOTICE: PHP message: 🔍 [SERVICE] Domain service available: YES
php-fpm-1  | NOTICE: PHP message: 🔍 [TIMING] Domain config retrieval: 0.0090599060058594ms
php-fpm-1  | NOTICE: PHP message: 🔍 [SERVICE] Domain config retrieved successfully
php-fpm-1  | NOTICE: PHP message: 🔍 [PROMOTED_CONN] Connection established: YES
php-fpm-1  | NOTICE: PHP message: 🔍 [PROMOTED_PING] Connection test successful: YES
php-fpm-1  | NOTICE: PHP message: 🔍 [PROMOTED] Domain: 2.shopsys (ID: 2)
php-fpm-1  | NOTICE: PHP message: 🔍 [PROMOTED] Locale: cs
php-fpm-1  | NOTICE: PHP message: 🔍 [PROMOTED] URL: https://cz.jm-after-build-bug-fix-ssp-3495-f6.odin.shopsys.cloud
php-fpm-1  | NOTICE: PHP message: 🔍 [PROMOTED] Base query builder created
php-fpm-1  | NOTICE: PHP message: 🔍 [PROMOTED_SQL] Generated SQL: SELECT c0_.id AS id_0, c0_.uuid AS uuid_1, c0_.level AS level_2, c0_.lft AS lft_3, c0_.rgt AS rgt_4, c0_.automated_filters AS automated_filters_5, c1_.id AS id_6, c1_.domain_id AS domain_id_7, c1_.seo_title AS seo_title_8, c1_.seo_meta_description AS seo_meta_description_9, c1_.seo_h1 AS seo_h1_10, c1_.enabled AS enabled_11, c1_.visible AS visible_12, c1_.description AS description_13, c2_.name AS name_14, c2_.id AS id_15, c2_.locale AS locale_16, c0_.parent_id AS parent_id_17, c1_.category_id AS category_id_18, c2_.translatable_id AS translatable_id_19 FROM categories c0_ INNER JOIN category_domains c1_ ON c0_.id = c1_.category_id AND (c1_.domain_id = ? AND c1_.visible = true) INNER JOIN categories_top c3_ ON (c3_.category_id = c0_.id AND c3_.domain_id = ?) INNER JOIN category_translations c2_ ON c0_.id = c2_.translatable_id AND (c2_.locale = ?) WHERE c0_.parent_id IS NOT NULL ORDER BY c3_.position ASC
php-fpm-1  | NOTICE: PHP message: 🔍 [PROMOTED_SQL] Parameters: [{},{}]
php-fpm-1  | NOTICE: PHP message: 🔍 [SLIDER_SERVICE] Starting query execution
php-fpm-1  | NOTICE: PHP message: 🔍 [SLIDER_SERVICE] SliderItemFacade available: YES
php-fpm-1  | NOTICE: PHP message: 🔍 [SLIDER_CONN] Connection established: YES
php-fpm-1  | NOTICE: PHP message: 🔍 [SLIDER_PING] Connection test successful: YES
php-fpm-1  | NOTICE: PHP message: 🔍 [SLIDER] Domain ID: 2
php-fpm-1  | NOTICE: PHP message: 🔍 [SLIDER] Date filter: 2025-07-18 00:00:00
php-fpm-1  | NOTICE: PHP message: 🔍 [SLIDER] Current time: 2025-07-18 16:54:25
php-fpm-1  | NOTICE: PHP message: 🔍 [SLIDER_SQL] Generated SQL: SELECT s0_.gtm_id AS gtm_id_0, s0_.gtm_creative AS gtm_creative_1, s0_.uuid AS uuid_2, s0_.id AS id_3, s0_.name AS name_4, s0_.link AS link_5, s0_.domain_id AS domain_id_6, s0_.position AS position_7, s0_.hidden AS hidden_8, s0_.description AS description_9, s0_.rgb_background_color AS rgb_background_color_10, s0_.opacity AS opacity_11, s0_.datetime_visible_from AS datetime_visible_from_12, s0_.datetime_visible_to AS datetime_visible_to_13 FROM slider_items s0_ WHERE s0_.domain_id = ? AND s0_.hidden = ? AND (s0_.datetime_visible_from IS NULL OR s0_.datetime_visible_from <= ?) AND (s0_.datetime_visible_to IS NULL OR s0_.datetime_visible_to >= ?) ORDER BY s0_.position ASC, s0_.id ASC
php-fpm-1  | NOTICE: PHP message: 🔍 [SLIDER_SQL] Parameters: [{},{},{}]
php-fpm-1  | NOTICE: PHP message: 🔍 [SLIDER_TIMING] Query execution time: 2.5708675384521ms
php-fpm-1  | NOTICE: PHP message: 🔍 [SLIDER_RESULT] Query returned: 0 records
php-fpm-1  | NOTICE: PHP message: ⚠️ [SLIDER_ISSUE] EMPTY RESULT - This is the issue!
php-fpm-1  | NOTICE: PHP message: 🔍 [SLIDER_DIAG] Testing raw SQL equivalent...
php-fpm-1  | NOTICE: PHP message: 🔍 [SLIDER_DIAG] Raw SQL count: 0
php-fpm-1  | NOTICE: PHP message: 🔍 [SLIDER_TIMING] Facade query execution: 5.0740242004395ms
php-fpm-1  | NOTICE: PHP message: 🔍 [SLIDER_RESULT] Final result count: 0
php-fpm-1  | NOTICE: PHP message: 🔍 [PROMOTED_TIMING] Query execution time: 12.908935546875ms
php-fpm-1  | NOTICE: PHP message: 🔍 [PROMOTED_RESULT] Query returned: 0 records
php-fpm-1  | NOTICE: PHP message: ⚠️ [PROMOTED_ISSUE] EMPTY RESULT - This is the issue!
php-fpm-1  | NOTICE: PHP message: 🔍 [PROMOTED_DIAG] Testing raw SQL equivalent...
php-fpm-1  | NOTICE: PHP message: 🔍 [PROMOTED_DIAG] Raw SQL returned: 0 records
php-fpm-1  | NOTICE: PHP message: 🔍 [PROMOTED_DIAG] Raw SQL also returns empty - no data exists
php-fpm-1  | NOTICE: PHP message: 🔍 [TIMING] Facade query execution: 17.108917236328ms
php-fpm-1  | NOTICE: PHP message: 🔍 [PROMOTED_FINAL] Final result count: 0
php-fpm-1  | {"message":"[GraphQL] Elasticsearch\\Common\\Exceptions\\Missing404Exception: {\"error\":{\"root_cause\":[{\"type\":\"index_not_found_exception\",\"reason\":\"no such index [jm-after-build-bug-fix-ssp-3495-f6_product_1]\",\"resource.type\":\"index_or_alias\",\"resource.id\":\"jm-after-build-bug-fix-ssp-3495-f6_product_1\",\"index_uuid\":\"_na_\",\"index\":\"jm-after-build-bug-fix-ssp-3495-f6_product_1\"}],\"type\":\"index_not_found_exception\",\"reason\":\"no such index [jm-after-build-bug-fix-ssp-3495-f6_product_1]\",\"resource.type\":\"index_or_alias\",\"resource.id\":\"jm-after-build-bug-fix-ssp-3495-f6_product_1\",\"index_uuid\":\"_na_\",\"index\":\"jm-after-build-bug-fix-ssp-3495-f6_product_1\"},\"status\":404}[404] (caught throwable) at /var/www/html/vendor/elasticsearch/elasticsearch/src/Elasticsearch/Connections/Connection.php line 685.","context":{"exception":{"class":"Elasticsearch\\Common\\Exceptions\\Missing404Exception","message":"{\"error\":{\"root_cause\":[{\"type\":\"index_not_found_exception\",\"reason\":\"no such index [jm-after-build-bug-fix-ssp-3495-f6_product_1]\",\"resource.type\":\"index_or_alias\",\"resource.id\":\"jm-after-build-bug-fix-ssp-3495-f6_product_1\",\"index_uuid\":\"_na_\",\"index\":\"jm-after-build-bug-fix-ssp-3495-f6_product_1\"}],\"type\":\"index_not_found_exception\",\"reason\":\"no such index [jm-after-build-bug-fix-ssp-3495-f6_product_1]\",\"resource.type\":\"index_or_alias\",\"resource.id\":\"jm-after-build-bug-fix-ssp-3495-f6_product_1\",\"index_uuid\":\"_na_\",\"index\":\"jm-after-build-bug-fix-ssp-3495-f6_product_1\"},\"status\":404}","code":404,"file":"/var/www/html/vendor/elasticsearch/elasticsearch/src/Elasticsearch/Connections/Connection.php:685"}},"level":500,"level_name":"CRITICAL","channel":"app","datetime":"2025-07-18T16:54:25.377757+00:00","extra":{}}
php-fpm-1  | {"message":"[GraphQL] Elasticsearch\\Common\\Exceptions\\Missing404Exception: {\"error\":{\"root_cause\":[{\"type\":\"index_not_found_exception\",\"reason\":\"no such index [jm-after-build-bug-fix-ssp-3495-f6_blog_article_1]\",\"resource.type\":\"index_or_alias\",\"resource.id\":\"jm-after-build-bug-fix-ssp-3495-f6_blog_article_1\",\"index_uuid\":\"_na_\",\"index\":\"jm-after-build-bug-fix-ssp-3495-f6_blog_article_1\"}],\"type\":\"index_not_found_exception\",\"reason\":\"no such index [jm-after-build-bug-fix-ssp-3495-f6_blog_article_1]\",\"resource.type\":\"index_or_alias\",\"resource.id\":\"jm-after-build-bug-fix-ssp-3495-f6_blog_article_1\",\"index_uuid\":\"_na_\",\"index\":\"jm-after-build-bug-fix-ssp-3495-f6_blog_article_1\"},\"status\":404}[404] (caught throwable) at /var/www/html/vendor/elasticsearch/elasticsearch/src/Elasticsearch/Connections/Connection.php line 685.","context":{"exception":{"class":"Elasticsearch\\Common\\Exceptions\\Missing404Exception","message":"{\"error\":{\"root_cause\":[{\"type\":\"index_not_found_exception\",\"reason\":\"no such index [jm-after-build-bug-fix-ssp-3495-f6_blog_article_1]\",\"resource.type\":\"index_or_alias\",\"resource.id\":\"jm-after-build-bug-fix-ssp-3495-f6_blog_article_1\",\"index_uuid\":\"_na_\",\"index\":\"jm-after-build-bug-fix-ssp-3495-f6_blog_article_1\"}],\"type\":\"index_not_found_exception\",\"reason\":\"no such index [jm-after-build-bug-fix-ssp-3495-f6_blog_article_1]\",\"resource.type\":\"index_or_alias\",\"resource.id\":\"jm-after-build-bug-fix-ssp-3495-f6_blog_article_1\",\"index_uuid\":\"_na_\",\"index\":\"jm-after-build-bug-fix-ssp-3495-f6_blog_article_1\"},\"status\":404}","code":404,"file":"/var/www/html/vendor/elasticsearch/elasticsearch/src/Elasticsearch/Connections/Connection.php:685"}},"level":500,"level_name":"CRITICAL","channel":"app","datetime":"2025-07-18T16:54:25.445033+00:00","extra":{}}
php-fpm-1  | {"message":"[GraphQL] Elasticsearch\\Common\\Exceptions\\Missing404Exception: {\"error\":{\"root_cause\":[{\"type\":\"index_not_found_exception\",\"reason\":\"no such index [jm-after-build-bug-fix-ssp-3495-f6_product_1]\",\"resource.type\":\"index_or_alias\",\"resource.id\":\"jm-after-build-bug-fix-ssp-3495-f6_product_1\",\"index_uuid\":\"_na_\",\"index\":\"jm-after-build-bug-fix-ssp-3495-f6_product_1\"}],\"type\":\"index_not_found_exception\",\"reason\":\"no such index [jm-after-build-bug-fix-ssp-3495-f6_product_1]\",\"resource.type\":\"index_or_alias\",\"resource.id\":\"jm-after-build-bug-fix-ssp-3495-f6_product_1\",\"index_uuid\":\"_na_\",\"index\":\"jm-after-build-bug-fix-ssp-3495-f6_product_1\"},\"status\":404}[404] (caught throwable) at /var/www/html/vendor/elasticsearch/elasticsearch/src/Elasticsearch/Connections/Connection.php line 685.","context":{"exception":{"class":"Elasticsearch\\Common\\Exceptions\\Missing404Exception","message":"{\"error\":{\"root_cause\":[{\"type\":\"index_not_found_exception\",\"reason\":\"no such index [jm-after-build-bug-fix-ssp-3495-f6_product_1]\",\"resource.type\":\"index_or_alias\",\"resource.id\":\"jm-after-build-bug-fix-ssp-3495-f6_product_1\",\"index_uuid\":\"_na_\",\"index\":\"jm-after-build-bug-fix-ssp-3495-f6_product_1\"}],\"type\":\"index_not_found_exception\",\"reason\":\"no such index [jm-after-build-bug-fix-ssp-3495-f6_product_1]\",\"resource.type\":\"index_or_alias\",\"resource.id\":\"jm-after-build-bug-fix-ssp-3495-f6_product_1\",\"index_uuid\":\"_na_\",\"index\":\"jm-after-build-bug-fix-ssp-3495-f6_product_1\"},\"status\":404}","code":404,"file":"/var/www/html/vendor/elasticsearch/elasticsearch/src/Elasticsearch/Connections/Connection.php:685"}},"level":500,"level_name":"CRITICAL","channel":"app","datetime":"2025-07-18T16:54:25.691864+00:00","extra":{}}
php-fpm-1  | {"message":"[GraphQL] Elasticsearch\\Common\\Exceptions\\Missing404Exception: {\"error\":{\"root_cause\":[{\"type\":\"index_not_found_exception\",\"reason\":\"no such index [jm-after-build-bug-fix-ssp-3495-f6_blog_article_1]\",\"resource.type\":\"index_or_alias\",\"resource.id\":\"jm-after-build-bug-fix-ssp-3495-f6_blog_article_1\",\"index_uuid\":\"_na_\",\"index\":\"jm-after-build-bug-fix-ssp-3495-f6_blog_article_1\"}],\"type\":\"index_not_found_exception\",\"reason\":\"no such index [jm-after-build-bug-fix-ssp-3495-f6_blog_article_1]\",\"resource.type\":\"index_or_alias\",\"resource.id\":\"jm-after-build-bug-fix-ssp-3495-f6_blog_article_1\",\"index_uuid\":\"_na_\",\"index\":\"jm-after-build-bug-fix-ssp-3495-f6_blog_article_1\"},\"status\":404}[404] (caught throwable) at /var/www/html/vendor/elasticsearch/elasticsearch/src/Elasticsearch/Connections/Connection.php line 685.","context":{"exception":{"class":"Elasticsearch\\Common\\Exceptions\\Missing404Exception","message":"{\"error\":{\"root_cause\":[{\"type\":\"index_not_found_exception\",\"reason\":\"no such index [jm-after-build-bug-fix-ssp-3495-f6_blog_article_1]\",\"resource.type\":\"index_or_alias\",\"resource.id\":\"jm-after-build-bug-fix-ssp-3495-f6_blog_article_1\",\"index_uuid\":\"_na_\",\"index\":\"jm-after-build-bug-fix-ssp-3495-f6_blog_article_1\"}],\"type\":\"index_not_found_exception\",\"reason\":\"no such index [jm-after-build-bug-fix-ssp-3495-f6_blog_article_1]\",\"resource.type\":\"index_or_alias\",\"resource.id\":\"jm-after-build-bug-fix-ssp-3495-f6_blog_article_1\",\"index_uuid\":\"_na_\",\"index\":\"jm-after-build-bug-fix-ssp-3495-f6_blog_article_1\"},\"status\":404}","code":404,"file":"/var/www/html/vendor/elasticsearch/elasticsearch/src/Elasticsearch/Connections/Connection.php:685"}},"level":500,"level_name":"CRITICAL","channel":"app","datetime":"2025-07-18T16:54:25.833321+00:00","extra":{}}
php-fpm-1  | {"message":"[GraphQL] Elasticsearch\\Common\\Exceptions\\Missing404Exception: {\"error\":{\"root_cause\":[{\"type\":\"index_not_found_exception\",\"reason\":\"no such index [jm-after-build-bug-fix-ssp-3495-f6_article_1]\",\"resource.type\":\"index_or_alias\",\"resource.id\":\"jm-after-build-bug-fix-ssp-3495-f6_article_1\",\"index_uuid\":\"_na_\",\"index\":\"jm-after-build-bug-fix-ssp-3495-f6_article_1\"}],\"type\":\"index_not_found_exception\",\"reason\":\"no such index [jm-after-build-bug-fix-ssp-3495-f6_article_1]\",\"resource.type\":\"index_or_alias\",\"resource.id\":\"jm-after-build-bug-fix-ssp-3495-f6_article_1\",\"index_uuid\":\"_na_\",\"index\":\"jm-after-build-bug-fix-ssp-3495-f6_article_1\"},\"status\":404}[404] (caught throwable) at /var/www/html/vendor/elasticsearch/elasticsearch/src/Elasticsearch/Connections/Connection.php line 685.","context":{"exception":{"class":"Elasticsearch\\Common\\Exceptions\\Missing404Exception","message":"{\"error\":{\"root_cause\":[{\"type\":\"index_not_found_exception\",\"reason\":\"no such index [jm-after-build-bug-fix-ssp-3495-f6_article_1]\",\"resource.type\":\"index_or_alias\",\"resource.id\":\"jm-after-build-bug-fix-ssp-3495-f6_article_1\",\"index_uuid\":\"_na_\",\"index\":\"jm-after-build-bug-fix-ssp-3495-f6_article_1\"}],\"type\":\"index_not_found_exception\",\"reason\":\"no such index [jm-after-build-bug-fix-ssp-3495-f6_article_1]\",\"resource.type\":\"index_or_alias\",\"resource.id\":\"jm-after-build-bug-fix-ssp-3495-f6_article_1\",\"index_uuid\":\"_na_\",\"index\":\"jm-after-build-bug-fix-ssp-3495-f6_article_1\"},\"status\":404}","code":404,"file":"/var/www/html/vendor/elasticsearch/elasticsearch/src/Elasticsearch/Connections/Connection.php:685"}},"level":500,"level_name":"CRITICAL","channel":"app","datetime":"2025-07-18T16:54:25.832749+00:00","extra":{}}
php-fpm-1  | {"message":"[GraphQL] Elasticsearch\\Common\\Exceptions\\Missing404Exception: {\"error\":{\"root_cause\":[{\"type\":\"index_not_found_exception\",\"reason\":\"no such index [jm-after-build-bug-fix-ssp-3495-f6_product_2]\",\"resource.type\":\"index_or_alias\",\"resource.id\":\"jm-after-build-bug-fix-ssp-3495-f6_product_2\",\"index_uuid\":\"_na_\",\"index\":\"jm-after-build-bug-fix-ssp-3495-f6_product_2\"}],\"type\":\"index_not_found_exception\",\"reason\":\"no such index [jm-after-build-bug-fix-ssp-3495-f6_product_2]\",\"resource.type\":\"index_or_alias\",\"resource.id\":\"jm-after-build-bug-fix-ssp-3495-f6_product_2\",\"index_uuid\":\"_na_\",\"index\":\"jm-after-build-bug-fix-ssp-3495-f6_product_2\"},\"status\":404}[404] (caught throwable) at /var/www/html/vendor/elasticsearch/elasticsearch/src/Elasticsearch/Connections/Connection.php line 685.","context":{"exception":{"class":"Elasticsearch\\Common\\Exceptions\\Missing404Exception","message":"{\"error\":{\"root_cause\":[{\"type\":\"index_not_found_exception\",\"reason\":\"no such index [jm-after-build-bug-fix-ssp-3495-f6_product_2]\",\"resource.type\":\"index_or_alias\",\"resource.id\":\"jm-after-build-bug-fix-ssp-3495-f6_product_2\",\"index_uuid\":\"_na_\",\"index\":\"jm-after-build-bug-fix-ssp-3495-f6_product_2\"}],\"type\":\"index_not_found_exception\",\"reason\":\"no such index [jm-after-build-bug-fix-ssp-3495-f6_product_2]\",\"resource.type\":\"index_or_alias\",\"resource.id\":\"jm-after-build-bug-fix-ssp-3495-f6_product_2\",\"index_uuid\":\"_na_\",\"index\":\"jm-after-build-bug-fix-ssp-3495-f6_product_2\"},\"status\":404}","code":404,"file":"/var/www/html/vendor/elasticsearch/elasticsearch/src/Elasticsearch/Connections/Connection.php:685"}},"level":500,"level_name":"CRITICAL","channel":"app","datetime":"2025-07-18T16:54:25.888409+00:00","extra":{}}
php-fpm-1  | {"message":"[GraphQL] Elasticsearch\\Common\\Exceptions\\Missing404Exception: {\"error\":{\"root_cause\":[{\"type\":\"index_not_found_exception\",\"reason\":\"no such index [jm-after-build-bug-fix-ssp-3495-f6_article_2]\",\"resource.type\":\"index_or_alias\",\"resource.id\":\"jm-after-build-bug-fix-ssp-3495-f6_article_2\",\"index_uuid\":\"_na_\",\"index\":\"jm-after-build-bug-fix-ssp-3495-f6_article_2\"}],\"type\":\"index_not_found_exception\",\"reason\":\"no such index [jm-after-build-bug-fix-ssp-3495-f6_article_2]\",\"resource.type\":\"index_or_alias\",\"resource.id\":\"jm-after-build-bug-fix-ssp-3495-f6_article_2\",\"index_uuid\":\"_na_\",\"index\":\"jm-after-build-bug-fix-ssp-3495-f6_article_2\"},\"status\":404}[404] (caught throwable) at /var/www/html/vendor/elasticsearch/elasticsearch/src/Elasticsearch/Connections/Connection.php line 685.","context":{"exception":{"class":"Elasticsearch\\Common\\Exceptions\\Missing404Exception","message":"{\"error\":{\"root_cause\":[{\"type\":\"index_not_found_exception\",\"reason\":\"no such index [jm-after-build-bug-fix-ssp-3495-f6_article_2]\",\"resource.type\":\"index_or_alias\",\"resource.id\":\"jm-after-build-bug-fix-ssp-3495-f6_article_2\",\"index_uuid\":\"_na_\",\"index\":\"jm-after-build-bug-fix-ssp-3495-f6_article_2\"}],\"type\":\"index_not_found_exception\",\"reason\":\"no such index [jm-after-build-bug-fix-ssp-3495-f6_article_2]\",\"resource.type\":\"index_or_alias\",\"resource.id\":\"jm-after-build-bug-fix-ssp-3495-f6_article_2\",\"index_uuid\":\"_na_\",\"index\":\"jm-after-build-bug-fix-ssp-3495-f6_article_2\"},\"status\":404}","code":404,"file":"/var/www/html/vendor/elasticsearch/elasticsearch/src/Elasticsearch/Connections/Connection.php:685"}},"level":500,"level_name":"CRITICAL","channel":"app","datetime":"2025-07-18T16:54:25.915453+00:00","extra":{}}
php-fpm-1  | {"message":"[GraphQL] Elasticsearch\\Common\\Exceptions\\Missing404Exception: {\"error\":{\"root_cause\":[{\"type\":\"index_not_found_exception\",\"reason\":\"no such index [jm-after-build-bug-fix-ssp-3495-f6_blog_article_2]\",\"resource.type\":\"index_or_alias\",\"resource.id\":\"jm-after-build-bug-fix-ssp-3495-f6_blog_article_2\",\"index_uuid\":\"_na_\",\"index\":\"jm-after-build-bug-fix-ssp-3495-f6_blog_article_2\"}],\"type\":\"index_not_found_exception\",\"reason\":\"no such index [jm-after-build-bug-fix-ssp-3495-f6_blog_article_2]\",\"resource.type\":\"index_or_alias\",\"resource.id\":\"jm-after-build-bug-fix-ssp-3495-f6_blog_article_2\",\"index_uuid\":\"_na_\",\"index\":\"jm-after-build-bug-fix-ssp-3495-f6_blog_article_2\"},\"status\":404}[404] (caught throwable) at /var/www/html/vendor/elasticsearch/elasticsearch/src/Elasticsearch/Connections/Connection.php line 685.","context":{"exception":{"class":"Elasticsearch\\Common\\Exceptions\\Missing404Exception","message":"{\"error\":{\"root_cause\":[{\"type\":\"index_not_found_exception\",\"reason\":\"no such index [jm-after-build-bug-fix-ssp-3495-f6_blog_article_2]\",\"resource.type\":\"index_or_alias\",\"resource.id\":\"jm-after-build-bug-fix-ssp-3495-f6_blog_article_2\",\"index_uuid\":\"_na_\",\"index\":\"jm-after-build-bug-fix-ssp-3495-f6_blog_article_2\"}],\"type\":\"index_not_found_exception\",\"reason\":\"no such index [jm-after-build-bug-fix-ssp-3495-f6_blog_article_2]\",\"resource.type\":\"index_or_alias\",\"resource.id\":\"jm-after-build-bug-fix-ssp-3495-f6_blog_article_2\",\"index_uuid\":\"_na_\",\"index\":\"jm-after-build-bug-fix-ssp-3495-f6_blog_article_2\"},\"status\":404}","code":404,"file":"/var/www/html/vendor/elasticsearch/elasticsearch/src/Elasticsearch/Connections/Connection.php:685"}},"level":500,"level_name":"CRITICAL","channel":"app","datetime":"2025-07-18T16:54:25.981727+00:00","extra":{}}
php-fpm-1  | {"message":"[GraphQL] Elasticsearch\\Common\\Exceptions\\Missing404Exception: {\"error\":{\"root_cause\":[{\"type\":\"index_not_found_exception\",\"reason\":\"no such index [jm-after-build-bug-fix-ssp-3495-f6_article_2]\",\"resource.type\":\"index_or_alias\",\"resource.id\":\"jm-after-build-bug-fix-ssp-3495-f6_article_2\",\"index_uuid\":\"_na_\",\"index\":\"jm-after-build-bug-fix-ssp-3495-f6_article_2\"}],\"type\":\"index_not_found_exception\",\"reason\":\"no such index [jm-after-build-bug-fix-ssp-3495-f6_article_2]\",\"resource.type\":\"index_or_alias\",\"resource.id\":\"jm-after-build-bug-fix-ssp-3495-f6_article_2\",\"index_uuid\":\"_na_\",\"index\":\"jm-after-build-bug-fix-ssp-3495-f6_article_2\"},\"status\":404}[404] (caught throwable) at /var/www/html/vendor/elasticsearch/elasticsearch/src/Elasticsearch/Connections/Connection.php line 685.","context":{"exception":{"class":"Elasticsearch\\Common\\Exceptions\\Missing404Exception","message":"{\"error\":{\"root_cause\":[{\"type\":\"index_not_found_exception\",\"reason\":\"no such index [jm-after-build-bug-fix-ssp-3495-f6_article_2]\",\"resource.type\":\"index_or_alias\",\"resource.id\":\"jm-after-build-bug-fix-ssp-3495-f6_article_2\",\"index_uuid\":\"_na_\",\"index\":\"jm-after-build-bug-fix-ssp-3495-f6_article_2\"}],\"type\":\"index_not_found_exception\",\"reason\":\"no such index [jm-after-build-bug-fix-ssp-3495-f6_article_2]\",\"resource.type\":\"index_or_alias\",\"resource.id\":\"jm-after-build-bug-fix-ssp-3495-f6_article_2\",\"index_uuid\":\"_na_\",\"index\":\"jm-after-build-bug-fix-ssp-3495-f6_article_2\"},\"status\":404}","code":404,"file":"/var/www/html/vendor/elasticsearch/elasticsearch/src/Elasticsearch/Connections/Connection.php:685"}},"level":500,"level_name":"CRITICAL","channel":"app","datetime":"2025-07-18T16:54:26.011556+00:00","extra":{}}
php-fpm-1  | {"message":"[GraphQL] Elasticsearch\\Common\\Exceptions\\Missing404Exception: {\"error\":{\"root_cause\":[{\"type\":\"index_not_found_exception\",\"reason\":\"no such index [jm-after-build-bug-fix-ssp-3495-f6_product_2]\",\"resource.type\":\"index_or_alias\",\"resource.id\":\"jm-after-build-bug-fix-ssp-3495-f6_product_2\",\"index_uuid\":\"_na_\",\"index\":\"jm-after-build-bug-fix-ssp-3495-f6_product_2\"}],\"type\":\"index_not_found_exception\",\"reason\":\"no such index [jm-after-build-bug-fix-ssp-3495-f6_product_2]\",\"resource.type\":\"index_or_alias\",\"resource.id\":\"jm-after-build-bug-fix-ssp-3495-f6_product_2\",\"index_uuid\":\"_na_\",\"index\":\"jm-after-build-bug-fix-ssp-3495-f6_product_2\"},\"status\":404}[404] (caught throwable) at /var/www/html/vendor/elasticsearch/elasticsearch/src/Elasticsearch/Connections/Connection.php line 685.","context":{"exception":{"class":"Elasticsearch\\Common\\Exceptions\\Missing404Exception","message":"{\"error\":{\"root_cause\":[{\"type\":\"index_not_found_exception\",\"reason\":\"no such index [jm-after-build-bug-fix-ssp-3495-f6_product_2]\",\"resource.type\":\"index_or_alias\",\"resource.id\":\"jm-after-build-bug-fix-ssp-3495-f6_product_2\",\"index_uuid\":\"_na_\",\"index\":\"jm-after-build-bug-fix-ssp-3495-f6_product_2\"}],\"type\":\"index_not_found_exception\",\"reason\":\"no such index [jm-after-build-bug-fix-ssp-3495-f6_product_2]\",\"resource.type\":\"index_or_alias\",\"resource.id\":\"jm-after-build-bug-fix-ssp-3495-f6_product_2\",\"index_uuid\":\"_na_\",\"index\":\"jm-after-build-bug-fix-ssp-3495-f6_product_2\"},\"status\":404}","code":404,"file":"/var/www/html/vendor/elasticsearch/elasticsearch/src/Elasticsearch/Connections/Connection.php:685"}},"level":500,"level_name":"CRITICAL","channel":"app","datetime":"2025-07-18T16:54:26.017805+00:00","extra":{}}
php-fpm-1  | {"message":"[GraphQL] Elasticsearch\\Common\\Exceptions\\Missing404Exception: {\"error\":{\"root_cause\":[{\"type\":\"index_not_found_exception\",\"reason\":\"no such index [jm-after-build-bug-fix-ssp-3495-f6_blog_article_2]\",\"resource.type\":\"index_or_alias\",\"resource.id\":\"jm-after-build-bug-fix-ssp-3495-f6_blog_article_2\",\"index_uuid\":\"_na_\",\"index\":\"jm-after-build-bug-fix-ssp-3495-f6_blog_article_2\"}],\"type\":\"index_not_found_exception\",\"reason\":\"no such index [jm-after-build-bug-fix-ssp-3495-f6_blog_article_2]\",\"resource.type\":\"index_or_alias\",\"resource.id\":\"jm-after-build-bug-fix-ssp-3495-f6_blog_article_2\",\"index_uuid\":\"_na_\",\"index\":\"jm-after-build-bug-fix-ssp-3495-f6_blog_article_2\"},\"status\":404}[404] (caught throwable) at /var/www/html/vendor/elasticsearch/elasticsearch/src/Elasticsearch/Connections/Connection.php line 685.","context":{"exception":{"class":"Elasticsearch\\Common\\Exceptions\\Missing404Exception","message":"{\"error\":{\"root_cause\":[{\"type\":\"index_not_found_exception\",\"reason\":\"no such index [jm-after-build-bug-fix-ssp-3495-f6_blog_article_2]\",\"resource.type\":\"index_or_alias\",\"resource.id\":\"jm-after-build-bug-fix-ssp-3495-f6_blog_article_2\",\"index_uuid\":\"_na_\",\"index\":\"jm-after-build-bug-fix-ssp-3495-f6_blog_article_2\"}],\"type\":\"index_not_found_exception\",\"reason\":\"no such index [jm-after-build-bug-fix-ssp-3495-f6_blog_article_2]\",\"resource.type\":\"index_or_alias\",\"resource.id\":\"jm-after-build-bug-fix-ssp-3495-f6_blog_article_2\",\"index_uuid\":\"_na_\",\"index\":\"jm-after-build-bug-fix-ssp-3495-f6_blog_article_2\"},\"status\":404}","code":404,"file":"/var/www/html/vendor/elasticsearch/elasticsearch/src/Elasticsearch/Connections/Connection.php:685"}},"level":500,"level_name":"CRITICAL","channel":"app","datetime":"2025-07-18T16:54:26.061470+00:00","extra":{}}
php-fpm-1  | {"message":"[GraphQL] Elasticsearch\\Common\\Exceptions\\Missing404Exception: {\"error\":{\"root_cause\":[{\"type\":\"index_not_found_exception\",\"reason\":\"no such index [jm-after-build-bug-fix-ssp-3495-f6_product_1]\",\"resource.type\":\"index_or_alias\",\"resource.id\":\"jm-after-build-bug-fix-ssp-3495-f6_product_1\",\"index_uuid\":\"_na_\",\"index\":\"jm-after-build-bug-fix-ssp-3495-f6_product_1\"}],\"type\":\"index_not_found_exception\",\"reason\":\"no such index [jm-after-build-bug-fix-ssp-3495-f6_product_1]\",\"resource.type\":\"index_or_alias\",\"resource.id\":\"jm-after-build-bug-fix-ssp-3495-f6_product_1\",\"index_uuid\":\"_na_\",\"index\":\"jm-after-build-bug-fix-ssp-3495-f6_product_1\"},\"status\":404}[404] (caught throwable) at /var/www/html/vendor/elasticsearch/elasticsearch/src/Elasticsearch/Connections/Connection.php line 685.","context":{"exception":{"class":"Elasticsearch\\Common\\Exceptions\\Missing404Exception","message":"{\"error\":{\"root_cause\":[{\"type\":\"index_not_found_exception\",\"reason\":\"no such index [jm-after-build-bug-fix-ssp-3495-f6_product_1]\",\"resource.type\":\"index_or_alias\",\"resource.id\":\"jm-after-build-bug-fix-ssp-3495-f6_product_1\",\"index_uuid\":\"_na_\",\"index\":\"jm-after-build-bug-fix-ssp-3495-f6_product_1\"}],\"type\":\"index_not_found_exception\",\"reason\":\"no such index [jm-after-build-bug-fix-ssp-3495-f6_product_1]\",\"resource.type\":\"index_or_alias\",\"resource.id\":\"jm-after-build-bug-fix-ssp-3495-f6_product_1\",\"index_uuid\":\"_na_\",\"index\":\"jm-after-build-bug-fix-ssp-3495-f6_product_1\"},\"status\":404}","code":404,"file":"/var/www/html/vendor/elasticsearch/elasticsearch/src/Elasticsearch/Connections/Connection.php:685"}},"level":500,"level_name":"CRITICAL","channel":"app","datetime":"2025-07-18T16:54:26.099063+00:00","extra":{}}
php-fpm-1  | {"message":"[GraphQL] Elasticsearch\\Common\\Exceptions\\Missing404Exception: {\"error\":{\"root_cause\":[{\"type\":\"index_not_found_exception\",\"reason\":\"no such index [jm-after-build-bug-fix-ssp-3495-f6_article_1]\",\"resource.type\":\"index_or_alias\",\"resource.id\":\"jm-after-build-bug-fix-ssp-3495-f6_article_1\",\"index_uuid\":\"_na_\",\"index\":\"jm-after-build-bug-fix-ssp-3495-f6_article_1\"}],\"type\":\"index_not_found_exception\",\"reason\":\"no such index [jm-after-build-bug-fix-ssp-3495-f6_article_1]\",\"resource.type\":\"index_or_alias\",\"resource.id\":\"jm-after-build-bug-fix-ssp-3495-f6_article_1\",\"index_uuid\":\"_na_\",\"index\":\"jm-after-build-bug-fix-ssp-3495-f6_article_1\"},\"status\":404}[404] (caught throwable) at /var/www/html/vendor/elasticsearch/elasticsearch/src/Elasticsearch/Connections/Connection.php line 685.","context":{"exception":{"class":"Elasticsearch\\Common\\Exceptions\\Missing404Exception","message":"{\"error\":{\"root_cause\":[{\"type\":\"index_not_found_exception\",\"reason\":\"no such index [jm-after-build-bug-fix-ssp-3495-f6_article_1]\",\"resource.type\":\"index_or_alias\",\"resource.id\":\"jm-after-build-bug-fix-ssp-3495-f6_article_1\",\"index_uuid\":\"_na_\",\"index\":\"jm-after-build-bug-fix-ssp-3495-f6_article_1\"}],\"type\":\"index_not_found_exception\",\"reason\":\"no such index [jm-after-build-bug-fix-ssp-3495-f6_article_1]\",\"resource.type\":\"index_or_alias\",\"resource.id\":\"jm-after-build-bug-fix-ssp-3495-f6_article_1\",\"index_uuid\":\"_na_\",\"index\":\"jm-after-build-bug-fix-ssp-3495-f6_article_1\"},\"status\":404}","code":404,"file":"/var/www/html/vendor/elasticsearch/elasticsearch/src/Elasticsearch/Connections/Connection.php:685"}},"level":500,"level_name":"CRITICAL","channel":"app","datetime":"2025-07-18T16:54:26.102257+00:00","extra":{}}
php-fpm-1  | {"message":"[GraphQL] Elasticsearch\\Common\\Exceptions\\Missing404Exception: {\"error\":{\"root_cause\":[{\"type\":\"index_not_found_exception\",\"reason\":\"no such index [jm-after-build-bug-fix-ssp-3495-f6_blog_article_1]\",\"resource.type\":\"index_or_alias\",\"resource.id\":\"jm-after-build-bug-fix-ssp-3495-f6_blog_article_1\",\"index_uuid\":\"_na_\",\"index\":\"jm-after-build-bug-fix-ssp-3495-f6_blog_article_1\"}],\"type\":\"index_not_found_exception\",\"reason\":\"no such index [jm-after-build-bug-fix-ssp-3495-f6_blog_article_1]\",\"resource.type\":\"index_or_alias\",\"resource.id\":\"jm-after-build-bug-fix-ssp-3495-f6_blog_article_1\",\"index_uuid\":\"_na_\",\"index\":\"jm-after-build-bug-fix-ssp-3495-f6_blog_article_1\"},\"status\":404}[404] (caught throwable) at /var/www/html/vendor/elasticsearch/elasticsearch/src/Elasticsearch/Connections/Connection.php line 685.","context":{"exception":{"class":"Elasticsearch\\Common\\Exceptions\\Missing404Exception","message":"{\"error\":{\"root_cause\":[{\"type\":\"index_not_found_exception\",\"reason\":\"no such index [jm-after-build-bug-fix-ssp-3495-f6_blog_article_1]\",\"resource.type\":\"index_or_alias\",\"resource.id\":\"jm-after-build-bug-fix-ssp-3495-f6_blog_article_1\",\"index_uuid\":\"_na_\",\"index\":\"jm-after-build-bug-fix-ssp-3495-f6_blog_article_1\"}],\"type\":\"index_not_found_exception\",\"reason\":\"no such index [jm-after-build-bug-fix-ssp-3495-f6_blog_article_1]\",\"resource.type\":\"index_or_alias\",\"resource.id\":\"jm-after-build-bug-fix-ssp-3495-f6_blog_article_1\",\"index_uuid\":\"_na_\",\"index\":\"jm-after-build-bug-fix-ssp-3495-f6_blog_article_1\"},\"status\":404}","code":404,"file":"/var/www/html/vendor/elasticsearch/elasticsearch/src/Elasticsearch/Connections/Connection.php:685"}},"level":500,"level_name":"CRITICAL","channel":"app","datetime":"2025-07-18T16:54:26.133997+00:00","extra":{}}
php-fpm-1  | {"message":"[GraphQL] Elasticsearch\\Common\\Exceptions\\Missing404Exception: {\"error\":{\"root_cause\":[{\"type\":\"index_not_found_exception\",\"reason\":\"no such index [jm-after-build-bug-fix-ssp-3495-f6_blog_article_1]\",\"resource.type\":\"index_or_alias\",\"resource.id\":\"jm-after-build-bug-fix-ssp-3495-f6_blog_article_1\",\"index_uuid\":\"_na_\",\"index\":\"jm-after-build-bug-fix-ssp-3495-f6_blog_article_1\"}],\"type\":\"index_not_found_exception\",\"reason\":\"no such index [jm-after-build-bug-fix-ssp-3495-f6_blog_article_1]\",\"resource.type\":\"index_or_alias\",\"resource.id\":\"jm-after-build-bug-fix-ssp-3495-f6_blog_article_1\",\"index_uuid\":\"_na_\",\"index\":\"jm-after-build-bug-fix-ssp-3495-f6_blog_article_1\"},\"status\":404}[404] (caught throwable) at /var/www/html/vendor/elasticsearch/elasticsearch/src/Elasticsearch/Connections/Connection.php line 685.","context":{"exception":{"class":"Elasticsearch\\Common\\Exceptions\\Missing404Exception","message":"{\"error\":{\"root_cause\":[{\"type\":\"index_not_found_exception\",\"reason\":\"no such index [jm-after-build-bug-fix-ssp-3495-f6_blog_article_1]\",\"resource.type\":\"index_or_alias\",\"resource.id\":\"jm-after-build-bug-fix-ssp-3495-f6_blog_article_1\",\"index_uuid\":\"_na_\",\"index\":\"jm-after-build-bug-fix-ssp-3495-f6_blog_article_1\"}],\"type\":\"index_not_found_exception\",\"reason\":\"no such index [jm-after-build-bug-fix-ssp-3495-f6_blog_article_1]\",\"resource.type\":\"index_or_alias\",\"resource.id\":\"jm-after-build-bug-fix-ssp-3495-f6_blog_article_1\",\"index_uuid\":\"_na_\",\"index\":\"jm-after-build-bug-fix-ssp-3495-f6_blog_article_1\"},\"status\":404}","code":404,"file":"/var/www/html/vendor/elasticsearch/elasticsearch/src/Elasticsearch/Connections/Connection.php:685"}},"level":500,"level_name":"CRITICAL","channel":"app","datetime":"2025-07-18T16:54:26.721287+00:00","extra":{}}
php-fpm-1  | {"message":"[GraphQL] Elasticsearch\\Common\\Exceptions\\Missing404Exception: {\"error\":{\"root_cause\":[{\"type\":\"index_not_found_exception\",\"reason\":\"no such index [jm-after-build-bug-fix-ssp-3495-f6_product_1]\",\"resource.type\":\"index_or_alias\",\"resource.id\":\"jm-after-build-bug-fix-ssp-3495-f6_product_1\",\"index_uuid\":\"_na_\",\"index\":\"jm-after-build-bug-fix-ssp-3495-f6_product_1\"}],\"type\":\"index_not_found_exception\",\"reason\":\"no such index [jm-after-build-bug-fix-ssp-3495-f6_product_1]\",\"resource.type\":\"index_or_alias\",\"resource.id\":\"jm-after-build-bug-fix-ssp-3495-f6_product_1\",\"index_uuid\":\"_na_\",\"index\":\"jm-after-build-bug-fix-ssp-3495-f6_product_1\"},\"status\":404}[404] (caught throwable) at /var/www/html/vendor/elasticsearch/elasticsearch/src/Elasticsearch/Connections/Connection.php line 685.","context":{"exception":{"class":"Elasticsearch\\Common\\Exceptions\\Missing404Exception","message":"{\"error\":{\"root_cause\":[{\"type\":\"index_not_found_exception\",\"reason\":\"no such index [jm-after-build-bug-fix-ssp-3495-f6_product_1]\",\"resource.type\":\"index_or_alias\",\"resource.id\":\"jm-after-build-bug-fix-ssp-3495-f6_product_1\",\"index_uuid\":\"_na_\",\"index\":\"jm-after-build-bug-fix-ssp-3495-f6_product_1\"}],\"type\":\"index_not_found_exception\",\"reason\":\"no such index [jm-after-build-bug-fix-ssp-3495-f6_product_1]\",\"resource.type\":\"index_or_alias\",\"resource.id\":\"jm-after-build-bug-fix-ssp-3495-f6_product_1\",\"index_uuid\":\"_na_\",\"index\":\"jm-after-build-bug-fix-ssp-3495-f6_product_1\"},\"status\":404}","code":404,"file":"/var/www/html/vendor/elasticsearch/elasticsearch/src/Elasticsearch/Connections/Connection.php:685"}},"level":500,"level_name":"CRITICAL","channel":"app","datetime":"2025-07-18T16:54:26.732362+00:00","extra":{}}
php-fpm-1  | {"message":"[GraphQL] Elasticsearch\\Common\\Exceptions\\Missing404Exception: {\"error\":{\"root_cause\":[{\"type\":\"index_not_found_exception\",\"reason\":\"no such index [jm-after-build-bug-fix-ssp-3495-f6_article_1]\",\"resource.type\":\"index_or_alias\",\"resource.id\":\"jm-after-build-bug-fix-ssp-3495-f6_article_1\",\"index_uuid\":\"_na_\",\"index\":\"jm-after-build-bug-fix-ssp-3495-f6_article_1\"}],\"type\":\"index_not_found_exception\",\"reason\":\"no such index [jm-after-build-bug-fix-ssp-3495-f6_article_1]\",\"resource.type\":\"index_or_alias\",\"resource.id\":\"jm-after-build-bug-fix-ssp-3495-f6_article_1\",\"index_uuid\":\"_na_\",\"index\":\"jm-after-build-bug-fix-ssp-3495-f6_article_1\"},\"status\":404}[404] (caught throwable) at /var/www/html/vendor/elasticsearch/elasticsearch/src/Elasticsearch/Connections/Connection.php line 685.","context":{"exception":{"class":"Elasticsearch\\Common\\Exceptions\\Missing404Exception","message":"{\"error\":{\"root_cause\":[{\"type\":\"index_not_found_exception\",\"reason\":\"no such index [jm-after-build-bug-fix-ssp-3495-f6_article_1]\",\"resource.type\":\"index_or_alias\",\"resource.id\":\"jm-after-build-bug-fix-ssp-3495-f6_article_1\",\"index_uuid\":\"_na_\",\"index\":\"jm-after-build-bug-fix-ssp-3495-f6_article_1\"}],\"type\":\"index_not_found_exception\",\"reason\":\"no such index [jm-after-build-bug-fix-ssp-3495-f6_article_1]\",\"resource.type\":\"index_or_alias\",\"resource.id\":\"jm-after-build-bug-fix-ssp-3495-f6_article_1\",\"index_uuid\":\"_na_\",\"index\":\"jm-after-build-bug-fix-ssp-3495-f6_article_1\"},\"status\":404}","code":404,"file":"/var/www/html/vendor/elasticsearch/elasticsearch/src/Elasticsearch/Connections/Connection.php:685"}},"level":500,"level_name":"CRITICAL","channel":"app","datetime":"2025-07-18T16:54:26.749667+00:00","extra":{}}
php-fpm-1  | {"message":"[GraphQL] Elasticsearch\\Common\\Exceptions\\Missing404Exception: {\"error\":{\"root_cause\":[{\"type\":\"index_not_found_exception\",\"reason\":\"no such index [jm-after-build-bug-fix-ssp-3495-f6_article_2]\",\"resource.type\":\"index_or_alias\",\"resource.id\":\"jm-after-build-bug-fix-ssp-3495-f6_article_2\",\"index_uuid\":\"_na_\",\"index\":\"jm-after-build-bug-fix-ssp-3495-f6_article_2\"}],\"type\":\"index_not_found_exception\",\"reason\":\"no such index [jm-after-build-bug-fix-ssp-3495-f6_article_2]\",\"resource.type\":\"index_or_alias\",\"resource.id\":\"jm-after-build-bug-fix-ssp-3495-f6_article_2\",\"index_uuid\":\"_na_\",\"index\":\"jm-after-build-bug-fix-ssp-3495-f6_article_2\"},\"status\":404}[404] (caught throwable) at /var/www/html/vendor/elasticsearch/elasticsearch/src/Elasticsearch/Connections/Connection.php line 685.","context":{"exception":{"class":"Elasticsearch\\Common\\Exceptions\\Missing404Exception","message":"{\"error\":{\"root_cause\":[{\"type\":\"index_not_found_exception\",\"reason\":\"no such index [jm-after-build-bug-fix-ssp-3495-f6_article_2]\",\"resource.type\":\"index_or_alias\",\"resource.id\":\"jm-after-build-bug-fix-ssp-3495-f6_article_2\",\"index_uuid\":\"_na_\",\"index\":\"jm-after-build-bug-fix-ssp-3495-f6_article_2\"}],\"type\":\"index_not_found_exception\",\"reason\":\"no such index [jm-after-build-bug-fix-ssp-3495-f6_article_2]\",\"resource.type\":\"index_or_alias\",\"resource.id\":\"jm-after-build-bug-fix-ssp-3495-f6_article_2\",\"index_uuid\":\"_na_\",\"index\":\"jm-after-build-bug-fix-ssp-3495-f6_article_2\"},\"status\":404}","code":404,"file":"/var/www/html/vendor/elasticsearch/elasticsearch/src/Elasticsearch/Connections/Connection.php:685"}},"level":500,"level_name":"CRITICAL","channel":"app","datetime":"2025-07-18T16:54:27.137844+00:00","extra":{}}
php-fpm-1  | {"message":"[GraphQL] Elasticsearch\\Common\\Exceptions\\Missing404Exception: {\"error\":{\"root_cause\":[{\"type\":\"index_not_found_exception\",\"reason\":\"no such index [jm-after-build-bug-fix-ssp-3495-f6_product_2]\",\"resource.type\":\"index_or_alias\",\"resource.id\":\"jm-after-build-bug-fix-ssp-3495-f6_product_2\",\"index_uuid\":\"_na_\",\"index\":\"jm-after-build-bug-fix-ssp-3495-f6_product_2\"}],\"type\":\"index_not_found_exception\",\"reason\":\"no such index [jm-after-build-bug-fix-ssp-3495-f6_product_2]\",\"resource.type\":\"index_or_alias\",\"resource.id\":\"jm-after-build-bug-fix-ssp-3495-f6_product_2\",\"index_uuid\":\"_na_\",\"index\":\"jm-after-build-bug-fix-ssp-3495-f6_product_2\"},\"status\":404}[404] (caught throwable) at /var/www/html/vendor/elasticsearch/elasticsearch/src/Elasticsearch/Connections/Connection.php line 685.","context":{"exception":{"class":"Elasticsearch\\Common\\Exceptions\\Missing404Exception","message":"{\"error\":{\"root_cause\":[{\"type\":\"index_not_found_exception\",\"reason\":\"no such index [jm-after-build-bug-fix-ssp-3495-f6_product_2]\",\"resource.type\":\"index_or_alias\",\"resource.id\":\"jm-after-build-bug-fix-ssp-3495-f6_product_2\",\"index_uuid\":\"_na_\",\"index\":\"jm-after-build-bug-fix-ssp-3495-f6_product_2\"}],\"type\":\"index_not_found_exception\",\"reason\":\"no such index [jm-after-build-bug-fix-ssp-3495-f6_product_2]\",\"resource.type\":\"index_or_alias\",\"resource.id\":\"jm-after-build-bug-fix-ssp-3495-f6_product_2\",\"index_uuid\":\"_na_\",\"index\":\"jm-after-build-bug-fix-ssp-3495-f6_product_2\"},\"status\":404}","code":404,"file":"/var/www/html/vendor/elasticsearch/elasticsearch/src/Elasticsearch/Connections/Connection.php:685"}},"level":500,"level_name":"CRITICAL","channel":"app","datetime":"2025-07-18T16:54:27.174492+00:00","extra":{}}
php-fpm-1  | {"message":"[GraphQL] Elasticsearch\\Common\\Exceptions\\Missing404Exception: {\"error\":{\"root_cause\":[{\"type\":\"index_not_found_exception\",\"reason\":\"no such index [jm-after-build-bug-fix-ssp-3495-f6_blog_article_2]\",\"resource.type\":\"index_or_alias\",\"resource.id\":\"jm-after-build-bug-fix-ssp-3495-f6_blog_article_2\",\"index_uuid\":\"_na_\",\"index\":\"jm-after-build-bug-fix-ssp-3495-f6_blog_article_2\"}],\"type\":\"index_not_found_exception\",\"reason\":\"no such index [jm-after-build-bug-fix-ssp-3495-f6_blog_article_2]\",\"resource.type\":\"index_or_alias\",\"resource.id\":\"jm-after-build-bug-fix-ssp-3495-f6_blog_article_2\",\"index_uuid\":\"_na_\",\"index\":\"jm-after-build-bug-fix-ssp-3495-f6_blog_article_2\"},\"status\":404}[404] (caught throwable) at /var/www/html/vendor/elasticsearch/elasticsearch/src/Elasticsearch/Connections/Connection.php line 685.","context":{"exception":{"class":"Elasticsearch\\Common\\Exceptions\\Missing404Exception","message":"{\"error\":{\"root_cause\":[{\"type\":\"index_not_found_exception\",\"reason\":\"no such index [jm-after-build-bug-fix-ssp-3495-f6_blog_article_2]\",\"resource.type\":\"index_or_alias\",\"resource.id\":\"jm-after-build-bug-fix-ssp-3495-f6_blog_article_2\",\"index_uuid\":\"_na_\",\"index\":\"jm-after-build-bug-fix-ssp-3495-f6_blog_article_2\"}],\"type\":\"index_not_found_exception\",\"reason\":\"no such index [jm-after-build-bug-fix-ssp-3495-f6_blog_article_2]\",\"resource.type\":\"index_or_alias\",\"resource.id\":\"jm-after-build-bug-fix-ssp-3495-f6_blog_article_2\",\"index_uuid\":\"_na_\",\"index\":\"jm-after-build-bug-fix-ssp-3495-f6_blog_article_2\"},\"status\":404}","code":404,"file":"/var/www/html/vendor/elasticsearch/elasticsearch/src/Elasticsearch/Connections/Connection.php:685"}},"level":500,"level_name":"CRITICAL","channel":"app","datetime":"2025-07-18T16:54:27.175501+00:00","extra":{}}
php-fpm-1  | {"message":"[GraphQL] Elasticsearch\\Common\\Exceptions\\Missing404Exception: {\"error\":{\"root_cause\":[{\"type\":\"index_not_found_exception\",\"reason\":\"no such index [jm-after-build-bug-fix-ssp-3495-f6_product_1]\",\"resource.type\":\"index_or_alias\",\"resource.id\":\"jm-after-build-bug-fix-ssp-3495-f6_product_1\",\"index_uuid\":\"_na_\",\"index\":\"jm-after-build-bug-fix-ssp-3495-f6_product_1\"}],\"type\":\"index_not_found_exception\",\"reason\":\"no such index [jm-after-build-bug-fix-ssp-3495-f6_product_1]\",\"resource.type\":\"index_or_alias\",\"resource.id\":\"jm-after-build-bug-fix-ssp-3495-f6_product_1\",\"index_uuid\":\"_na_\",\"index\":\"jm-after-build-bug-fix-ssp-3495-f6_product_1\"},\"status\":404}[404] (caught throwable) at /var/www/html/vendor/elasticsearch/elasticsearch/src/Elasticsearch/Connections/Connection.php line 685.","context":{"exception":{"class":"Elasticsearch\\Common\\Exceptions\\Missing404Exception","message":"{\"error\":{\"root_cause\":[{\"type\":\"index_not_found_exception\",\"reason\":\"no such index [jm-after-build-bug-fix-ssp-3495-f6_product_1]\",\"resource.type\":\"index_or_alias\",\"resource.id\":\"jm-after-build-bug-fix-ssp-3495-f6_product_1\",\"index_uuid\":\"_na_\",\"index\":\"jm-after-build-bug-fix-ssp-3495-f6_product_1\"}],\"type\":\"index_not_found_exception\",\"reason\":\"no such index [jm-after-build-bug-fix-ssp-3495-f6_product_1]\",\"resource.type\":\"index_or_alias\",\"resource.id\":\"jm-after-build-bug-fix-ssp-3495-f6_product_1\",\"index_uuid\":\"_na_\",\"index\":\"jm-after-build-bug-fix-ssp-3495-f6_product_1\"},\"status\":404}","code":404,"file":"/var/www/html/vendor/elasticsearch/elasticsearch/src/Elasticsearch/Connections/Connection.php:685"}},"level":500,"level_name":"CRITICAL","channel":"app","datetime":"2025-07-18T16:54:32.507040+00:00","extra":{}}
php-fpm-1  | {"message":"[GraphQL] Elasticsearch\\Common\\Exceptions\\Missing404Exception: {\"error\":{\"root_cause\":[{\"type\":\"index_not_found_exception\",\"reason\":\"no such index [jm-after-build-bug-fix-ssp-3495-f6_article_1]\",\"resource.type\":\"index_or_alias\",\"resource.id\":\"jm-after-build-bug-fix-ssp-3495-f6_article_1\",\"index_uuid\":\"_na_\",\"index\":\"jm-after-build-bug-fix-ssp-3495-f6_article_1\"}],\"type\":\"index_not_found_exception\",\"reason\":\"no such index [jm-after-build-bug-fix-ssp-3495-f6_article_1]\",\"resource.type\":\"index_or_alias\",\"resource.id\":\"jm-after-build-bug-fix-ssp-3495-f6_article_1\",\"index_uuid\":\"_na_\",\"index\":\"jm-after-build-bug-fix-ssp-3495-f6_article_1\"},\"status\":404}[404] (caught throwable) at /var/www/html/vendor/elasticsearch/elasticsearch/src/Elasticsearch/Connections/Connection.php line 685.","context":{"exception":{"class":"Elasticsearch\\Common\\Exceptions\\Missing404Exception","message":"{\"error\":{\"root_cause\":[{\"type\":\"index_not_found_exception\",\"reason\":\"no such index [jm-after-build-bug-fix-ssp-3495-f6_article_1]\",\"resource.type\":\"index_or_alias\",\"resource.id\":\"jm-after-build-bug-fix-ssp-3495-f6_article_1\",\"index_uuid\":\"_na_\",\"index\":\"jm-after-build-bug-fix-ssp-3495-f6_article_1\"}],\"type\":\"index_not_found_exception\",\"reason\":\"no such index [jm-after-build-bug-fix-ssp-3495-f6_article_1]\",\"resource.type\":\"index_or_alias\",\"resource.id\":\"jm-after-build-bug-fix-ssp-3495-f6_article_1\",\"index_uuid\":\"_na_\",\"index\":\"jm-after-build-bug-fix-ssp-3495-f6_article_1\"},\"status\":404}","code":404,"file":"/var/www/html/vendor/elasticsearch/elasticsearch/src/Elasticsearch/Connections/Connection.php:685"}},"level":500,"level_name":"CRITICAL","channel":"app","datetime":"2025-07-18T16:54:32.576546+00:00","extra":{}}
php-fpm-1  | {"message":"[GraphQL] Elasticsearch\\Common\\Exceptions\\Missing404Exception: {\"error\":{\"root_cause\":[{\"type\":\"index_not_found_exception\",\"reason\":\"no such index [jm-after-build-bug-fix-ssp-3495-f6_blog_article_1]\",\"resource.type\":\"index_or_alias\",\"resource.id\":\"jm-after-build-bug-fix-ssp-3495-f6_blog_article_1\",\"index_uuid\":\"_na_\",\"index\":\"jm-after-build-bug-fix-ssp-3495-f6_blog_article_1\"}],\"type\":\"index_not_found_exception\",\"reason\":\"no such index [jm-after-build-bug-fix-ssp-3495-f6_blog_article_1]\",\"resource.type\":\"index_or_alias\",\"resource.id\":\"jm-after-build-bug-fix-ssp-3495-f6_blog_article_1\",\"index_uuid\":\"_na_\",\"index\":\"jm-after-build-bug-fix-ssp-3495-f6_blog_article_1\"},\"status\":404}[404] (caught throwable) at /var/www/html/vendor/elasticsearch/elasticsearch/src/Elasticsearch/Connections/Connection.php line 685.","context":{"exception":{"class":"Elasticsearch\\Common\\Exceptions\\Missing404Exception","message":"{\"error\":{\"root_cause\":[{\"type\":\"index_not_found_exception\",\"reason\":\"no such index [jm-after-build-bug-fix-ssp-3495-f6_blog_article_1]\",\"resource.type\":\"index_or_alias\",\"resource.id\":\"jm-after-build-bug-fix-ssp-3495-f6_blog_article_1\",\"index_uuid\":\"_na_\",\"index\":\"jm-after-build-bug-fix-ssp-3495-f6_blog_article_1\"}],\"type\":\"index_not_found_exception\",\"reason\":\"no such index [jm-after-build-bug-fix-ssp-3495-f6_blog_article_1]\",\"resource.type\":\"index_or_alias\",\"resource.id\":\"jm-after-build-bug-fix-ssp-3495-f6_blog_article_1\",\"index_uuid\":\"_na_\",\"index\":\"jm-after-build-bug-fix-ssp-3495-f6_blog_article_1\"},\"status\":404}","code":404,"file":"/var/www/html/vendor/elasticsearch/elasticsearch/src/Elasticsearch/Connections/Connection.php:685"}},"level":500,"level_name":"CRITICAL","channel":"app","datetime":"2025-07-18T16:54:32.587617+00:00","extra":{}}
php-fpm-1  | {"message":"[GraphQL] Elasticsearch\\Common\\Exceptions\\Missing404Exception: {\"error\":{\"root_cause\":[{\"type\":\"index_not_found_exception\",\"reason\":\"no such index [jm-after-build-bug-fix-ssp-3495-f6_product_2]\",\"resource.type\":\"index_or_alias\",\"resource.id\":\"jm-after-build-bug-fix-ssp-3495-f6_product_2\",\"index_uuid\":\"_na_\",\"index\":\"jm-after-build-bug-fix-ssp-3495-f6_product_2\"}],\"type\":\"index_not_found_exception\",\"reason\":\"no such index [jm-after-build-bug-fix-ssp-3495-f6_product_2]\",\"resource.type\":\"index_or_alias\",\"resource.id\":\"jm-after-build-bug-fix-ssp-3495-f6_product_2\",\"index_uuid\":\"_na_\",\"index\":\"jm-after-build-bug-fix-ssp-3495-f6_product_2\"},\"status\":404}[404] (caught throwable) at /var/www/html/vendor/elasticsearch/elasticsearch/src/Elasticsearch/Connections/Connection.php line 685.","context":{"exception":{"class":"Elasticsearch\\Common\\Exceptions\\Missing404Exception","message":"{\"error\":{\"root_cause\":[{\"type\":\"index_not_found_exception\",\"reason\":\"no such index [jm-after-build-bug-fix-ssp-3495-f6_product_2]\",\"resource.type\":\"index_or_alias\",\"resource.id\":\"jm-after-build-bug-fix-ssp-3495-f6_product_2\",\"index_uuid\":\"_na_\",\"index\":\"jm-after-build-bug-fix-ssp-3495-f6_product_2\"}],\"type\":\"index_not_found_exception\",\"reason\":\"no such index [jm-after-build-bug-fix-ssp-3495-f6_product_2]\",\"resource.type\":\"index_or_alias\",\"resource.id\":\"jm-after-build-bug-fix-ssp-3495-f6_product_2\",\"index_uuid\":\"_na_\",\"index\":\"jm-after-build-bug-fix-ssp-3495-f6_product_2\"},\"status\":404}","code":404,"file":"/var/www/html/vendor/elasticsearch/elasticsearch/src/Elasticsearch/Connections/Connection.php:685"}},"level":500,"level_name":"CRITICAL","channel":"app","datetime":"2025-07-18T16:54:32.758641+00:00","extra":{}}
php-fpm-1  | {"message":"[GraphQL] Elasticsearch\\Common\\Exceptions\\Missing404Exception: {\"error\":{\"root_cause\":[{\"type\":\"index_not_found_exception\",\"reason\":\"no such index [jm-after-build-bug-fix-ssp-3495-f6_article_2]\",\"resource.type\":\"index_or_alias\",\"resource.id\":\"jm-after-build-bug-fix-ssp-3495-f6_article_2\",\"index_uuid\":\"_na_\",\"index\":\"jm-after-build-bug-fix-ssp-3495-f6_article_2\"}],\"type\":\"index_not_found_exception\",\"reason\":\"no such index [jm-after-build-bug-fix-ssp-3495-f6_article_2]\",\"resource.type\":\"index_or_alias\",\"resource.id\":\"jm-after-build-bug-fix-ssp-3495-f6_article_2\",\"index_uuid\":\"_na_\",\"index\":\"jm-after-build-bug-fix-ssp-3495-f6_article_2\"},\"status\":404}[404] (caught throwable) at /var/www/html/vendor/elasticsearch/elasticsearch/src/Elasticsearch/Connections/Connection.php line 685.","context":{"exception":{"class":"Elasticsearch\\Common\\Exceptions\\Missing404Exception","message":"{\"error\":{\"root_cause\":[{\"type\":\"index_not_found_exception\",\"reason\":\"no such index [jm-after-build-bug-fix-ssp-3495-f6_article_2]\",\"resource.type\":\"index_or_alias\",\"resource.id\":\"jm-after-build-bug-fix-ssp-3495-f6_article_2\",\"index_uuid\":\"_na_\",\"index\":\"jm-after-build-bug-fix-ssp-3495-f6_article_2\"}],\"type\":\"index_not_found_exception\",\"reason\":\"no such index [jm-after-build-bug-fix-ssp-3495-f6_article_2]\",\"resource.type\":\"index_or_alias\",\"resource.id\":\"jm-after-build-bug-fix-ssp-3495-f6_article_2\",\"index_uuid\":\"_na_\",\"index\":\"jm-after-build-bug-fix-ssp-3495-f6_article_2\"},\"status\":404}","code":404,"file":"/var/www/html/vendor/elasticsearch/elasticsearch/src/Elasticsearch/Connections/Connection.php:685"}},"level":500,"level_name":"CRITICAL","channel":"app","datetime":"2025-07-18T16:54:32.801306+00:00","extra":{}}
php-fpm-1  | {"message":"[GraphQL] Elasticsearch\\Common\\Exceptions\\Missing404Exception: {\"error\":{\"root_cause\":[{\"type\":\"index_not_found_exception\",\"reason\":\"no such index [jm-after-build-bug-fix-ssp-3495-f6_article_2]\",\"resource.type\":\"index_or_alias\",\"resource.id\":\"jm-after-build-bug-fix-ssp-3495-f6_article_2\",\"index_uuid\":\"_na_\",\"index\":\"jm-after-build-bug-fix-ssp-3495-f6_article_2\"}],\"type\":\"index_not_found_exception\",\"reason\":\"no such index [jm-after-build-bug-fix-ssp-3495-f6_article_2]\",\"resource.type\":\"index_or_alias\",\"resource.id\":\"jm-after-build-bug-fix-ssp-3495-f6_article_2\",\"index_uuid\":\"_na_\",\"index\":\"jm-after-build-bug-fix-ssp-3495-f6_article_2\"},\"status\":404}[404] (caught throwable) at /var/www/html/vendor/elasticsearch/elasticsearch/src/Elasticsearch/Connections/Connection.php line 685.","context":{"exception":{"class":"Elasticsearch\\Common\\Exceptions\\Missing404Exception","message":"{\"error\":{\"root_cause\":[{\"type\":\"index_not_found_exception\",\"reason\":\"no such index [jm-after-build-bug-fix-ssp-3495-f6_article_2]\",\"resource.type\":\"index_or_alias\",\"resource.id\":\"jm-after-build-bug-fix-ssp-3495-f6_article_2\",\"index_uuid\":\"_na_\",\"index\":\"jm-after-build-bug-fix-ssp-3495-f6_article_2\"}],\"type\":\"index_not_found_exception\",\"reason\":\"no such index [jm-after-build-bug-fix-ssp-3495-f6_article_2]\",\"resource.type\":\"index_or_alias\",\"resource.id\":\"jm-after-build-bug-fix-ssp-3495-f6_article_2\",\"index_uuid\":\"_na_\",\"index\":\"jm-after-build-bug-fix-ssp-3495-f6_article_2\"},\"status\":404}","code":404,"file":"/var/www/html/vendor/elasticsearch/elasticsearch/src/Elasticsearch/Connections/Connection.php:685"}},"level":500,"level_name":"CRITICAL","channel":"app","datetime":"2025-07-18T16:54:32.801743+00:00","extra":{}}
php-fpm-1  | {"message":"[GraphQL] Elasticsearch\\Common\\Exceptions\\Missing404Exception: {\"error\":{\"root_cause\":[{\"type\":\"index_not_found_exception\",\"reason\":\"no such index [jm-after-build-bug-fix-ssp-3495-f6_blog_article_2]\",\"resource.type\":\"index_or_alias\",\"resource.id\":\"jm-after-build-bug-fix-ssp-3495-f6_blog_article_2\",\"index_uuid\":\"_na_\",\"index\":\"jm-after-build-bug-fix-ssp-3495-f6_blog_article_2\"}],\"type\":\"index_not_found_exception\",\"reason\":\"no such index [jm-after-build-bug-fix-ssp-3495-f6_blog_article_2]\",\"resource.type\":\"index_or_alias\",\"resource.id\":\"jm-after-build-bug-fix-ssp-3495-f6_blog_article_2\",\"index_uuid\":\"_na_\",\"index\":\"jm-after-build-bug-fix-ssp-3495-f6_blog_article_2\"},\"status\":404}[404] (caught throwable) at /var/www/html/vendor/elasticsearch/elasticsearch/src/Elasticsearch/Connections/Connection.php line 685.","context":{"exception":{"class":"Elasticsearch\\Common\\Exceptions\\Missing404Exception","message":"{\"error\":{\"root_cause\":[{\"type\":\"index_not_found_exception\",\"reason\":\"no such index [jm-after-build-bug-fix-ssp-3495-f6_blog_article_2]\",\"resource.type\":\"index_or_alias\",\"resource.id\":\"jm-after-build-bug-fix-ssp-3495-f6_blog_article_2\",\"index_uuid\":\"_na_\",\"index\":\"jm-after-build-bug-fix-ssp-3495-f6_blog_article_2\"}],\"type\":\"index_not_found_exception\",\"reason\":\"no such index [jm-after-build-bug-fix-ssp-3495-f6_blog_article_2]\",\"resource.type\":\"index_or_alias\",\"resource.id\":\"jm-after-build-bug-fix-ssp-3495-f6_blog_article_2\",\"index_uuid\":\"_na_\",\"index\":\"jm-after-build-bug-fix-ssp-3495-f6_blog_article_2\"},\"status\":404}","code":404,"file":"/var/www/html/vendor/elasticsearch/elasticsearch/src/Elasticsearch/Connections/Connection.php:685"}},"level":500,"level_name":"CRITICAL","channel":"app","datetime":"2025-07-18T16:54:32.869751+00:00","extra":{}}
php-fpm-1  | {"message":"[GraphQL] Elasticsearch\\Common\\Exceptions\\Missing404Exception: {\"error\":{\"root_cause\":[{\"type\":\"index_not_found_exception\",\"reason\":\"no such index [jm-after-build-bug-fix-ssp-3495-f6_product_2]\",\"resource.type\":\"index_or_alias\",\"resource.id\":\"jm-after-build-bug-fix-ssp-3495-f6_product_2\",\"index_uuid\":\"_na_\",\"index\":\"jm-after-build-bug-fix-ssp-3495-f6_product_2\"}],\"type\":\"index_not_found_exception\",\"reason\":\"no such index [jm-after-build-bug-fix-ssp-3495-f6_product_2]\",\"resource.type\":\"index_or_alias\",\"resource.id\":\"jm-after-build-bug-fix-ssp-3495-f6_product_2\",\"index_uuid\":\"_na_\",\"index\":\"jm-after-build-bug-fix-ssp-3495-f6_product_2\"},\"status\":404}[404] (caught throwable) at /var/www/html/vendor/elasticsearch/elasticsearch/src/Elasticsearch/Connections/Connection.php line 685.","context":{"exception":{"class":"Elasticsearch\\Common\\Exceptions\\Missing404Exception","message":"{\"error\":{\"root_cause\":[{\"type\":\"index_not_found_exception\",\"reason\":\"no such index [jm-after-build-bug-fix-ssp-3495-f6_product_2]\",\"resource.type\":\"index_or_alias\",\"resource.id\":\"jm-after-build-bug-fix-ssp-3495-f6_product_2\",\"index_uuid\":\"_na_\",\"index\":\"jm-after-build-bug-fix-ssp-3495-f6_product_2\"}],\"type\":\"index_not_found_exception\",\"reason\":\"no such index [jm-after-build-bug-fix-ssp-3495-f6_product_2]\",\"resource.type\":\"index_or_alias\",\"resource.id\":\"jm-after-build-bug-fix-ssp-3495-f6_product_2\",\"index_uuid\":\"_na_\",\"index\":\"jm-after-build-bug-fix-ssp-3495-f6_product_2\"},\"status\":404}","code":404,"file":"/var/www/html/vendor/elasticsearch/elasticsearch/src/Elasticsearch/Connections/Connection.php:685"}},"level":500,"level_name":"CRITICAL","channel":"app","datetime":"2025-07-18T16:54:32.878947+00:00","extra":{}}
php-fpm-1  | {"message":"[GraphQL] Elasticsearch\\Common\\Exceptions\\Missing404Exception: {\"error\":{\"root_cause\":[{\"type\":\"index_not_found_exception\",\"reason\":\"no such index [jm-after-build-bug-fix-ssp-3495-f6_blog_article_2]\",\"resource.type\":\"index_or_alias\",\"resource.id\":\"jm-after-build-bug-fix-ssp-3495-f6_blog_article_2\",\"index_uuid\":\"_na_\",\"index\":\"jm-after-build-bug-fix-ssp-3495-f6_blog_article_2\"}],\"type\":\"index_not_found_exception\",\"reason\":\"no such index [jm-after-build-bug-fix-ssp-3495-f6_blog_article_2]\",\"resource.type\":\"index_or_alias\",\"resource.id\":\"jm-after-build-bug-fix-ssp-3495-f6_blog_article_2\",\"index_uuid\":\"_na_\",\"index\":\"jm-after-build-bug-fix-ssp-3495-f6_blog_article_2\"},\"status\":404}[404] (caught throwable) at /var/www/html/vendor/elasticsearch/elasticsearch/src/Elasticsearch/Connections/Connection.php line 685.","context":{"exception":{"class":"Elasticsearch\\Common\\Exceptions\\Missing404Exception","message":"{\"error\":{\"root_cause\":[{\"type\":\"index_not_found_exception\",\"reason\":\"no such index [jm-after-build-bug-fix-ssp-3495-f6_blog_article_2]\",\"resource.type\":\"index_or_alias\",\"resource.id\":\"jm-after-build-bug-fix-ssp-3495-f6_blog_article_2\",\"index_uuid\":\"_na_\",\"index\":\"jm-after-build-bug-fix-ssp-3495-f6_blog_article_2\"}],\"type\":\"index_not_found_exception\",\"reason\":\"no such index [jm-after-build-bug-fix-ssp-3495-f6_blog_article_2]\",\"resource.type\":\"index_or_alias\",\"resource.id\":\"jm-after-build-bug-fix-ssp-3495-f6_blog_article_2\",\"index_uuid\":\"_na_\",\"index\":\"jm-after-build-bug-fix-ssp-3495-f6_blog_article_2\"},\"status\":404}","code":404,"file":"/var/www/html/vendor/elasticsearch/elasticsearch/src/Elasticsearch/Connections/Connection.php:685"}},"level":500,"level_name":"CRITICAL","channel":"app","datetime":"2025-07-18T16:54:32.973253+00:00","extra":{}}
php-fpm-1  | {"message":"[GraphQL] Elasticsearch\\Common\\Exceptions\\Missing404Exception: {\"error\":{\"root_cause\":[{\"type\":\"index_not_found_exception\",\"reason\":\"no such index [jm-after-build-bug-fix-ssp-3495-f6_product_1]\",\"resource.type\":\"index_or_alias\",\"resource.id\":\"jm-after-build-bug-fix-ssp-3495-f6_product_1\",\"index_uuid\":\"_na_\",\"index\":\"jm-after-build-bug-fix-ssp-3495-f6_product_1\"}],\"type\":\"index_not_found_exception\",\"reason\":\"no such index [jm-after-build-bug-fix-ssp-3495-f6_product_1]\",\"resource.type\":\"index_or_alias\",\"resource.id\":\"jm-after-build-bug-fix-ssp-3495-f6_product_1\",\"index_uuid\":\"_na_\",\"index\":\"jm-after-build-bug-fix-ssp-3495-f6_product_1\"},\"status\":404}[404] (caught throwable) at /var/www/html/vendor/elasticsearch/elasticsearch/src/Elasticsearch/Connections/Connection.php line 685.","context":{"exception":{"class":"Elasticsearch\\Common\\Exceptions\\Missing404Exception","message":"{\"error\":{\"root_cause\":[{\"type\":\"index_not_found_exception\",\"reason\":\"no such index [jm-after-build-bug-fix-ssp-3495-f6_product_1]\",\"resource.type\":\"index_or_alias\",\"resource.id\":\"jm-after-build-bug-fix-ssp-3495-f6_product_1\",\"index_uuid\":\"_na_\",\"index\":\"jm-after-build-bug-fix-ssp-3495-f6_product_1\"}],\"type\":\"index_not_found_exception\",\"reason\":\"no such index [jm-after-build-bug-fix-ssp-3495-f6_product_1]\",\"resource.type\":\"index_or_alias\",\"resource.id\":\"jm-after-build-bug-fix-ssp-3495-f6_product_1\",\"index_uuid\":\"_na_\",\"index\":\"jm-after-build-bug-fix-ssp-3495-f6_product_1\"},\"status\":404}","code":404,"file":"/var/www/html/vendor/elasticsearch/elasticsearch/src/Elasticsearch/Connections/Connection.php:685"}},"level":500,"level_name":"CRITICAL","channel":"app","datetime":"2025-07-18T16:54:33.068239+00:00","extra":{}}
php-fpm-1  | {"message":"[GraphQL] Elasticsearch\\Common\\Exceptions\\Missing404Exception: {\"error\":{\"root_cause\":[{\"type\":\"index_not_found_exception\",\"reason\":\"no such index [jm-after-build-bug-fix-ssp-3495-f6_article_1]\",\"resource.type\":\"index_or_alias\",\"resource.id\":\"jm-after-build-bug-fix-ssp-3495-f6_article_1\",\"index_uuid\":\"_na_\",\"index\":\"jm-after-build-bug-fix-ssp-3495-f6_article_1\"}],\"type\":\"index_not_found_exception\",\"reason\":\"no such index [jm-after-build-bug-fix-ssp-3495-f6_article_1]\",\"resource.type\":\"index_or_alias\",\"resource.id\":\"jm-after-build-bug-fix-ssp-3495-f6_article_1\",\"index_uuid\":\"_na_\",\"index\":\"jm-after-build-bug-fix-ssp-3495-f6_article_1\"},\"status\":404}[404] (caught throwable) at /var/www/html/vendor/elasticsearch/elasticsearch/src/Elasticsearch/Connections/Connection.php line 685.","context":{"exception":{"class":"Elasticsearch\\Common\\Exceptions\\Missing404Exception","message":"{\"error\":{\"root_cause\":[{\"type\":\"index_not_found_exception\",\"reason\":\"no such index [jm-after-build-bug-fix-ssp-3495-f6_article_1]\",\"resource.type\":\"index_or_alias\",\"resource.id\":\"jm-after-build-bug-fix-ssp-3495-f6_article_1\",\"index_uuid\":\"_na_\",\"index\":\"jm-after-build-bug-fix-ssp-3495-f6_article_1\"}],\"type\":\"index_not_found_exception\",\"reason\":\"no such index [jm-after-build-bug-fix-ssp-3495-f6_article_1]\",\"resource.type\":\"index_or_alias\",\"resource.id\":\"jm-after-build-bug-fix-ssp-3495-f6_article_1\",\"index_uuid\":\"_na_\",\"index\":\"jm-after-build-bug-fix-ssp-3495-f6_article_1\"},\"status\":404}","code":404,"file":"/var/www/html/vendor/elasticsearch/elasticsearch/src/Elasticsearch/Connections/Connection.php:685"}},"level":500,"level_name":"CRITICAL","channel":"app","datetime":"2025-07-18T16:54:33.068349+00:00","extra":{}}
php-fpm-1  | {"message":"[GraphQL] Elasticsearch\\Common\\Exceptions\\Missing404Exception: {\"error\":{\"root_cause\":[{\"type\":\"index_not_found_exception\",\"reason\":\"no such index [jm-after-build-bug-fix-ssp-3495-f6_blog_article_1]\",\"resource.type\":\"index_or_alias\",\"resource.id\":\"jm-after-build-bug-fix-ssp-3495-f6_blog_article_1\",\"index_uuid\":\"_na_\",\"index\":\"jm-after-build-bug-fix-ssp-3495-f6_blog_article_1\"}],\"type\":\"index_not_found_exception\",\"reason\":\"no such index [jm-after-build-bug-fix-ssp-3495-f6_blog_article_1]\",\"resource.type\":\"index_or_alias\",\"resource.id\":\"jm-after-build-bug-fix-ssp-3495-f6_blog_article_1\",\"index_uuid\":\"_na_\",\"index\":\"jm-after-build-bug-fix-ssp-3495-f6_blog_article_1\"},\"status\":404}[404] (caught throwable) at /var/www/html/vendor/elasticsearch/elasticsearch/src/Elasticsearch/Connections/Connection.php line 685.","context":{"exception":{"class":"Elasticsearch\\Common\\Exceptions\\Missing404Exception","message":"{\"error\":{\"root_cause\":[{\"type\":\"index_not_found_exception\",\"reason\":\"no such index [jm-after-build-bug-fix-ssp-3495-f6_blog_article_1]\",\"resource.type\":\"index_or_alias\",\"resource.id\":\"jm-after-build-bug-fix-ssp-3495-f6_blog_article_1\",\"index_uuid\":\"_na_\",\"index\":\"jm-after-build-bug-fix-ssp-3495-f6_blog_article_1\"}],\"type\":\"index_not_found_exception\",\"reason\":\"no such index [jm-after-build-bug-fix-ssp-3495-f6_blog_article_1]\",\"resource.type\":\"index_or_alias\",\"resource.id\":\"jm-after-build-bug-fix-ssp-3495-f6_blog_article_1\",\"index_uuid\":\"_na_\",\"index\":\"jm-after-build-bug-fix-ssp-3495-f6_blog_article_1\"},\"status\":404}","code":404,"file":"/var/www/html/vendor/elasticsearch/elasticsearch/src/Elasticsearch/Connections/Connection.php:685"}},"level":500,"level_name":"CRITICAL","channel":"app","datetime":"2025-07-18T16:54:33.132461+00:00","extra":{}}
php-fpm-1  | {"message":"[GraphQL] Elasticsearch\\Common\\Exceptions\\Missing404Exception: {\"error\":{\"root_cause\":[{\"type\":\"index_not_found_exception\",\"reason\":\"no such index [jm-after-build-bug-fix-ssp-3495-f6_article_1]\",\"resource.type\":\"index_or_alias\",\"resource.id\":\"jm-after-build-bug-fix-ssp-3495-f6_article_1\",\"index_uuid\":\"_na_\",\"index\":\"jm-after-build-bug-fix-ssp-3495-f6_article_1\"}],\"type\":\"index_not_found_exception\",\"reason\":\"no such index [jm-after-build-bug-fix-ssp-3495-f6_article_1]\",\"resource.type\":\"index_or_alias\",\"resource.id\":\"jm-after-build-bug-fix-ssp-3495-f6_article_1\",\"index_uuid\":\"_na_\",\"index\":\"jm-after-build-bug-fix-ssp-3495-f6_article_1\"},\"status\":404}[404] (caught throwable) at /var/www/html/vendor/elasticsearch/elasticsearch/src/Elasticsearch/Connections/Connection.php line 685.","context":{"exception":{"class":"Elasticsearch\\Common\\Exceptions\\Missing404Exception","message":"{\"error\":{\"root_cause\":[{\"type\":\"index_not_found_exception\",\"reason\":\"no such index [jm-after-build-bug-fix-ssp-3495-f6_article_1]\",\"resource.type\":\"index_or_alias\",\"resource.id\":\"jm-after-build-bug-fix-ssp-3495-f6_article_1\",\"index_uuid\":\"_na_\",\"index\":\"jm-after-build-bug-fix-ssp-3495-f6_article_1\"}],\"type\":\"index_not_found_exception\",\"reason\":\"no such index [jm-after-build-bug-fix-ssp-3495-f6_article_1]\",\"resource.type\":\"index_or_alias\",\"resource.id\":\"jm-after-build-bug-fix-ssp-3495-f6_article_1\",\"index_uuid\":\"_na_\",\"index\":\"jm-after-build-bug-fix-ssp-3495-f6_article_1\"},\"status\":404}","code":404,"file":"/var/www/html/vendor/elasticsearch/elasticsearch/src/Elasticsearch/Connections/Connection.php:685"}},"level":500,"level_name":"CRITICAL","channel":"app","datetime":"2025-07-18T16:54:33.225649+00:00","extra":{}}
php-fpm-1  | {"message":"[GraphQL] Elasticsearch\\Common\\Exceptions\\Missing404Exception: {\"error\":{\"root_cause\":[{\"type\":\"index_not_found_exception\",\"reason\":\"no such index [jm-after-build-bug-fix-ssp-3495-f6_product_1]\",\"resource.type\":\"index_or_alias\",\"resource.id\":\"jm-after-build-bug-fix-ssp-3495-f6_product_1\",\"index_uuid\":\"_na_\",\"index\":\"jm-after-build-bug-fix-ssp-3495-f6_product_1\"}],\"type\":\"index_not_found_exception\",\"reason\":\"no such index [jm-after-build-bug-fix-ssp-3495-f6_product_1]\",\"resource.type\":\"index_or_alias\",\"resource.id\":\"jm-after-build-bug-fix-ssp-3495-f6_product_1\",\"index_uuid\":\"_na_\",\"index\":\"jm-after-build-bug-fix-ssp-3495-f6_product_1\"},\"status\":404}[404] (caught throwable) at /var/www/html/vendor/elasticsearch/elasticsearch/src/Elasticsearch/Connections/Connection.php line 685.","context":{"exception":{"class":"Elasticsearch\\Common\\Exceptions\\Missing404Exception","message":"{\"error\":{\"root_cause\":[{\"type\":\"index_not_found_exception\",\"reason\":\"no such index [jm-after-build-bug-fix-ssp-3495-f6_product_1]\",\"resource.type\":\"index_or_alias\",\"resource.id\":\"jm-after-build-bug-fix-ssp-3495-f6_product_1\",\"index_uuid\":\"_na_\",\"index\":\"jm-after-build-bug-fix-ssp-3495-f6_product_1\"}],\"type\":\"index_not_found_exception\",\"reason\":\"no such index [jm-after-build-bug-fix-ssp-3495-f6_product_1]\",\"resource.type\":\"index_or_alias\",\"resource.id\":\"jm-after-build-bug-fix-ssp-3495-f6_product_1\",\"index_uuid\":\"_na_\",\"index\":\"jm-after-build-bug-fix-ssp-3495-f6_product_1\"},\"status\":404}","code":404,"file":"/var/www/html/vendor/elasticsearch/elasticsearch/src/Elasticsearch/Connections/Connection.php:685"}},"level":500,"level_name":"CRITICAL","channel":"app","datetime":"2025-07-18T16:54:33.234749+00:00","extra":{}}
php-fpm-1  | {"message":"[GraphQL] Elasticsearch\\Common\\Exceptions\\Missing404Exception: {\"error\":{\"root_cause\":[{\"type\":\"index_not_found_exception\",\"reason\":\"no such index [jm-after-build-bug-fix-ssp-3495-f6_blog_article_1]\",\"resource.type\":\"index_or_alias\",\"resource.id\":\"jm-after-build-bug-fix-ssp-3495-f6_blog_article_1\",\"index_uuid\":\"_na_\",\"index\":\"jm-after-build-bug-fix-ssp-3495-f6_blog_article_1\"}],\"type\":\"index_not_found_exception\",\"reason\":\"no such index [jm-after-build-bug-fix-ssp-3495-f6_blog_article_1]\",\"resource.type\":\"index_or_alias\",\"resource.id\":\"jm-after-build-bug-fix-ssp-3495-f6_blog_article_1\",\"index_uuid\":\"_na_\",\"index\":\"jm-after-build-bug-fix-ssp-3495-f6_blog_article_1\"},\"status\":404}[404] (caught throwable) at /var/www/html/vendor/elasticsearch/elasticsearch/src/Elasticsearch/Connections/Connection.php line 685.","context":{"exception":{"class":"Elasticsearch\\Common\\Exceptions\\Missing404Exception","message":"{\"error\":{\"root_cause\":[{\"type\":\"index_not_found_exception\",\"reason\":\"no such index [jm-after-build-bug-fix-ssp-3495-f6_blog_article_1]\",\"resource.type\":\"index_or_alias\",\"resource.id\":\"jm-after-build-bug-fix-ssp-3495-f6_blog_article_1\",\"index_uuid\":\"_na_\",\"index\":\"jm-after-build-bug-fix-ssp-3495-f6_blog_article_1\"}],\"type\":\"index_not_found_exception\",\"reason\":\"no such index [jm-after-build-bug-fix-ssp-3495-f6_blog_article_1]\",\"resource.type\":\"index_or_alias\",\"resource.id\":\"jm-after-build-bug-fix-ssp-3495-f6_blog_article_1\",\"index_uuid\":\"_na_\",\"index\":\"jm-after-build-bug-fix-ssp-3495-f6_blog_article_1\"},\"status\":404}","code":404,"file":"/var/www/html/vendor/elasticsearch/elasticsearch/src/Elasticsearch/Connections/Connection.php:685"}},"level":500,"level_name":"CRITICAL","channel":"app","datetime":"2025-07-18T16:54:33.294055+00:00","extra":{}}
php-fpm-1  | {"message":"[GraphQL] Elasticsearch\\Common\\Exceptions\\Missing404Exception: {\"error\":{\"root_cause\":[{\"type\":\"index_not_found_exception\",\"reason\":\"no such index [jm-after-build-bug-fix-ssp-3495-f6_article_2]\",\"resource.type\":\"index_or_alias\",\"resource.id\":\"jm-after-build-bug-fix-ssp-3495-f6_article_2\",\"index_uuid\":\"_na_\",\"index\":\"jm-after-build-bug-fix-ssp-3495-f6_article_2\"}],\"type\":\"index_not_found_exception\",\"reason\":\"no such index [jm-after-build-bug-fix-ssp-3495-f6_article_2]\",\"resource.type\":\"index_or_alias\",\"resource.id\":\"jm-after-build-bug-fix-ssp-3495-f6_article_2\",\"index_uuid\":\"_na_\",\"index\":\"jm-after-build-bug-fix-ssp-3495-f6_article_2\"},\"status\":404}[404] (caught throwable) at /var/www/html/vendor/elasticsearch/elasticsearch/src/Elasticsearch/Connections/Connection.php line 685.","context":{"exception":{"class":"Elasticsearch\\Common\\Exceptions\\Missing404Exception","message":"{\"error\":{\"root_cause\":[{\"type\":\"index_not_found_exception\",\"reason\":\"no such index [jm-after-build-bug-fix-ssp-3495-f6_article_2]\",\"resource.type\":\"index_or_alias\",\"resource.id\":\"jm-after-build-bug-fix-ssp-3495-f6_article_2\",\"index_uuid\":\"_na_\",\"index\":\"jm-after-build-bug-fix-ssp-3495-f6_article_2\"}],\"type\":\"index_not_found_exception\",\"reason\":\"no such index [jm-after-build-bug-fix-ssp-3495-f6_article_2]\",\"resource.type\":\"index_or_alias\",\"resource.id\":\"jm-after-build-bug-fix-ssp-3495-f6_article_2\",\"index_uuid\":\"_na_\",\"index\":\"jm-after-build-bug-fix-ssp-3495-f6_article_2\"},\"status\":404}","code":404,"file":"/var/www/html/vendor/elasticsearch/elasticsearch/src/Elasticsearch/Connections/Connection.php:685"}},"level":500,"level_name":"CRITICAL","channel":"app","datetime":"2025-07-18T16:54:33.550469+00:00","extra":{}}
php-fpm-1  | {"message":"[GraphQL] Elasticsearch\\Common\\Exceptions\\Missing404Exception: {\"error\":{\"root_cause\":[{\"type\":\"index_not_found_exception\",\"reason\":\"no such index [jm-after-build-bug-fix-ssp-3495-f6_product_2]\",\"resource.type\":\"index_or_alias\",\"resource.id\":\"jm-after-build-bug-fix-ssp-3495-f6_product_2\",\"index_uuid\":\"_na_\",\"index\":\"jm-after-build-bug-fix-ssp-3495-f6_product_2\"}],\"type\":\"index_not_found_exception\",\"reason\":\"no such index [jm-after-build-bug-fix-ssp-3495-f6_product_2]\",\"resource.type\":\"index_or_alias\",\"resource.id\":\"jm-after-build-bug-fix-ssp-3495-f6_product_2\",\"index_uuid\":\"_na_\",\"index\":\"jm-after-build-bug-fix-ssp-3495-f6_product_2\"},\"status\":404}[404] (caught throwable) at /var/www/html/vendor/elasticsearch/elasticsearch/src/Elasticsearch/Connections/Connection.php line 685.","context":{"exception":{"class":"Elasticsearch\\Common\\Exceptions\\Missing404Exception","message":"{\"error\":{\"root_cause\":[{\"type\":\"index_not_found_exception\",\"reason\":\"no such index [jm-after-build-bug-fix-ssp-3495-f6_product_2]\",\"resource.type\":\"index_or_alias\",\"resource.id\":\"jm-after-build-bug-fix-ssp-3495-f6_product_2\",\"index_uuid\":\"_na_\",\"index\":\"jm-after-build-bug-fix-ssp-3495-f6_product_2\"}],\"type\":\"index_not_found_exception\",\"reason\":\"no such index [jm-after-build-bug-fix-ssp-3495-f6_product_2]\",\"resource.type\":\"index_or_alias\",\"resource.id\":\"jm-after-build-bug-fix-ssp-3495-f6_product_2\",\"index_uuid\":\"_na_\",\"index\":\"jm-after-build-bug-fix-ssp-3495-f6_product_2\"},\"status\":404}","code":404,"file":"/var/www/html/vendor/elasticsearch/elasticsearch/src/Elasticsearch/Connections/Connection.php:685"}},"level":500,"level_name":"CRITICAL","channel":"app","datetime":"2025-07-18T16:54:33.560736+00:00","extra":{}}
php-fpm-1  | {"message":"[GraphQL] Elasticsearch\\Common\\Exceptions\\Missing404Exception: {\"error\":{\"root_cause\":[{\"type\":\"index_not_found_exception\",\"reason\":\"no such index [jm-after-build-bug-fix-ssp-3495-f6_blog_article_2]\",\"resource.type\":\"index_or_alias\",\"resource.id\":\"jm-after-build-bug-fix-ssp-3495-f6_blog_article_2\",\"index_uuid\":\"_na_\",\"index\":\"jm-after-build-bug-fix-ssp-3495-f6_blog_article_2\"}],\"type\":\"index_not_found_exception\",\"reason\":\"no such index [jm-after-build-bug-fix-ssp-3495-f6_blog_article_2]\",\"resource.type\":\"index_or_alias\",\"resource.id\":\"jm-after-build-bug-fix-ssp-3495-f6_blog_article_2\",\"index_uuid\":\"_na_\",\"index\":\"jm-after-build-bug-fix-ssp-3495-f6_blog_article_2\"},\"status\":404}[404] (caught throwable) at /var/www/html/vendor/elasticsearch/elasticsearch/src/Elasticsearch/Connections/Connection.php line 685.","context":{"exception":{"class":"Elasticsearch\\Common\\Exceptions\\Missing404Exception","message":"{\"error\":{\"root_cause\":[{\"type\":\"index_not_found_exception\",\"reason\":\"no such index [jm-after-build-bug-fix-ssp-3495-f6_blog_article_2]\",\"resource.type\":\"index_or_alias\",\"resource.id\":\"jm-after-build-bug-fix-ssp-3495-f6_blog_article_2\",\"index_uuid\":\"_na_\",\"index\":\"jm-after-build-bug-fix-ssp-3495-f6_blog_article_2\"}],\"type\":\"index_not_found_exception\",\"reason\":\"no such index [jm-after-build-bug-fix-ssp-3495-f6_blog_article_2]\",\"resource.type\":\"index_or_alias\",\"resource.id\":\"jm-after-build-bug-fix-ssp-3495-f6_blog_article_2\",\"index_uuid\":\"_na_\",\"index\":\"jm-after-build-bug-fix-ssp-3495-f6_blog_article_2\"},\"status\":404}","code":404,"file":"/var/www/html/vendor/elasticsearch/elasticsearch/src/Elasticsearch/Connections/Connection.php:685"}},"level":500,"level_name":"CRITICAL","channel":"app","datetime":"2025-07-18T16:54:33.604996+00:00","extra":{}}
php-fpm-1  | resolveFriendlyUrl: 404 Not Found because friendly URL not found with slug (@vite/env) and domainId (1)
php-fpm-1  | {"message":"[GraphQL] Elasticsearch\\Common\\Exceptions\\Missing404Exception: {\"error\":{\"root_cause\":[{\"type\":\"index_not_found_exception\",\"reason\":\"no such index [jm-after-build-bug-fix-ssp-3495-f6_product_2]\",\"resource.type\":\"index_or_alias\",\"resource.id\":\"jm-after-build-bug-fix-ssp-3495-f6_product_2\",\"index_uuid\":\"_na_\",\"index\":\"jm-after-build-bug-fix-ssp-3495-f6_product_2\"}],\"type\":\"index_not_found_exception\",\"reason\":\"no such index [jm-after-build-bug-fix-ssp-3495-f6_product_2]\",\"resource.type\":\"index_or_alias\",\"resource.id\":\"jm-after-build-bug-fix-ssp-3495-f6_product_2\",\"index_uuid\":\"_na_\",\"index\":\"jm-after-build-bug-fix-ssp-3495-f6_product_2\"},\"status\":404}[404] (caught throwable) at /var/www/html/vendor/elasticsearch/elasticsearch/src/Elasticsearch/Connections/Connection.php line 685.","context":{"exception":{"class":"Elasticsearch\\Common\\Exceptions\\Missing404Exception","message":"{\"error\":{\"root_cause\":[{\"type\":\"index_not_found_exception\",\"reason\":\"no such index [jm-after-build-bug-fix-ssp-3495-f6_product_2]\",\"resource.type\":\"index_or_alias\",\"resource.id\":\"jm-after-build-bug-fix-ssp-3495-f6_product_2\",\"index_uuid\":\"_na_\",\"index\":\"jm-after-build-bug-fix-ssp-3495-f6_product_2\"}],\"type\":\"index_not_found_exception\",\"reason\":\"no such index [jm-after-build-bug-fix-ssp-3495-f6_product_2]\",\"resource.type\":\"index_or_alias\",\"resource.id\":\"jm-after-build-bug-fix-ssp-3495-f6_product_2\",\"index_uuid\":\"_na_\",\"index\":\"jm-after-build-bug-fix-ssp-3495-f6_product_2\"},\"status\":404}","code":404,"file":"/var/www/html/vendor/elasticsearch/elasticsearch/src/Elasticsearch/Connections/Connection.php:685"}},"level":500,"level_name":"CRITICAL","channel":"app","datetime":"2025-07-18T16:54:33.704105+00:00","extra":{}}
php-fpm-1  | {"message":"[GraphQL] Elasticsearch\\Common\\Exceptions\\Missing404Exception: {\"error\":{\"root_cause\":[{\"type\":\"index_not_found_exception\",\"reason\":\"no such index [jm-after-build-bug-fix-ssp-3495-f6_blog_article_2]\",\"resource.type\":\"index_or_alias\",\"resource.id\":\"jm-after-build-bug-fix-ssp-3495-f6_blog_article_2\",\"index_uuid\":\"_na_\",\"index\":\"jm-after-build-bug-fix-ssp-3495-f6_blog_article_2\"}],\"type\":\"index_not_found_exception\",\"reason\":\"no such index [jm-after-build-bug-fix-ssp-3495-f6_blog_article_2]\",\"resource.type\":\"index_or_alias\",\"resource.id\":\"jm-after-build-bug-fix-ssp-3495-f6_blog_article_2\",\"index_uuid\":\"_na_\",\"index\":\"jm-after-build-bug-fix-ssp-3495-f6_blog_article_2\"},\"status\":404}[404] (caught throwable) at /var/www/html/vendor/elasticsearch/elasticsearch/src/Elasticsearch/Connections/Connection.php line 685.","context":{"exception":{"class":"Elasticsearch\\Common\\Exceptions\\Missing404Exception","message":"{\"error\":{\"root_cause\":[{\"type\":\"index_not_found_exception\",\"reason\":\"no such index [jm-after-build-bug-fix-ssp-3495-f6_blog_article_2]\",\"resource.type\":\"index_or_alias\",\"resource.id\":\"jm-after-build-bug-fix-ssp-3495-f6_blog_article_2\",\"index_uuid\":\"_na_\",\"index\":\"jm-after-build-bug-fix-ssp-3495-f6_blog_article_2\"}],\"type\":\"index_not_found_exception\",\"reason\":\"no such index [jm-after-build-bug-fix-ssp-3495-f6_blog_article_2]\",\"resource.type\":\"index_or_alias\",\"resource.id\":\"jm-after-build-bug-fix-ssp-3495-f6_blog_article_2\",\"index_uuid\":\"_na_\",\"index\":\"jm-after-build-bug-fix-ssp-3495-f6_blog_article_2\"},\"status\":404}","code":404,"file":"/var/www/html/vendor/elasticsearch/elasticsearch/src/Elasticsearch/Connections/Connection.php:685"}},"level":500,"level_name":"CRITICAL","channel":"app","datetime":"2025-07-18T16:54:33.753179+00:00","extra":{}}
php-fpm-1  | {"message":"[GraphQL] Elasticsearch\\Common\\Exceptions\\Missing404Exception: {\"error\":{\"root_cause\":[{\"type\":\"index_not_found_exception\",\"reason\":\"no such index [jm-after-build-bug-fix-ssp-3495-f6_article_2]\",\"resource.type\":\"index_or_alias\",\"resource.id\":\"jm-after-build-bug-fix-ssp-3495-f6_article_2\",\"index_uuid\":\"_na_\",\"index\":\"jm-after-build-bug-fix-ssp-3495-f6_article_2\"}],\"type\":\"index_not_found_exception\",\"reason\":\"no such index [jm-after-build-bug-fix-ssp-3495-f6_article_2]\",\"resource.type\":\"index_or_alias\",\"resource.id\":\"jm-after-build-bug-fix-ssp-3495-f6_article_2\",\"index_uuid\":\"_na_\",\"index\":\"jm-after-build-bug-fix-ssp-3495-f6_article_2\"},\"status\":404}[404] (caught throwable) at /var/www/html/vendor/elasticsearch/elasticsearch/src/Elasticsearch/Connections/Connection.php line 685.","context":{"exception":{"class":"Elasticsearch\\Common\\Exceptions\\Missing404Exception","message":"{\"error\":{\"root_cause\":[{\"type\":\"index_not_found_exception\",\"reason\":\"no such index [jm-after-build-bug-fix-ssp-3495-f6_article_2]\",\"resource.type\":\"index_or_alias\",\"resource.id\":\"jm-after-build-bug-fix-ssp-3495-f6_article_2\",\"index_uuid\":\"_na_\",\"index\":\"jm-after-build-bug-fix-ssp-3495-f6_article_2\"}],\"type\":\"index_not_found_exception\",\"reason\":\"no such index [jm-after-build-bug-fix-ssp-3495-f6_article_2]\",\"resource.type\":\"index_or_alias\",\"resource.id\":\"jm-after-build-bug-fix-ssp-3495-f6_article_2\",\"index_uuid\":\"_na_\",\"index\":\"jm-after-build-bug-fix-ssp-3495-f6_article_2\"},\"status\":404}","code":404,"file":"/var/www/html/vendor/elasticsearch/elasticsearch/src/Elasticsearch/Connections/Connection.php:685"}},"level":500,"level_name":"CRITICAL","channel":"app","datetime":"2025-07-18T16:54:33.759661+00:00","extra":{}}
php-fpm-1  | {"message":"[GraphQL] Elasticsearch\\Common\\Exceptions\\Missing404Exception: {\"error\":{\"root_cause\":[{\"type\":\"index_not_found_exception\",\"reason\":\"no such index [jm-after-build-bug-fix-ssp-3495-f6_article_1]\",\"resource.type\":\"index_or_alias\",\"resource.id\":\"jm-after-build-bug-fix-ssp-3495-f6_article_1\",\"index_uuid\":\"_na_\",\"index\":\"jm-after-build-bug-fix-ssp-3495-f6_article_1\"}],\"type\":\"index_not_found_exception\",\"reason\":\"no such index [jm-after-build-bug-fix-ssp-3495-f6_article_1]\",\"resource.type\":\"index_or_alias\",\"resource.id\":\"jm-after-build-bug-fix-ssp-3495-f6_article_1\",\"index_uuid\":\"_na_\",\"index\":\"jm-after-build-bug-fix-ssp-3495-f6_article_1\"},\"status\":404}[404] (caught throwable) at /var/www/html/vendor/elasticsearch/elasticsearch/src/Elasticsearch/Connections/Connection.php line 685.","context":{"exception":{"class":"Elasticsearch\\Common\\Exceptions\\Missing404Exception","message":"{\"error\":{\"root_cause\":[{\"type\":\"index_not_found_exception\",\"reason\":\"no such index [jm-after-build-bug-fix-ssp-3495-f6_article_1]\",\"resource.type\":\"index_or_alias\",\"resource.id\":\"jm-after-build-bug-fix-ssp-3495-f6_article_1\",\"index_uuid\":\"_na_\",\"index\":\"jm-after-build-bug-fix-ssp-3495-f6_article_1\"}],\"type\":\"index_not_found_exception\",\"reason\":\"no such index [jm-after-build-bug-fix-ssp-3495-f6_article_1]\",\"resource.type\":\"index_or_alias\",\"resource.id\":\"jm-after-build-bug-fix-ssp-3495-f6_article_1\",\"index_uuid\":\"_na_\",\"index\":\"jm-after-build-bug-fix-ssp-3495-f6_article_1\"},\"status\":404}","code":404,"file":"/var/www/html/vendor/elasticsearch/elasticsearch/src/Elasticsearch/Connections/Connection.php:685"}},"level":500,"level_name":"CRITICAL","channel":"app","datetime":"2025-07-18T16:54:33.841442+00:00","extra":{}}
php-fpm-1  | {"message":"[GraphQL] Elasticsearch\\Common\\Exceptions\\Missing404Exception: {\"error\":{\"root_cause\":[{\"type\":\"index_not_found_exception\",\"reason\":\"no such index [jm-after-build-bug-fix-ssp-3495-f6_blog_article_1]\",\"resource.type\":\"index_or_alias\",\"resource.id\":\"jm-after-build-bug-fix-ssp-3495-f6_blog_article_1\",\"index_uuid\":\"_na_\",\"index\":\"jm-after-build-bug-fix-ssp-3495-f6_blog_article_1\"}],\"type\":\"index_not_found_exception\",\"reason\":\"no such index [jm-after-build-bug-fix-ssp-3495-f6_blog_article_1]\",\"resource.type\":\"index_or_alias\",\"resource.id\":\"jm-after-build-bug-fix-ssp-3495-f6_blog_article_1\",\"index_uuid\":\"_na_\",\"index\":\"jm-after-build-bug-fix-ssp-3495-f6_blog_article_1\"},\"status\":404}[404] (caught throwable) at /var/www/html/vendor/elasticsearch/elasticsearch/src/Elasticsearch/Connections/Connection.php line 685.","context":{"exception":{"class":"Elasticsearch\\Common\\Exceptions\\Missing404Exception","message":"{\"error\":{\"root_cause\":[{\"type\":\"index_not_found_exception\",\"reason\":\"no such index [jm-after-build-bug-fix-ssp-3495-f6_blog_article_1]\",\"resource.type\":\"index_or_alias\",\"resource.id\":\"jm-after-build-bug-fix-ssp-3495-f6_blog_article_1\",\"index_uuid\":\"_na_\",\"index\":\"jm-after-build-bug-fix-ssp-3495-f6_blog_article_1\"}],\"type\":\"index_not_found_exception\",\"reason\":\"no such index [jm-after-build-bug-fix-ssp-3495-f6_blog_article_1]\",\"resource.type\":\"index_or_alias\",\"resource.id\":\"jm-after-build-bug-fix-ssp-3495-f6_blog_article_1\",\"index_uuid\":\"_na_\",\"index\":\"jm-after-build-bug-fix-ssp-3495-f6_blog_article_1\"},\"status\":404}","code":404,"file":"/var/www/html/vendor/elasticsearch/elasticsearch/src/Elasticsearch/Connections/Connection.php:685"}},"level":500,"level_name":"CRITICAL","channel":"app","datetime":"2025-07-18T16:54:33.847950+00:00","extra":{}}
php-fpm-1  | {"message":"[GraphQL] Elasticsearch\\Common\\Exceptions\\Missing404Exception: {\"error\":{\"root_cause\":[{\"type\":\"index_not_found_exception\",\"reason\":\"no such index [jm-after-build-bug-fix-ssp-3495-f6_product_1]\",\"resource.type\":\"index_or_alias\",\"resource.id\":\"jm-after-build-bug-fix-ssp-3495-f6_product_1\",\"index_uuid\":\"_na_\",\"index\":\"jm-after-build-bug-fix-ssp-3495-f6_product_1\"}],\"type\":\"index_not_found_exception\",\"reason\":\"no such index [jm-after-build-bug-fix-ssp-3495-f6_product_1]\",\"resource.type\":\"index_or_alias\",\"resource.id\":\"jm-after-build-bug-fix-ssp-3495-f6_product_1\",\"index_uuid\":\"_na_\",\"index\":\"jm-after-build-bug-fix-ssp-3495-f6_product_1\"},\"status\":404}[404] (caught throwable) at /var/www/html/vendor/elasticsearch/elasticsearch/src/Elasticsearch/Connections/Connection.php line 685.","context":{"exception":{"class":"Elasticsearch\\Common\\Exceptions\\Missing404Exception","message":"{\"error\":{\"root_cause\":[{\"type\":\"index_not_found_exception\",\"reason\":\"no such index [jm-after-build-bug-fix-ssp-3495-f6_product_1]\",\"resource.type\":\"index_or_alias\",\"resource.id\":\"jm-after-build-bug-fix-ssp-3495-f6_product_1\",\"index_uuid\":\"_na_\",\"index\":\"jm-after-build-bug-fix-ssp-3495-f6_product_1\"}],\"type\":\"index_not_found_exception\",\"reason\":\"no such index [jm-after-build-bug-fix-ssp-3495-f6_product_1]\",\"resource.type\":\"index_or_alias\",\"resource.id\":\"jm-after-build-bug-fix-ssp-3495-f6_product_1\",\"index_uuid\":\"_na_\",\"index\":\"jm-after-build-bug-fix-ssp-3495-f6_product_1\"},\"status\":404}","code":404,"file":"/var/www/html/vendor/elasticsearch/elasticsearch/src/Elasticsearch/Connections/Connection.php:685"}},"level":500,"level_name":"CRITICAL","channel":"app","datetime":"2025-07-18T16:54:33.847255+00:00","extra":{}}
php-fpm-1  | resolveFriendlyUrl: 404 Not Found because friendly URL not found with slug (@vite/env) and domainId (2)
php-fpm-1  | {"message":"[GraphQL] Elasticsearch\\Common\\Exceptions\\Missing404Exception: {\"error\":{\"root_cause\":[{\"type\":\"index_not_found_exception\",\"reason\":\"no such index [jm-after-build-bug-fix-ssp-3495-f6_article_1]\",\"resource.type\":\"index_or_alias\",\"resource.id\":\"jm-after-build-bug-fix-ssp-3495-f6_article_1\",\"index_uuid\":\"_na_\",\"index\":\"jm-after-build-bug-fix-ssp-3495-f6_article_1\"}],\"type\":\"index_not_found_exception\",\"reason\":\"no such index [jm-after-build-bug-fix-ssp-3495-f6_article_1]\",\"resource.type\":\"index_or_alias\",\"resource.id\":\"jm-after-build-bug-fix-ssp-3495-f6_article_1\",\"index_uuid\":\"_na_\",\"index\":\"jm-after-build-bug-fix-ssp-3495-f6_article_1\"},\"status\":404}[404] (caught throwable) at /var/www/html/vendor/elasticsearch/elasticsearch/src/Elasticsearch/Connections/Connection.php line 685.","context":{"exception":{"class":"Elasticsearch\\Common\\Exceptions\\Missing404Exception","message":"{\"error\":{\"root_cause\":[{\"type\":\"index_not_found_exception\",\"reason\":\"no such index [jm-after-build-bug-fix-ssp-3495-f6_article_1]\",\"resource.type\":\"index_or_alias\",\"resource.id\":\"jm-after-build-bug-fix-ssp-3495-f6_article_1\",\"index_uuid\":\"_na_\",\"index\":\"jm-after-build-bug-fix-ssp-3495-f6_article_1\"}],\"type\":\"index_not_found_exception\",\"reason\":\"no such index [jm-after-build-bug-fix-ssp-3495-f6_article_1]\",\"resource.type\":\"index_or_alias\",\"resource.id\":\"jm-after-build-bug-fix-ssp-3495-f6_article_1\",\"index_uuid\":\"_na_\",\"index\":\"jm-after-build-bug-fix-ssp-3495-f6_article_1\"},\"status\":404}","code":404,"file":"/var/www/html/vendor/elasticsearch/elasticsearch/src/Elasticsearch/Connections/Connection.php:685"}},"level":500,"level_name":"CRITICAL","channel":"app","datetime":"2025-07-18T16:54:33.929458+00:00","extra":{}}
php-fpm-1  | {"message":"[GraphQL] Elasticsearch\\Common\\Exceptions\\Missing404Exception: {\"error\":{\"root_cause\":[{\"type\":\"index_not_found_exception\",\"reason\":\"no such index [jm-after-build-bug-fix-ssp-3495-f6_article_2]\",\"resource.type\":\"index_or_alias\",\"resource.id\":\"jm-after-build-bug-fix-ssp-3495-f6_article_2\",\"index_uuid\":\"_na_\",\"index\":\"jm-after-build-bug-fix-ssp-3495-f6_article_2\"}],\"type\":\"index_not_found_exception\",\"reason\":\"no such index [jm-after-build-bug-fix-ssp-3495-f6_article_2]\",\"resource.type\":\"index_or_alias\",\"resource.id\":\"jm-after-build-bug-fix-ssp-3495-f6_article_2\",\"index_uuid\":\"_na_\",\"index\":\"jm-after-build-bug-fix-ssp-3495-f6_article_2\"},\"status\":404}[404] (caught throwable) at /var/www/html/vendor/elasticsearch/elasticsearch/src/Elasticsearch/Connections/Connection.php line 685.","context":{"exception":{"class":"Elasticsearch\\Common\\Exceptions\\Missing404Exception","message":"{\"error\":{\"root_cause\":[{\"type\":\"index_not_found_exception\",\"reason\":\"no such index [jm-after-build-bug-fix-ssp-3495-f6_article_2]\",\"resource.type\":\"index_or_alias\",\"resource.id\":\"jm-after-build-bug-fix-ssp-3495-f6_article_2\",\"index_uuid\":\"_na_\",\"index\":\"jm-after-build-bug-fix-ssp-3495-f6_article_2\"}],\"type\":\"index_not_found_exception\",\"reason\":\"no such index [jm-after-build-bug-fix-ssp-3495-f6_article_2]\",\"resource.type\":\"index_or_alias\",\"resource.id\":\"jm-after-build-bug-fix-ssp-3495-f6_article_2\",\"index_uuid\":\"_na_\",\"index\":\"jm-after-build-bug-fix-ssp-3495-f6_article_2\"},\"status\":404}","code":404,"file":"/var/www/html/vendor/elasticsearch/elasticsearch/src/Elasticsearch/Connections/Connection.php:685"}},"level":500,"level_name":"CRITICAL","channel":"app","datetime":"2025-07-18T16:54:34.046741+00:00","extra":{}}
php-fpm-1  | resolveFriendlyUrl: 404 Not Found because friendly URL not found with slug (actuator/env) and domainId (1)
php-fpm-1  | {"message":"[GraphQL] Elasticsearch\\Common\\Exceptions\\Missing404Exception: {\"error\":{\"root_cause\":[{\"type\":\"index_not_found_exception\",\"reason\":\"no such index [jm-after-build-bug-fix-ssp-3495-f6_article_1]\",\"resource.type\":\"index_or_alias\",\"resource.id\":\"jm-after-build-bug-fix-ssp-3495-f6_article_1\",\"index_uuid\":\"_na_\",\"index\":\"jm-after-build-bug-fix-ssp-3495-f6_article_1\"}],\"type\":\"index_not_found_exception\",\"reason\":\"no such index [jm-after-build-bug-fix-ssp-3495-f6_article_1]\",\"resource.type\":\"index_or_alias\",\"resource.id\":\"jm-after-build-bug-fix-ssp-3495-f6_article_1\",\"index_uuid\":\"_na_\",\"index\":\"jm-after-build-bug-fix-ssp-3495-f6_article_1\"},\"status\":404}[404] (caught throwable) at /var/www/html/vendor/elasticsearch/elasticsearch/src/Elasticsearch/Connections/Connection.php line 685.","context":{"exception":{"class":"Elasticsearch\\Common\\Exceptions\\Missing404Exception","message":"{\"error\":{\"root_cause\":[{\"type\":\"index_not_found_exception\",\"reason\":\"no such index [jm-after-build-bug-fix-ssp-3495-f6_article_1]\",\"resource.type\":\"index_or_alias\",\"resource.id\":\"jm-after-build-bug-fix-ssp-3495-f6_article_1\",\"index_uuid\":\"_na_\",\"index\":\"jm-after-build-bug-fix-ssp-3495-f6_article_1\"}],\"type\":\"index_not_found_exception\",\"reason\":\"no such index [jm-after-build-bug-fix-ssp-3495-f6_article_1]\",\"resource.type\":\"index_or_alias\",\"resource.id\":\"jm-after-build-bug-fix-ssp-3495-f6_article_1\",\"index_uuid\":\"_na_\",\"index\":\"jm-after-build-bug-fix-ssp-3495-f6_article_1\"},\"status\":404}","code":404,"file":"/var/www/html/vendor/elasticsearch/elasticsearch/src/Elasticsearch/Connections/Connection.php:685"}},"level":500,"level_name":"CRITICAL","channel":"app","datetime":"2025-07-18T16:54:34.238850+00:00","extra":{}}
php-fpm-1  | resolveFriendlyUrl: 404 Not Found because friendly URL not found with slug (actuator/env) and domainId (2)
php-fpm-1  | {"message":"[GraphQL] Elasticsearch\\Common\\Exceptions\\Missing404Exception: {\"error\":{\"root_cause\":[{\"type\":\"index_not_found_exception\",\"reason\":\"no such index [jm-after-build-bug-fix-ssp-3495-f6_article_2]\",\"resource.type\":\"index_or_alias\",\"resource.id\":\"jm-after-build-bug-fix-ssp-3495-f6_article_2\",\"index_uuid\":\"_na_\",\"index\":\"jm-after-build-bug-fix-ssp-3495-f6_article_2\"}],\"type\":\"index_not_found_exception\",\"reason\":\"no such index [jm-after-build-bug-fix-ssp-3495-f6_article_2]\",\"resource.type\":\"index_or_alias\",\"resource.id\":\"jm-after-build-bug-fix-ssp-3495-f6_article_2\",\"index_uuid\":\"_na_\",\"index\":\"jm-after-build-bug-fix-ssp-3495-f6_article_2\"},\"status\":404}[404] (caught throwable) at /var/www/html/vendor/elasticsearch/elasticsearch/src/Elasticsearch/Connections/Connection.php line 685.","context":{"exception":{"class":"Elasticsearch\\Common\\Exceptions\\Missing404Exception","message":"{\"error\":{\"root_cause\":[{\"type\":\"index_not_found_exception\",\"reason\":\"no such index [jm-after-build-bug-fix-ssp-3495-f6_article_2]\",\"resource.type\":\"index_or_alias\",\"resource.id\":\"jm-after-build-bug-fix-ssp-3495-f6_article_2\",\"index_uuid\":\"_na_\",\"index\":\"jm-after-build-bug-fix-ssp-3495-f6_article_2\"}],\"type\":\"index_not_found_exception\",\"reason\":\"no such index [jm-after-build-bug-fix-ssp-3495-f6_article_2]\",\"resource.type\":\"index_or_alias\",\"resource.id\":\"jm-after-build-bug-fix-ssp-3495-f6_article_2\",\"index_uuid\":\"_na_\",\"index\":\"jm-after-build-bug-fix-ssp-3495-f6_article_2\"},\"status\":404}","code":404,"file":"/var/www/html/vendor/elasticsearch/elasticsearch/src/Elasticsearch/Connections/Connection.php:685"}},"level":500,"level_name":"CRITICAL","channel":"app","datetime":"2025-07-18T16:54:34.385702+00:00","extra":{}}
php-fpm-1  | resolveFriendlyUrl: 404 Not Found because friendly URL not found with slug (php-cgi/php-cgi.exe) and domainId (1)
php-fpm-1  | {"message":"[GraphQL] Elasticsearch\\Common\\Exceptions\\Missing404Exception: {\"error\":{\"root_cause\":[{\"type\":\"index_not_found_exception\",\"reason\":\"no such index [jm-after-build-bug-fix-ssp-3495-f6_article_1]\",\"resource.type\":\"index_or_alias\",\"resource.id\":\"jm-after-build-bug-fix-ssp-3495-f6_article_1\",\"index_uuid\":\"_na_\",\"index\":\"jm-after-build-bug-fix-ssp-3495-f6_article_1\"}],\"type\":\"index_not_found_exception\",\"reason\":\"no such index [jm-after-build-bug-fix-ssp-3495-f6_article_1]\",\"resource.type\":\"index_or_alias\",\"resource.id\":\"jm-after-build-bug-fix-ssp-3495-f6_article_1\",\"index_uuid\":\"_na_\",\"index\":\"jm-after-build-bug-fix-ssp-3495-f6_article_1\"},\"status\":404}[404] (caught throwable) at /var/www/html/vendor/elasticsearch/elasticsearch/src/Elasticsearch/Connections/Connection.php line 685.","context":{"exception":{"class":"Elasticsearch\\Common\\Exceptions\\Missing404Exception","message":"{\"error\":{\"root_cause\":[{\"type\":\"index_not_found_exception\",\"reason\":\"no such index [jm-after-build-bug-fix-ssp-3495-f6_article_1]\",\"resource.type\":\"index_or_alias\",\"resource.id\":\"jm-after-build-bug-fix-ssp-3495-f6_article_1\",\"index_uuid\":\"_na_\",\"index\":\"jm-after-build-bug-fix-ssp-3495-f6_article_1\"}],\"type\":\"index_not_found_exception\",\"reason\":\"no such index [jm-after-build-bug-fix-ssp-3495-f6_article_1]\",\"resource.type\":\"index_or_alias\",\"resource.id\":\"jm-after-build-bug-fix-ssp-3495-f6_article_1\",\"index_uuid\":\"_na_\",\"index\":\"jm-after-build-bug-fix-ssp-3495-f6_article_1\"},\"status\":404}","code":404,"file":"/var/www/html/vendor/elasticsearch/elasticsearch/src/Elasticsearch/Connections/Connection.php:685"}},"level":500,"level_name":"CRITICAL","channel":"app","datetime":"2025-07-18T16:54:34.561150+00:00","extra":{}}
php-fpm-1  | resolveFriendlyUrl: 404 Not Found because friendly URL not found with slug (php-cgi/php-cgi.exe) and domainId (2)
php-fpm-1  | resolveFriendlyUrl: 404 Not Found because friendly URL not found with slug (server) and domainId (1)
php-fpm-1  | {"message":"[GraphQL] Elasticsearch\\Common\\Exceptions\\Missing404Exception: {\"error\":{\"root_cause\":[{\"type\":\"index_not_found_exception\",\"reason\":\"no such index [jm-after-build-bug-fix-ssp-3495-f6_article_2]\",\"resource.type\":\"index_or_alias\",\"resource.id\":\"jm-after-build-bug-fix-ssp-3495-f6_article_2\",\"index_uuid\":\"_na_\",\"index\":\"jm-after-build-bug-fix-ssp-3495-f6_article_2\"}],\"type\":\"index_not_found_exception\",\"reason\":\"no such index [jm-after-build-bug-fix-ssp-3495-f6_article_2]\",\"resource.type\":\"index_or_alias\",\"resource.id\":\"jm-after-build-bug-fix-ssp-3495-f6_article_2\",\"index_uuid\":\"_na_\",\"index\":\"jm-after-build-bug-fix-ssp-3495-f6_article_2\"},\"status\":404}[404] (caught throwable) at /var/www/html/vendor/elasticsearch/elasticsearch/src/Elasticsearch/Connections/Connection.php line 685.","context":{"exception":{"class":"Elasticsearch\\Common\\Exceptions\\Missing404Exception","message":"{\"error\":{\"root_cause\":[{\"type\":\"index_not_found_exception\",\"reason\":\"no such index [jm-after-build-bug-fix-ssp-3495-f6_article_2]\",\"resource.type\":\"index_or_alias\",\"resource.id\":\"jm-after-build-bug-fix-ssp-3495-f6_article_2\",\"index_uuid\":\"_na_\",\"index\":\"jm-after-build-bug-fix-ssp-3495-f6_article_2\"}],\"type\":\"index_not_found_exception\",\"reason\":\"no such index [jm-after-build-bug-fix-ssp-3495-f6_article_2]\",\"resource.type\":\"index_or_alias\",\"resource.id\":\"jm-after-build-bug-fix-ssp-3495-f6_article_2\",\"index_uuid\":\"_na_\",\"index\":\"jm-after-build-bug-fix-ssp-3495-f6_article_2\"},\"status\":404}","code":404,"file":"/var/www/html/vendor/elasticsearch/elasticsearch/src/Elasticsearch/Connections/Connection.php:685"}},"level":500,"level_name":"CRITICAL","channel":"app","datetime":"2025-07-18T16:54:34.839765+00:00","extra":{}}
php-fpm-1  | resolveFriendlyUrl: 404 Not Found because friendly URL not found with slug (server) and domainId (2)
php-fpm-1  | {"message":"[GraphQL] Elasticsearch\\Common\\Exceptions\\Missing404Exception: {\"error\":{\"root_cause\":[{\"type\":\"index_not_found_exception\",\"reason\":\"no such index [jm-after-build-bug-fix-ssp-3495-f6_article_1]\",\"resource.type\":\"index_or_alias\",\"resource.id\":\"jm-after-build-bug-fix-ssp-3495-f6_article_1\",\"index_uuid\":\"_na_\",\"index\":\"jm-after-build-bug-fix-ssp-3495-f6_article_1\"}],\"type\":\"index_not_found_exception\",\"reason\":\"no such index [jm-after-build-bug-fix-ssp-3495-f6_article_1]\",\"resource.type\":\"index_or_alias\",\"resource.id\":\"jm-after-build-bug-fix-ssp-3495-f6_article_1\",\"index_uuid\":\"_na_\",\"index\":\"jm-after-build-bug-fix-ssp-3495-f6_article_1\"},\"status\":404}[404] (caught throwable) at /var/www/html/vendor/elasticsearch/elasticsearch/src/Elasticsearch/Connections/Connection.php line 685.","context":{"exception":{"class":"Elasticsearch\\Common\\Exceptions\\Missing404Exception","message":"{\"error\":{\"root_cause\":[{\"type\":\"index_not_found_exception\",\"reason\":\"no such index [jm-after-build-bug-fix-ssp-3495-f6_article_1]\",\"resource.type\":\"index_or_alias\",\"resource.id\":\"jm-after-build-bug-fix-ssp-3495-f6_article_1\",\"index_uuid\":\"_na_\",\"index\":\"jm-after-build-bug-fix-ssp-3495-f6_article_1\"}],\"type\":\"index_not_found_exception\",\"reason\":\"no such index [jm-after-build-bug-fix-ssp-3495-f6_article_1]\",\"resource.type\":\"index_or_alias\",\"resource.id\":\"jm-after-build-bug-fix-ssp-3495-f6_article_1\",\"index_uuid\":\"_na_\",\"index\":\"jm-after-build-bug-fix-ssp-3495-f6_article_1\"},\"status\":404}","code":404,"file":"/var/www/html/vendor/elasticsearch/elasticsearch/src/Elasticsearch/Connections/Connection.php:685"}},"level":500,"level_name":"CRITICAL","channel":"app","datetime":"2025-07-18T16:54:34.940678+00:00","extra":{}}
php-fpm-1  | resolveFriendlyUrl: 404 Not Found because friendly URL not found with slug (.vscode/sftp.json) and domainId (1)
php-fpm-1  | {"message":"[GraphQL] Elasticsearch\\Common\\Exceptions\\Missing404Exception: {\"error\":{\"root_cause\":[{\"type\":\"index_not_found_exception\",\"reason\":\"no such index [jm-after-build-bug-fix-ssp-3495-f6_article_2]\",\"resource.type\":\"index_or_alias\",\"resource.id\":\"jm-after-build-bug-fix-ssp-3495-f6_article_2\",\"index_uuid\":\"_na_\",\"index\":\"jm-after-build-bug-fix-ssp-3495-f6_article_2\"}],\"type\":\"index_not_found_exception\",\"reason\":\"no such index [jm-after-build-bug-fix-ssp-3495-f6_article_2]\",\"resource.type\":\"index_or_alias\",\"resource.id\":\"jm-after-build-bug-fix-ssp-3495-f6_article_2\",\"index_uuid\":\"_na_\",\"index\":\"jm-after-build-bug-fix-ssp-3495-f6_article_2\"},\"status\":404}[404] (caught throwable) at /var/www/html/vendor/elasticsearch/elasticsearch/src/Elasticsearch/Connections/Connection.php line 685.","context":{"exception":{"class":"Elasticsearch\\Common\\Exceptions\\Missing404Exception","message":"{\"error\":{\"root_cause\":[{\"type\":\"index_not_found_exception\",\"reason\":\"no such index [jm-after-build-bug-fix-ssp-3495-f6_article_2]\",\"resource.type\":\"index_or_alias\",\"resource.id\":\"jm-after-build-bug-fix-ssp-3495-f6_article_2\",\"index_uuid\":\"_na_\",\"index\":\"jm-after-build-bug-fix-ssp-3495-f6_article_2\"}],\"type\":\"index_not_found_exception\",\"reason\":\"no such index [jm-after-build-bug-fix-ssp-3495-f6_article_2]\",\"resource.type\":\"index_or_alias\",\"resource.id\":\"jm-after-build-bug-fix-ssp-3495-f6_article_2\",\"index_uuid\":\"_na_\",\"index\":\"jm-after-build-bug-fix-ssp-3495-f6_article_2\"},\"status\":404}","code":404,"file":"/var/www/html/vendor/elasticsearch/elasticsearch/src/Elasticsearch/Connections/Connection.php:685"}},"level":500,"level_name":"CRITICAL","channel":"app","datetime":"2025-07-18T16:54:35.172467+00:00","extra":{}}
php-fpm-1  | resolveFriendlyUrl: 404 Not Found because friendly URL not found with slug (.vscode/sftp.json) and domainId (2)
php-fpm-1  | {"message":"[GraphQL] Elasticsearch\\Common\\Exceptions\\Missing404Exception: {\"error\":{\"root_cause\":[{\"type\":\"index_not_found_exception\",\"reason\":\"no such index [jm-after-build-bug-fix-ssp-3495-f6_article_1]\",\"resource.type\":\"index_or_alias\",\"resource.id\":\"jm-after-build-bug-fix-ssp-3495-f6_article_1\",\"index_uuid\":\"_na_\",\"index\":\"jm-after-build-bug-fix-ssp-3495-f6_article_1\"}],\"type\":\"index_not_found_exception\",\"reason\":\"no such index [jm-after-build-bug-fix-ssp-3495-f6_article_1]\",\"resource.type\":\"index_or_alias\",\"resource.id\":\"jm-after-build-bug-fix-ssp-3495-f6_article_1\",\"index_uuid\":\"_na_\",\"index\":\"jm-after-build-bug-fix-ssp-3495-f6_article_1\"},\"status\":404}[404] (caught throwable) at /var/www/html/vendor/elasticsearch/elasticsearch/src/Elasticsearch/Connections/Connection.php line 685.","context":{"exception":{"class":"Elasticsearch\\Common\\Exceptions\\Missing404Exception","message":"{\"error\":{\"root_cause\":[{\"type\":\"index_not_found_exception\",\"reason\":\"no such index [jm-after-build-bug-fix-ssp-3495-f6_article_1]\",\"resource.type\":\"index_or_alias\",\"resource.id\":\"jm-after-build-bug-fix-ssp-3495-f6_article_1\",\"index_uuid\":\"_na_\",\"index\":\"jm-after-build-bug-fix-ssp-3495-f6_article_1\"}],\"type\":\"index_not_found_exception\",\"reason\":\"no such index [jm-after-build-bug-fix-ssp-3495-f6_article_1]\",\"resource.type\":\"index_or_alias\",\"resource.id\":\"jm-after-build-bug-fix-ssp-3495-f6_article_1\",\"index_uuid\":\"_na_\",\"index\":\"jm-after-build-bug-fix-ssp-3495-f6_article_1\"},\"status\":404}","code":404,"file":"/var/www/html/vendor/elasticsearch/elasticsearch/src/Elasticsearch/Connections/Connection.php:685"}},"level":500,"level_name":"CRITICAL","channel":"app","datetime":"2025-07-18T16:54:35.389928+00:00","extra":{}}
php-fpm-1  | {"message":"[GraphQL] Elasticsearch\\Common\\Exceptions\\Missing404Exception: {\"error\":{\"root_cause\":[{\"type\":\"index_not_found_exception\",\"reason\":\"no such index [jm-after-build-bug-fix-ssp-3495-f6_article_2]\",\"resource.type\":\"index_or_alias\",\"resource.id\":\"jm-after-build-bug-fix-ssp-3495-f6_article_2\",\"index_uuid\":\"_na_\",\"index\":\"jm-after-build-bug-fix-ssp-3495-f6_article_2\"}],\"type\":\"index_not_found_exception\",\"reason\":\"no such index [jm-after-build-bug-fix-ssp-3495-f6_article_2]\",\"resource.type\":\"index_or_alias\",\"resource.id\":\"jm-after-build-bug-fix-ssp-3495-f6_article_2\",\"index_uuid\":\"_na_\",\"index\":\"jm-after-build-bug-fix-ssp-3495-f6_article_2\"},\"status\":404}[404] (caught throwable) at /var/www/html/vendor/elasticsearch/elasticsearch/src/Elasticsearch/Connections/Connection.php line 685.","context":{"exception":{"class":"Elasticsearch\\Common\\Exceptions\\Missing404Exception","message":"{\"error\":{\"root_cause\":[{\"type\":\"index_not_found_exception\",\"reason\":\"no such index [jm-after-build-bug-fix-ssp-3495-f6_article_2]\",\"resource.type\":\"index_or_alias\",\"resource.id\":\"jm-after-build-bug-fix-ssp-3495-f6_article_2\",\"index_uuid\":\"_na_\",\"index\":\"jm-after-build-bug-fix-ssp-3495-f6_article_2\"}],\"type\":\"index_not_found_exception\",\"reason\":\"no such index [jm-after-build-bug-fix-ssp-3495-f6_article_2]\",\"resource.type\":\"index_or_alias\",\"resource.id\":\"jm-after-build-bug-fix-ssp-3495-f6_article_2\",\"index_uuid\":\"_na_\",\"index\":\"jm-after-build-bug-fix-ssp-3495-f6_article_2\"},\"status\":404}","code":404,"file":"/var/www/html/vendor/elasticsearch/elasticsearch/src/Elasticsearch/Connections/Connection.php:685"}},"level":500,"level_name":"CRITICAL","channel":"app","datetime":"2025-07-18T16:54:35.497035+00:00","extra":{}}
php-fpm-1  | resolveFriendlyUrl: 404 Not Found because friendly URL not found with slug (about) and domainId (1)
php-fpm-1  | resolveFriendlyUrl: 404 Not Found because friendly URL not found with slug (about) and domainId (2)
php-fpm-1  | {"message":"[GraphQL] Elasticsearch\\Common\\Exceptions\\Missing404Exception: {\"error\":{\"root_cause\":[{\"type\":\"index_not_found_exception\",\"reason\":\"no such index [jm-after-build-bug-fix-ssp-3495-f6_article_1]\",\"resource.type\":\"index_or_alias\",\"resource.id\":\"jm-after-build-bug-fix-ssp-3495-f6_article_1\",\"index_uuid\":\"_na_\",\"index\":\"jm-after-build-bug-fix-ssp-3495-f6_article_1\"}],\"type\":\"index_not_found_exception\",\"reason\":\"no such index [jm-after-build-bug-fix-ssp-3495-f6_article_1]\",\"resource.type\":\"index_or_alias\",\"resource.id\":\"jm-after-build-bug-fix-ssp-3495-f6_article_1\",\"index_uuid\":\"_na_\",\"index\":\"jm-after-build-bug-fix-ssp-3495-f6_article_1\"},\"status\":404}[404] (caught throwable) at /var/www/html/vendor/elasticsearch/elasticsearch/src/Elasticsearch/Connections/Connection.php line 685.","context":{"exception":{"class":"Elasticsearch\\Common\\Exceptions\\Missing404Exception","message":"{\"error\":{\"root_cause\":[{\"type\":\"index_not_found_exception\",\"reason\":\"no such index [jm-after-build-bug-fix-ssp-3495-f6_article_1]\",\"resource.type\":\"index_or_alias\",\"resource.id\":\"jm-after-build-bug-fix-ssp-3495-f6_article_1\",\"index_uuid\":\"_na_\",\"index\":\"jm-after-build-bug-fix-ssp-3495-f6_article_1\"}],\"type\":\"index_not_found_exception\",\"reason\":\"no such index [jm-after-build-bug-fix-ssp-3495-f6_article_1]\",\"resource.type\":\"index_or_alias\",\"resource.id\":\"jm-after-build-bug-fix-ssp-3495-f6_article_1\",\"index_uuid\":\"_na_\",\"index\":\"jm-after-build-bug-fix-ssp-3495-f6_article_1\"},\"status\":404}","code":404,"file":"/var/www/html/vendor/elasticsearch/elasticsearch/src/Elasticsearch/Connections/Connection.php:685"}},"level":500,"level_name":"CRITICAL","channel":"app","datetime":"2025-07-18T16:54:35.764634+00:00","extra":{}}
php-fpm-1  | {"message":"[GraphQL] Elasticsearch\\Common\\Exceptions\\Missing404Exception: {\"error\":{\"root_cause\":[{\"type\":\"index_not_found_exception\",\"reason\":\"no such index [jm-after-build-bug-fix-ssp-3495-f6_article_2]\",\"resource.type\":\"index_or_alias\",\"resource.id\":\"jm-after-build-bug-fix-ssp-3495-f6_article_2\",\"index_uuid\":\"_na_\",\"index\":\"jm-after-build-bug-fix-ssp-3495-f6_article_2\"}],\"type\":\"index_not_found_exception\",\"reason\":\"no such index [jm-after-build-bug-fix-ssp-3495-f6_article_2]\",\"resource.type\":\"index_or_alias\",\"resource.id\":\"jm-after-build-bug-fix-ssp-3495-f6_article_2\",\"index_uuid\":\"_na_\",\"index\":\"jm-after-build-bug-fix-ssp-3495-f6_article_2\"},\"status\":404}[404] (caught throwable) at /var/www/html/vendor/elasticsearch/elasticsearch/src/Elasticsearch/Connections/Connection.php line 685.","context":{"exception":{"class":"Elasticsearch\\Common\\Exceptions\\Missing404Exception","message":"{\"error\":{\"root_cause\":[{\"type\":\"index_not_found_exception\",\"reason\":\"no such index [jm-after-build-bug-fix-ssp-3495-f6_article_2]\",\"resource.type\":\"index_or_alias\",\"resource.id\":\"jm-after-build-bug-fix-ssp-3495-f6_article_2\",\"index_uuid\":\"_na_\",\"index\":\"jm-after-build-bug-fix-ssp-3495-f6_article_2\"}],\"type\":\"index_not_found_exception\",\"reason\":\"no such index [jm-after-build-bug-fix-ssp-3495-f6_article_2]\",\"resource.type\":\"index_or_alias\",\"resource.id\":\"jm-after-build-bug-fix-ssp-3495-f6_article_2\",\"index_uuid\":\"_na_\",\"index\":\"jm-after-build-bug-fix-ssp-3495-f6_article_2\"},\"status\":404}","code":404,"file":"/var/www/html/vendor/elasticsearch/elasticsearch/src/Elasticsearch/Connections/Connection.php:685"}},"level":500,"level_name":"CRITICAL","channel":"app","datetime":"2025-07-18T16:54:35.831502+00:00","extra":{}}
php-fpm-1  | resolveFriendlyUrl: 404 Not Found because friendly URL not found with slug (debug/default/view) and domainId (1)
php-fpm-1  | resolveFriendlyUrl: 404 Not Found because friendly URL not found with slug (debug/default/view) and domainId (2)
php-fpm-1  | {"message":"[GraphQL] Elasticsearch\\Common\\Exceptions\\Missing404Exception: {\"error\":{\"root_cause\":[{\"type\":\"index_not_found_exception\",\"reason\":\"no such index [jm-after-build-bug-fix-ssp-3495-f6_article_1]\",\"resource.type\":\"index_or_alias\",\"resource.id\":\"jm-after-build-bug-fix-ssp-3495-f6_article_1\",\"index_uuid\":\"_na_\",\"index\":\"jm-after-build-bug-fix-ssp-3495-f6_article_1\"}],\"type\":\"index_not_found_exception\",\"reason\":\"no such index [jm-after-build-bug-fix-ssp-3495-f6_article_1]\",\"resource.type\":\"index_or_alias\",\"resource.id\":\"jm-after-build-bug-fix-ssp-3495-f6_article_1\",\"index_uuid\":\"_na_\",\"index\":\"jm-after-build-bug-fix-ssp-3495-f6_article_1\"},\"status\":404}[404] (caught throwable) at /var/www/html/vendor/elasticsearch/elasticsearch/src/Elasticsearch/Connections/Connection.php line 685.","context":{"exception":{"class":"Elasticsearch\\Common\\Exceptions\\Missing404Exception","message":"{\"error\":{\"root_cause\":[{\"type\":\"index_not_found_exception\",\"reason\":\"no such index [jm-after-build-bug-fix-ssp-3495-f6_article_1]\",\"resource.type\":\"index_or_alias\",\"resource.id\":\"jm-after-build-bug-fix-ssp-3495-f6_article_1\",\"index_uuid\":\"_na_\",\"index\":\"jm-after-build-bug-fix-ssp-3495-f6_article_1\"}],\"type\":\"index_not_found_exception\",\"reason\":\"no such index [jm-after-build-bug-fix-ssp-3495-f6_article_1]\",\"resource.type\":\"index_or_alias\",\"resource.id\":\"jm-after-build-bug-fix-ssp-3495-f6_article_1\",\"index_uuid\":\"_na_\",\"index\":\"jm-after-build-bug-fix-ssp-3495-f6_article_1\"},\"status\":404}","code":404,"file":"/var/www/html/vendor/elasticsearch/elasticsearch/src/Elasticsearch/Connections/Connection.php:685"}},"level":500,"level_name":"CRITICAL","channel":"app","datetime":"2025-07-18T16:54:36.011555+00:00","extra":{}}
php-fpm-1  | {"message":"[GraphQL] Elasticsearch\\Common\\Exceptions\\Missing404Exception: {\"error\":{\"root_cause\":[{\"type\":\"index_not_found_exception\",\"reason\":\"no such index [jm-after-build-bug-fix-ssp-3495-f6_article_2]\",\"resource.type\":\"index_or_alias\",\"resource.id\":\"jm-after-build-bug-fix-ssp-3495-f6_article_2\",\"index_uuid\":\"_na_\",\"index\":\"jm-after-build-bug-fix-ssp-3495-f6_article_2\"}],\"type\":\"index_not_found_exception\",\"reason\":\"no such index [jm-after-build-bug-fix-ssp-3495-f6_article_2]\",\"resource.type\":\"index_or_alias\",\"resource.id\":\"jm-after-build-bug-fix-ssp-3495-f6_article_2\",\"index_uuid\":\"_na_\",\"index\":\"jm-after-build-bug-fix-ssp-3495-f6_article_2\"},\"status\":404}[404] (caught throwable) at /var/www/html/vendor/elasticsearch/elasticsearch/src/Elasticsearch/Connections/Connection.php line 685.","context":{"exception":{"class":"Elasticsearch\\Common\\Exceptions\\Missing404Exception","message":"{\"error\":{\"root_cause\":[{\"type\":\"index_not_found_exception\",\"reason\":\"no such index [jm-after-build-bug-fix-ssp-3495-f6_article_2]\",\"resource.type\":\"index_or_alias\",\"resource.id\":\"jm-after-build-bug-fix-ssp-3495-f6_article_2\",\"index_uuid\":\"_na_\",\"index\":\"jm-after-build-bug-fix-ssp-3495-f6_article_2\"}],\"type\":\"index_not_found_exception\",\"reason\":\"no such index [jm-after-build-bug-fix-ssp-3495-f6_article_2]\",\"resource.type\":\"index_or_alias\",\"resource.id\":\"jm-after-build-bug-fix-ssp-3495-f6_article_2\",\"index_uuid\":\"_na_\",\"index\":\"jm-after-build-bug-fix-ssp-3495-f6_article_2\"},\"status\":404}","code":404,"file":"/var/www/html/vendor/elasticsearch/elasticsearch/src/Elasticsearch/Connections/Connection.php:685"}},"level":500,"level_name":"CRITICAL","channel":"app","datetime":"2025-07-18T16:54:36.136451+00:00","extra":{}}
php-fpm-1  | resolveFriendlyUrl: 404 Not Found because friendly URL not found with slug (v2/_catalog) and domainId (1)
php-fpm-1  | {"message":"[GraphQL] Elasticsearch\\Common\\Exceptions\\Missing404Exception: {\"error\":{\"root_cause\":[{\"type\":\"index_not_found_exception\",\"reason\":\"no such index [jm-after-build-bug-fix-ssp-3495-f6_article_1]\",\"resource.type\":\"index_or_alias\",\"resource.id\":\"jm-after-build-bug-fix-ssp-3495-f6_article_1\",\"index_uuid\":\"_na_\",\"index\":\"jm-after-build-bug-fix-ssp-3495-f6_article_1\"}],\"type\":\"index_not_found_exception\",\"reason\":\"no such index [jm-after-build-bug-fix-ssp-3495-f6_article_1]\",\"resource.type\":\"index_or_alias\",\"resource.id\":\"jm-after-build-bug-fix-ssp-3495-f6_article_1\",\"index_uuid\":\"_na_\",\"index\":\"jm-after-build-bug-fix-ssp-3495-f6_article_1\"},\"status\":404}[404] (caught throwable) at /var/www/html/vendor/elasticsearch/elasticsearch/src/Elasticsearch/Connections/Connection.php line 685.","context":{"exception":{"class":"Elasticsearch\\Common\\Exceptions\\Missing404Exception","message":"{\"error\":{\"root_cause\":[{\"type\":\"index_not_found_exception\",\"reason\":\"no such index [jm-after-build-bug-fix-ssp-3495-f6_article_1]\",\"resource.type\":\"index_or_alias\",\"resource.id\":\"jm-after-build-bug-fix-ssp-3495-f6_article_1\",\"index_uuid\":\"_na_\",\"index\":\"jm-after-build-bug-fix-ssp-3495-f6_article_1\"}],\"type\":\"index_not_found_exception\",\"reason\":\"no such index [jm-after-build-bug-fix-ssp-3495-f6_article_1]\",\"resource.type\":\"index_or_alias\",\"resource.id\":\"jm-after-build-bug-fix-ssp-3495-f6_article_1\",\"index_uuid\":\"_na_\",\"index\":\"jm-after-build-bug-fix-ssp-3495-f6_article_1\"},\"status\":404}","code":404,"file":"/var/www/html/vendor/elasticsearch/elasticsearch/src/Elasticsearch/Connections/Connection.php:685"}},"level":500,"level_name":"CRITICAL","channel":"app","datetime":"2025-07-18T16:54:36.265645+00:00","extra":{}}
php-fpm-1  | resolveFriendlyUrl: 404 Not Found because friendly URL not found with slug (ecp/Current/exporttool/microsoft.exchange.ediscovery.exporttool.application) and domainId (1)
php-fpm-1  | {"message":"[GraphQL] Elasticsearch\\Common\\Exceptions\\Missing404Exception: {\"error\":{\"root_cause\":[{\"type\":\"index_not_found_exception\",\"reason\":\"no such index [jm-after-build-bug-fix-ssp-3495-f6_article_1]\",\"resource.type\":\"index_or_alias\",\"resource.id\":\"jm-after-build-bug-fix-ssp-3495-f6_article_1\",\"index_uuid\":\"_na_\",\"index\":\"jm-after-build-bug-fix-ssp-3495-f6_article_1\"}],\"type\":\"index_not_found_exception\",\"reason\":\"no such index [jm-after-build-bug-fix-ssp-3495-f6_article_1]\",\"resource.type\":\"index_or_alias\",\"resource.id\":\"jm-after-build-bug-fix-ssp-3495-f6_article_1\",\"index_uuid\":\"_na_\",\"index\":\"jm-after-build-bug-fix-ssp-3495-f6_article_1\"},\"status\":404}[404] (caught throwable) at /var/www/html/vendor/elasticsearch/elasticsearch/src/Elasticsearch/Connections/Connection.php line 685.","context":{"exception":{"class":"Elasticsearch\\Common\\Exceptions\\Missing404Exception","message":"{\"error\":{\"root_cause\":[{\"type\":\"index_not_found_exception\",\"reason\":\"no such index [jm-after-build-bug-fix-ssp-3495-f6_article_1]\",\"resource.type\":\"index_or_alias\",\"resource.id\":\"jm-after-build-bug-fix-ssp-3495-f6_article_1\",\"index_uuid\":\"_na_\",\"index\":\"jm-after-build-bug-fix-ssp-3495-f6_article_1\"}],\"type\":\"index_not_found_exception\",\"reason\":\"no such index [jm-after-build-bug-fix-ssp-3495-f6_article_1]\",\"resource.type\":\"index_or_alias\",\"resource.id\":\"jm-after-build-bug-fix-ssp-3495-f6_article_1\",\"index_uuid\":\"_na_\",\"index\":\"jm-after-build-bug-fix-ssp-3495-f6_article_1\"},\"status\":404}","code":404,"file":"/var/www/html/vendor/elasticsearch/elasticsearch/src/Elasticsearch/Connections/Connection.php:685"}},"level":500,"level_name":"CRITICAL","channel":"app","datetime":"2025-07-18T16:54:36.503065+00:00","extra":{}}
php-fpm-1  | resolveFriendlyUrl: 404 Not Found because friendly URL not found with slug (v2/_catalog) and domainId (2)
php-fpm-1  | {"message":"[GraphQL] Elasticsearch\\Common\\Exceptions\\Missing404Exception: {\"error\":{\"root_cause\":[{\"type\":\"index_not_found_exception\",\"reason\":\"no such index [jm-after-build-bug-fix-ssp-3495-f6_article_2]\",\"resource.type\":\"index_or_alias\",\"resource.id\":\"jm-after-build-bug-fix-ssp-3495-f6_article_2\",\"index_uuid\":\"_na_\",\"index\":\"jm-after-build-bug-fix-ssp-3495-f6_article_2\"}],\"type\":\"index_not_found_exception\",\"reason\":\"no such index [jm-after-build-bug-fix-ssp-3495-f6_article_2]\",\"resource.type\":\"index_or_alias\",\"resource.id\":\"jm-after-build-bug-fix-ssp-3495-f6_article_2\",\"index_uuid\":\"_na_\",\"index\":\"jm-after-build-bug-fix-ssp-3495-f6_article_2\"},\"status\":404}[404] (caught throwable) at /var/www/html/vendor/elasticsearch/elasticsearch/src/Elasticsearch/Connections/Connection.php line 685.","context":{"exception":{"class":"Elasticsearch\\Common\\Exceptions\\Missing404Exception","message":"{\"error\":{\"root_cause\":[{\"type\":\"index_not_found_exception\",\"reason\":\"no such index [jm-after-build-bug-fix-ssp-3495-f6_article_2]\",\"resource.type\":\"index_or_alias\",\"resource.id\":\"jm-after-build-bug-fix-ssp-3495-f6_article_2\",\"index_uuid\":\"_na_\",\"index\":\"jm-after-build-bug-fix-ssp-3495-f6_article_2\"}],\"type\":\"index_not_found_exception\",\"reason\":\"no such index [jm-after-build-bug-fix-ssp-3495-f6_article_2]\",\"resource.type\":\"index_or_alias\",\"resource.id\":\"jm-after-build-bug-fix-ssp-3495-f6_article_2\",\"index_uuid\":\"_na_\",\"index\":\"jm-after-build-bug-fix-ssp-3495-f6_article_2\"},\"status\":404}","code":404,"file":"/var/www/html/vendor/elasticsearch/elasticsearch/src/Elasticsearch/Connections/Connection.php:685"}},"level":500,"level_name":"CRITICAL","channel":"app","datetime":"2025-07-18T16:54:36.676579+00:00","extra":{}}
php-fpm-1  | resolveFriendlyUrl: 404 Not Found because friendly URL not found with slug (server-status) and domainId (1)
php-fpm-1  | resolveFriendlyUrl: 404 Not Found because friendly URL not found with slug (ecp/Current/exporttool/microsoft.exchange.ediscovery.exporttool.application) and domainId (2)
php-fpm-1  | {"message":"[GraphQL] Elasticsearch\\Common\\Exceptions\\Missing404Exception: {\"error\":{\"root_cause\":[{\"type\":\"index_not_found_exception\",\"reason\":\"no such index [jm-after-build-bug-fix-ssp-3495-f6_article_1]\",\"resource.type\":\"index_or_alias\",\"resource.id\":\"jm-after-build-bug-fix-ssp-3495-f6_article_1\",\"index_uuid\":\"_na_\",\"index\":\"jm-after-build-bug-fix-ssp-3495-f6_article_1\"}],\"type\":\"index_not_found_exception\",\"reason\":\"no such index [jm-after-build-bug-fix-ssp-3495-f6_article_1]\",\"resource.type\":\"index_or_alias\",\"resource.id\":\"jm-after-build-bug-fix-ssp-3495-f6_article_1\",\"index_uuid\":\"_na_\",\"index\":\"jm-after-build-bug-fix-ssp-3495-f6_article_1\"},\"status\":404}[404] (caught throwable) at /var/www/html/vendor/elasticsearch/elasticsearch/src/Elasticsearch/Connections/Connection.php line 685.","context":{"exception":{"class":"Elasticsearch\\Common\\Exceptions\\Missing404Exception","message":"{\"error\":{\"root_cause\":[{\"type\":\"index_not_found_exception\",\"reason\":\"no such index [jm-after-build-bug-fix-ssp-3495-f6_article_1]\",\"resource.type\":\"index_or_alias\",\"resource.id\":\"jm-after-build-bug-fix-ssp-3495-f6_article_1\",\"index_uuid\":\"_na_\",\"index\":\"jm-after-build-bug-fix-ssp-3495-f6_article_1\"}],\"type\":\"index_not_found_exception\",\"reason\":\"no such index [jm-after-build-bug-fix-ssp-3495-f6_article_1]\",\"resource.type\":\"index_or_alias\",\"resource.id\":\"jm-after-build-bug-fix-ssp-3495-f6_article_1\",\"index_uuid\":\"_na_\",\"index\":\"jm-after-build-bug-fix-ssp-3495-f6_article_1\"},\"status\":404}","code":404,"file":"/var/www/html/vendor/elasticsearch/elasticsearch/src/Elasticsearch/Connections/Connection.php:685"}},"level":500,"level_name":"CRITICAL","channel":"app","datetime":"2025-07-18T16:54:37.014393+00:00","extra":{}}
php-fpm-1  | {"message":"[GraphQL] Elasticsearch\\Common\\Exceptions\\Missing404Exception: {\"error\":{\"root_cause\":[{\"type\":\"index_not_found_exception\",\"reason\":\"no such index [jm-after-build-bug-fix-ssp-3495-f6_article_2]\",\"resource.type\":\"index_or_alias\",\"resource.id\":\"jm-after-build-bug-fix-ssp-3495-f6_article_2\",\"index_uuid\":\"_na_\",\"index\":\"jm-after-build-bug-fix-ssp-3495-f6_article_2\"}],\"type\":\"index_not_found_exception\",\"reason\":\"no such index [jm-after-build-bug-fix-ssp-3495-f6_article_2]\",\"resource.type\":\"index_or_alias\",\"resource.id\":\"jm-after-build-bug-fix-ssp-3495-f6_article_2\",\"index_uuid\":\"_na_\",\"index\":\"jm-after-build-bug-fix-ssp-3495-f6_article_2\"},\"status\":404}[404] (caught throwable) at /var/www/html/vendor/elasticsearch/elasticsearch/src/Elasticsearch/Connections/Connection.php line 685.","context":{"exception":{"class":"Elasticsearch\\Common\\Exceptions\\Missing404Exception","message":"{\"error\":{\"root_cause\":[{\"type\":\"index_not_found_exception\",\"reason\":\"no such index [jm-after-build-bug-fix-ssp-3495-f6_article_2]\",\"resource.type\":\"index_or_alias\",\"resource.id\":\"jm-after-build-bug-fix-ssp-3495-f6_article_2\",\"index_uuid\":\"_na_\",\"index\":\"jm-after-build-bug-fix-ssp-3495-f6_article_2\"}],\"type\":\"index_not_found_exception\",\"reason\":\"no such index [jm-after-build-bug-fix-ssp-3495-f6_article_2]\",\"resource.type\":\"index_or_alias\",\"resource.id\":\"jm-after-build-bug-fix-ssp-3495-f6_article_2\",\"index_uuid\":\"_na_\",\"index\":\"jm-after-build-bug-fix-ssp-3495-f6_article_2\"},\"status\":404}","code":404,"file":"/var/www/html/vendor/elasticsearch/elasticsearch/src/Elasticsearch/Connections/Connection.php:685"}},"level":500,"level_name":"CRITICAL","channel":"app","datetime":"2025-07-18T16:54:37.098480+00:00","extra":{}}
php-fpm-1  | resolveFriendlyUrl: 404 Not Found because friendly URL not found with slug (login.action) and domainId (1)
php-fpm-1  | resolveFriendlyUrl: 404 Not Found because friendly URL not found with slug (server-status) and domainId (2)
php-fpm-1  | {"message":"[GraphQL] Elasticsearch\\Common\\Exceptions\\Missing404Exception: {\"error\":{\"root_cause\":[{\"type\":\"index_not_found_exception\",\"reason\":\"no such index [jm-after-build-bug-fix-ssp-3495-f6_article_1]\",\"resource.type\":\"index_or_alias\",\"resource.id\":\"jm-after-build-bug-fix-ssp-3495-f6_article_1\",\"index_uuid\":\"_na_\",\"index\":\"jm-after-build-bug-fix-ssp-3495-f6_article_1\"}],\"type\":\"index_not_found_exception\",\"reason\":\"no such index [jm-after-build-bug-fix-ssp-3495-f6_article_1]\",\"resource.type\":\"index_or_alias\",\"resource.id\":\"jm-after-build-bug-fix-ssp-3495-f6_article_1\",\"index_uuid\":\"_na_\",\"index\":\"jm-after-build-bug-fix-ssp-3495-f6_article_1\"},\"status\":404}[404] (caught throwable) at /var/www/html/vendor/elasticsearch/elasticsearch/src/Elasticsearch/Connections/Connection.php line 685.","context":{"exception":{"class":"Elasticsearch\\Common\\Exceptions\\Missing404Exception","message":"{\"error\":{\"root_cause\":[{\"type\":\"index_not_found_exception\",\"reason\":\"no such index [jm-after-build-bug-fix-ssp-3495-f6_article_1]\",\"resource.type\":\"index_or_alias\",\"resource.id\":\"jm-after-build-bug-fix-ssp-3495-f6_article_1\",\"index_uuid\":\"_na_\",\"index\":\"jm-after-build-bug-fix-ssp-3495-f6_article_1\"}],\"type\":\"index_not_found_exception\",\"reason\":\"no such index [jm-after-build-bug-fix-ssp-3495-f6_article_1]\",\"resource.type\":\"index_or_alias\",\"resource.id\":\"jm-after-build-bug-fix-ssp-3495-f6_article_1\",\"index_uuid\":\"_na_\",\"index\":\"jm-after-build-bug-fix-ssp-3495-f6_article_1\"},\"status\":404}","code":404,"file":"/var/www/html/vendor/elasticsearch/elasticsearch/src/Elasticsearch/Connections/Connection.php:685"}},"level":500,"level_name":"CRITICAL","channel":"app","datetime":"2025-07-18T16:54:37.278354+00:00","extra":{}}
php-fpm-1  | {"message":"[GraphQL] Elasticsearch\\Common\\Exceptions\\Missing404Exception: {\"error\":{\"root_cause\":[{\"type\":\"index_not_found_exception\",\"reason\":\"no such index [jm-after-build-bug-fix-ssp-3495-f6_article_2]\",\"resource.type\":\"index_or_alias\",\"resource.id\":\"jm-after-build-bug-fix-ssp-3495-f6_article_2\",\"index_uuid\":\"_na_\",\"index\":\"jm-after-build-bug-fix-ssp-3495-f6_article_2\"}],\"type\":\"index_not_found_exception\",\"reason\":\"no such index [jm-after-build-bug-fix-ssp-3495-f6_article_2]\",\"resource.type\":\"index_or_alias\",\"resource.id\":\"jm-after-build-bug-fix-ssp-3495-f6_article_2\",\"index_uuid\":\"_na_\",\"index\":\"jm-after-build-bug-fix-ssp-3495-f6_article_2\"},\"status\":404}[404] (caught throwable) at /var/www/html/vendor/elasticsearch/elasticsearch/src/Elasticsearch/Connections/Connection.php line 685.","context":{"exception":{"class":"Elasticsearch\\Common\\Exceptions\\Missing404Exception","message":"{\"error\":{\"root_cause\":[{\"type\":\"index_not_found_exception\",\"reason\":\"no such index [jm-after-build-bug-fix-ssp-3495-f6_article_2]\",\"resource.type\":\"index_or_alias\",\"resource.id\":\"jm-after-build-bug-fix-ssp-3495-f6_article_2\",\"index_uuid\":\"_na_\",\"index\":\"jm-after-build-bug-fix-ssp-3495-f6_article_2\"}],\"type\":\"index_not_found_exception\",\"reason\":\"no such index [jm-after-build-bug-fix-ssp-3495-f6_article_2]\",\"resource.type\":\"index_or_alias\",\"resource.id\":\"jm-after-build-bug-fix-ssp-3495-f6_article_2\",\"index_uuid\":\"_na_\",\"index\":\"jm-after-build-bug-fix-ssp-3495-f6_article_2\"},\"status\":404}","code":404,"file":"/var/www/html/vendor/elasticsearch/elasticsearch/src/Elasticsearch/Connections/Connection.php:685"}},"level":500,"level_name":"CRITICAL","channel":"app","datetime":"2025-07-18T16:54:37.363966+00:00","extra":{}}
php-fpm-1  | resolveFriendlyUrl: 404 Not Found because friendly URL not found with slug (_all_dbs) and domainId (1)
php-fpm-1  | resolveFriendlyUrl: 404 Not Found because friendly URL not found with slug (login.action) and domainId (2)
php-fpm-1  | {"message":"[GraphQL] Elasticsearch\\Common\\Exceptions\\Missing404Exception: {\"error\":{\"root_cause\":[{\"type\":\"index_not_found_exception\",\"reason\":\"no such index [jm-after-build-bug-fix-ssp-3495-f6_article_1]\",\"resource.type\":\"index_or_alias\",\"resource.id\":\"jm-after-build-bug-fix-ssp-3495-f6_article_1\",\"index_uuid\":\"_na_\",\"index\":\"jm-after-build-bug-fix-ssp-3495-f6_article_1\"}],\"type\":\"index_not_found_exception\",\"reason\":\"no such index [jm-after-build-bug-fix-ssp-3495-f6_article_1]\",\"resource.type\":\"index_or_alias\",\"resource.id\":\"jm-after-build-bug-fix-ssp-3495-f6_article_1\",\"index_uuid\":\"_na_\",\"index\":\"jm-after-build-bug-fix-ssp-3495-f6_article_1\"},\"status\":404}[404] (caught throwable) at /var/www/html/vendor/elasticsearch/elasticsearch/src/Elasticsearch/Connections/Connection.php line 685.","context":{"exception":{"class":"Elasticsearch\\Common\\Exceptions\\Missing404Exception","message":"{\"error\":{\"root_cause\":[{\"type\":\"index_not_found_exception\",\"reason\":\"no such index [jm-after-build-bug-fix-ssp-3495-f6_article_1]\",\"resource.type\":\"index_or_alias\",\"resource.id\":\"jm-after-build-bug-fix-ssp-3495-f6_article_1\",\"index_uuid\":\"_na_\",\"index\":\"jm-after-build-bug-fix-ssp-3495-f6_article_1\"}],\"type\":\"index_not_found_exception\",\"reason\":\"no such index [jm-after-build-bug-fix-ssp-3495-f6_article_1]\",\"resource.type\":\"index_or_alias\",\"resource.id\":\"jm-after-build-bug-fix-ssp-3495-f6_article_1\",\"index_uuid\":\"_na_\",\"index\":\"jm-after-build-bug-fix-ssp-3495-f6_article_1\"},\"status\":404}","code":404,"file":"/var/www/html/vendor/elasticsearch/elasticsearch/src/Elasticsearch/Connections/Connection.php:685"}},"level":500,"level_name":"CRITICAL","channel":"app","datetime":"2025-07-18T16:54:37.525854+00:00","extra":{}}
php-fpm-1  | resolveFriendlyUrl: 404 Not Found because friendly URL not found with slug (.DS_Store) and domainId (1)
php-fpm-1  | {"message":"[GraphQL] Elasticsearch\\Common\\Exceptions\\Missing404Exception: {\"error\":{\"root_cause\":[{\"type\":\"index_not_found_exception\",\"reason\":\"no such index [jm-after-build-bug-fix-ssp-3495-f6_article_2]\",\"resource.type\":\"index_or_alias\",\"resource.id\":\"jm-after-build-bug-fix-ssp-3495-f6_article_2\",\"index_uuid\":\"_na_\",\"index\":\"jm-after-build-bug-fix-ssp-3495-f6_article_2\"}],\"type\":\"index_not_found_exception\",\"reason\":\"no such index [jm-after-build-bug-fix-ssp-3495-f6_article_2]\",\"resource.type\":\"index_or_alias\",\"resource.id\":\"jm-after-build-bug-fix-ssp-3495-f6_article_2\",\"index_uuid\":\"_na_\",\"index\":\"jm-after-build-bug-fix-ssp-3495-f6_article_2\"},\"status\":404}[404] (caught throwable) at /var/www/html/vendor/elasticsearch/elasticsearch/src/Elasticsearch/Connections/Connection.php line 685.","context":{"exception":{"class":"Elasticsearch\\Common\\Exceptions\\Missing404Exception","message":"{\"error\":{\"root_cause\":[{\"type\":\"index_not_found_exception\",\"reason\":\"no such index [jm-after-build-bug-fix-ssp-3495-f6_article_2]\",\"resource.type\":\"index_or_alias\",\"resource.id\":\"jm-after-build-bug-fix-ssp-3495-f6_article_2\",\"index_uuid\":\"_na_\",\"index\":\"jm-after-build-bug-fix-ssp-3495-f6_article_2\"}],\"type\":\"index_not_found_exception\",\"reason\":\"no such index [jm-after-build-bug-fix-ssp-3495-f6_article_2]\",\"resource.type\":\"index_or_alias\",\"resource.id\":\"jm-after-build-bug-fix-ssp-3495-f6_article_2\",\"index_uuid\":\"_na_\",\"index\":\"jm-after-build-bug-fix-ssp-3495-f6_article_2\"},\"status\":404}","code":404,"file":"/var/www/html/vendor/elasticsearch/elasticsearch/src/Elasticsearch/Connections/Connection.php:685"}},"level":500,"level_name":"CRITICAL","channel":"app","datetime":"2025-07-18T16:54:37.675776+00:00","extra":{}}
php-fpm-1  | {"message":"[GraphQL] Elasticsearch\\Common\\Exceptions\\Missing404Exception: {\"error\":{\"root_cause\":[{\"type\":\"index_not_found_exception\",\"reason\":\"no such index [jm-after-build-bug-fix-ssp-3495-f6_article_1]\",\"resource.type\":\"index_or_alias\",\"resource.id\":\"jm-after-build-bug-fix-ssp-3495-f6_article_1\",\"index_uuid\":\"_na_\",\"index\":\"jm-after-build-bug-fix-ssp-3495-f6_article_1\"}],\"type\":\"index_not_found_exception\",\"reason\":\"no such index [jm-after-build-bug-fix-ssp-3495-f6_article_1]\",\"resource.type\":\"index_or_alias\",\"resource.id\":\"jm-after-build-bug-fix-ssp-3495-f6_article_1\",\"index_uuid\":\"_na_\",\"index\":\"jm-after-build-bug-fix-ssp-3495-f6_article_1\"},\"status\":404}[404] (caught throwable) at /var/www/html/vendor/elasticsearch/elasticsearch/src/Elasticsearch/Connections/Connection.php line 685.","context":{"exception":{"class":"Elasticsearch\\Common\\Exceptions\\Missing404Exception","message":"{\"error\":{\"root_cause\":[{\"type\":\"index_not_found_exception\",\"reason\":\"no such index [jm-after-build-bug-fix-ssp-3495-f6_article_1]\",\"resource.type\":\"index_or_alias\",\"resource.id\":\"jm-after-build-bug-fix-ssp-3495-f6_article_1\",\"index_uuid\":\"_na_\",\"index\":\"jm-after-build-bug-fix-ssp-3495-f6_article_1\"}],\"type\":\"index_not_found_exception\",\"reason\":\"no such index [jm-after-build-bug-fix-ssp-3495-f6_article_1]\",\"resource.type\":\"index_or_alias\",\"resource.id\":\"jm-after-build-bug-fix-ssp-3495-f6_article_1\",\"index_uuid\":\"_na_\",\"index\":\"jm-after-build-bug-fix-ssp-3495-f6_article_1\"},\"status\":404}","code":404,"file":"/var/www/html/vendor/elasticsearch/elasticsearch/src/Elasticsearch/Connections/Connection.php:685"}},"level":500,"level_name":"CRITICAL","channel":"app","datetime":"2025-07-18T16:54:37.768410+00:00","extra":{}}
php-fpm-1  | resolveFriendlyUrl: 404 Not Found because friendly URL not found with slug (_all_dbs) and domainId (2)
php-fpm-1  | resolveFriendlyUrl: 404 Not Found because friendly URL not found with slug (.env) and domainId (1)
php-fpm-1  | {"message":"[GraphQL] Elasticsearch\\Common\\Exceptions\\Missing404Exception: {\"error\":{\"root_cause\":[{\"type\":\"index_not_found_exception\",\"reason\":\"no such index [jm-after-build-bug-fix-ssp-3495-f6_article_2]\",\"resource.type\":\"index_or_alias\",\"resource.id\":\"jm-after-build-bug-fix-ssp-3495-f6_article_2\",\"index_uuid\":\"_na_\",\"index\":\"jm-after-build-bug-fix-ssp-3495-f6_article_2\"}],\"type\":\"index_not_found_exception\",\"reason\":\"no such index [jm-after-build-bug-fix-ssp-3495-f6_article_2]\",\"resource.type\":\"index_or_alias\",\"resource.id\":\"jm-after-build-bug-fix-ssp-3495-f6_article_2\",\"index_uuid\":\"_na_\",\"index\":\"jm-after-build-bug-fix-ssp-3495-f6_article_2\"},\"status\":404}[404] (caught throwable) at /var/www/html/vendor/elasticsearch/elasticsearch/src/Elasticsearch/Connections/Connection.php line 685.","context":{"exception":{"class":"Elasticsearch\\Common\\Exceptions\\Missing404Exception","message":"{\"error\":{\"root_cause\":[{\"type\":\"index_not_found_exception\",\"reason\":\"no such index [jm-after-build-bug-fix-ssp-3495-f6_article_2]\",\"resource.type\":\"index_or_alias\",\"resource.id\":\"jm-after-build-bug-fix-ssp-3495-f6_article_2\",\"index_uuid\":\"_na_\",\"index\":\"jm-after-build-bug-fix-ssp-3495-f6_article_2\"}],\"type\":\"index_not_found_exception\",\"reason\":\"no such index [jm-after-build-bug-fix-ssp-3495-f6_article_2]\",\"resource.type\":\"index_or_alias\",\"resource.id\":\"jm-after-build-bug-fix-ssp-3495-f6_article_2\",\"index_uuid\":\"_na_\",\"index\":\"jm-after-build-bug-fix-ssp-3495-f6_article_2\"},\"status\":404}","code":404,"file":"/var/www/html/vendor/elasticsearch/elasticsearch/src/Elasticsearch/Connections/Connection.php:685"}},"level":500,"level_name":"CRITICAL","channel":"app","datetime":"2025-07-18T16:54:37.956488+00:00","extra":{}}
php-fpm-1  | {"message":"[GraphQL] Elasticsearch\\Common\\Exceptions\\Missing404Exception: {\"error\":{\"root_cause\":[{\"type\":\"index_not_found_exception\",\"reason\":\"no such index [jm-after-build-bug-fix-ssp-3495-f6_article_1]\",\"resource.type\":\"index_or_alias\",\"resource.id\":\"jm-after-build-bug-fix-ssp-3495-f6_article_1\",\"index_uuid\":\"_na_\",\"index\":\"jm-after-build-bug-fix-ssp-3495-f6_article_1\"}],\"type\":\"index_not_found_exception\",\"reason\":\"no such index [jm-after-build-bug-fix-ssp-3495-f6_article_1]\",\"resource.type\":\"index_or_alias\",\"resource.id\":\"jm-after-build-bug-fix-ssp-3495-f6_article_1\",\"index_uuid\":\"_na_\",\"index\":\"jm-after-build-bug-fix-ssp-3495-f6_article_1\"},\"status\":404}[404] (caught throwable) at /var/www/html/vendor/elasticsearch/elasticsearch/src/Elasticsearch/Connections/Connection.php line 685.","context":{"exception":{"class":"Elasticsearch\\Common\\Exceptions\\Missing404Exception","message":"{\"error\":{\"root_cause\":[{\"type\":\"index_not_found_exception\",\"reason\":\"no such index [jm-after-build-bug-fix-ssp-3495-f6_article_1]\",\"resource.type\":\"index_or_alias\",\"resource.id\":\"jm-after-build-bug-fix-ssp-3495-f6_article_1\",\"index_uuid\":\"_na_\",\"index\":\"jm-after-build-bug-fix-ssp-3495-f6_article_1\"}],\"type\":\"index_not_found_exception\",\"reason\":\"no such index [jm-after-build-bug-fix-ssp-3495-f6_article_1]\",\"resource.type\":\"index_or_alias\",\"resource.id\":\"jm-after-build-bug-fix-ssp-3495-f6_article_1\",\"index_uuid\":\"_na_\",\"index\":\"jm-after-build-bug-fix-ssp-3495-f6_article_1\"},\"status\":404}","code":404,"file":"/var/www/html/vendor/elasticsearch/elasticsearch/src/Elasticsearch/Connections/Connection.php:685"}},"level":500,"level_name":"CRITICAL","channel":"app","datetime":"2025-07-18T16:54:38.036428+00:00","extra":{}}
php-fpm-1  | resolveFriendlyUrl: 404 Not Found because friendly URL not found with slug (.DS_Store) and domainId (2)
php-fpm-1  | resolveFriendlyUrl: 404 Not Found because friendly URL not found with slug (.git/config) and domainId (1)
php-fpm-1  | {"message":"[GraphQL] Elasticsearch\\Common\\Exceptions\\Missing404Exception: {\"error\":{\"root_cause\":[{\"type\":\"index_not_found_exception\",\"reason\":\"no such index [jm-after-build-bug-fix-ssp-3495-f6_article_2]\",\"resource.type\":\"index_or_alias\",\"resource.id\":\"jm-after-build-bug-fix-ssp-3495-f6_article_2\",\"index_uuid\":\"_na_\",\"index\":\"jm-after-build-bug-fix-ssp-3495-f6_article_2\"}],\"type\":\"index_not_found_exception\",\"reason\":\"no such index [jm-after-build-bug-fix-ssp-3495-f6_article_2]\",\"resource.type\":\"index_or_alias\",\"resource.id\":\"jm-after-build-bug-fix-ssp-3495-f6_article_2\",\"index_uuid\":\"_na_\",\"index\":\"jm-after-build-bug-fix-ssp-3495-f6_article_2\"},\"status\":404}[404] (caught throwable) at /var/www/html/vendor/elasticsearch/elasticsearch/src/Elasticsearch/Connections/Connection.php line 685.","context":{"exception":{"class":"Elasticsearch\\Common\\Exceptions\\Missing404Exception","message":"{\"error\":{\"root_cause\":[{\"type\":\"index_not_found_exception\",\"reason\":\"no such index [jm-after-build-bug-fix-ssp-3495-f6_article_2]\",\"resource.type\":\"index_or_alias\",\"resource.id\":\"jm-after-build-bug-fix-ssp-3495-f6_article_2\",\"index_uuid\":\"_na_\",\"index\":\"jm-after-build-bug-fix-ssp-3495-f6_article_2\"}],\"type\":\"index_not_found_exception\",\"reason\":\"no such index [jm-after-build-bug-fix-ssp-3495-f6_article_2]\",\"resource.type\":\"index_or_alias\",\"resource.id\":\"jm-after-build-bug-fix-ssp-3495-f6_article_2\",\"index_uuid\":\"_na_\",\"index\":\"jm-after-build-bug-fix-ssp-3495-f6_article_2\"},\"status\":404}","code":404,"file":"/var/www/html/vendor/elasticsearch/elasticsearch/src/Elasticsearch/Connections/Connection.php:685"}},"level":500,"level_name":"CRITICAL","channel":"app","datetime":"2025-07-18T16:54:38.229376+00:00","extra":{}}
php-fpm-1  | {"message":"[GraphQL] Elasticsearch\\Common\\Exceptions\\Missing404Exception: {\"error\":{\"root_cause\":[{\"type\":\"index_not_found_exception\",\"reason\":\"no such index [jm-after-build-bug-fix-ssp-3495-f6_article_1]\",\"resource.type\":\"index_or_alias\",\"resource.id\":\"jm-after-build-bug-fix-ssp-3495-f6_article_1\",\"index_uuid\":\"_na_\",\"index\":\"jm-after-build-bug-fix-ssp-3495-f6_article_1\"}],\"type\":\"index_not_found_exception\",\"reason\":\"no such index [jm-after-build-bug-fix-ssp-3495-f6_article_1]\",\"resource.type\":\"index_or_alias\",\"resource.id\":\"jm-after-build-bug-fix-ssp-3495-f6_article_1\",\"index_uuid\":\"_na_\",\"index\":\"jm-after-build-bug-fix-ssp-3495-f6_article_1\"},\"status\":404}[404] (caught throwable) at /var/www/html/vendor/elasticsearch/elasticsearch/src/Elasticsearch/Connections/Connection.php line 685.","context":{"exception":{"class":"Elasticsearch\\Common\\Exceptions\\Missing404Exception","message":"{\"error\":{\"root_cause\":[{\"type\":\"index_not_found_exception\",\"reason\":\"no such index [jm-after-build-bug-fix-ssp-3495-f6_article_1]\",\"resource.type\":\"index_or_alias\",\"resource.id\":\"jm-after-build-bug-fix-ssp-3495-f6_article_1\",\"index_uuid\":\"_na_\",\"index\":\"jm-after-build-bug-fix-ssp-3495-f6_article_1\"}],\"type\":\"index_not_found_exception\",\"reason\":\"no such index [jm-after-build-bug-fix-ssp-3495-f6_article_1]\",\"resource.type\":\"index_or_alias\",\"resource.id\":\"jm-after-build-bug-fix-ssp-3495-f6_article_1\",\"index_uuid\":\"_na_\",\"index\":\"jm-after-build-bug-fix-ssp-3495-f6_article_1\"},\"status\":404}","code":404,"file":"/var/www/html/vendor/elasticsearch/elasticsearch/src/Elasticsearch/Connections/Connection.php:685"}},"level":500,"level_name":"CRITICAL","channel":"app","datetime":"2025-07-18T16:54:38.306134+00:00","extra":{}}
php-fpm-1  | resolveFriendlyUrl: 404 Not Found because friendly URL not found with slug (.env) and domainId (2)
php-fpm-1  | resolveFriendlyUrl: 404 Not Found because friendly URL not found with slug (s/830313e21393e2238313e2439313/_/;/META-INF/maven/com.atlassian.jira/jira-webapp-dist/pom.properties) and domainId (1)
php-fpm-1  | {"message":"[GraphQL] Elasticsearch\\Common\\Exceptions\\Missing404Exception: {\"error\":{\"root_cause\":[{\"type\":\"index_not_found_exception\",\"reason\":\"no such index [jm-after-build-bug-fix-ssp-3495-f6_article_2]\",\"resource.type\":\"index_or_alias\",\"resource.id\":\"jm-after-build-bug-fix-ssp-3495-f6_article_2\",\"index_uuid\":\"_na_\",\"index\":\"jm-after-build-bug-fix-ssp-3495-f6_article_2\"}],\"type\":\"index_not_found_exception\",\"reason\":\"no such index [jm-after-build-bug-fix-ssp-3495-f6_article_2]\",\"resource.type\":\"index_or_alias\",\"resource.id\":\"jm-after-build-bug-fix-ssp-3495-f6_article_2\",\"index_uuid\":\"_na_\",\"index\":\"jm-after-build-bug-fix-ssp-3495-f6_article_2\"},\"status\":404}[404] (caught throwable) at /var/www/html/vendor/elasticsearch/elasticsearch/src/Elasticsearch/Connections/Connection.php line 685.","context":{"exception":{"class":"Elasticsearch\\Common\\Exceptions\\Missing404Exception","message":"{\"error\":{\"root_cause\":[{\"type\":\"index_not_found_exception\",\"reason\":\"no such index [jm-after-build-bug-fix-ssp-3495-f6_article_2]\",\"resource.type\":\"index_or_alias\",\"resource.id\":\"jm-after-build-bug-fix-ssp-3495-f6_article_2\",\"index_uuid\":\"_na_\",\"index\":\"jm-after-build-bug-fix-ssp-3495-f6_article_2\"}],\"type\":\"index_not_found_exception\",\"reason\":\"no such index [jm-after-build-bug-fix-ssp-3495-f6_article_2]\",\"resource.type\":\"index_or_alias\",\"resource.id\":\"jm-after-build-bug-fix-ssp-3495-f6_article_2\",\"index_uuid\":\"_na_\",\"index\":\"jm-after-build-bug-fix-ssp-3495-f6_article_2\"},\"status\":404}","code":404,"file":"/var/www/html/vendor/elasticsearch/elasticsearch/src/Elasticsearch/Connections/Connection.php:685"}},"level":500,"level_name":"CRITICAL","channel":"app","datetime":"2025-07-18T16:54:38.536471+00:00","extra":{}}
php-fpm-1  | {"message":"[GraphQL] Elasticsearch\\Common\\Exceptions\\Missing404Exception: {\"error\":{\"root_cause\":[{\"type\":\"index_not_found_exception\",\"reason\":\"no such index [jm-after-build-bug-fix-ssp-3495-f6_article_1]\",\"resource.type\":\"index_or_alias\",\"resource.id\":\"jm-after-build-bug-fix-ssp-3495-f6_article_1\",\"index_uuid\":\"_na_\",\"index\":\"jm-after-build-bug-fix-ssp-3495-f6_article_1\"}],\"type\":\"index_not_found_exception\",\"reason\":\"no such index [jm-after-build-bug-fix-ssp-3495-f6_article_1]\",\"resource.type\":\"index_or_alias\",\"resource.id\":\"jm-after-build-bug-fix-ssp-3495-f6_article_1\",\"index_uuid\":\"_na_\",\"index\":\"jm-after-build-bug-fix-ssp-3495-f6_article_1\"},\"status\":404}[404] (caught throwable) at /var/www/html/vendor/elasticsearch/elasticsearch/src/Elasticsearch/Connections/Connection.php line 685.","context":{"exception":{"class":"Elasticsearch\\Common\\Exceptions\\Missing404Exception","message":"{\"error\":{\"root_cause\":[{\"type\":\"index_not_found_exception\",\"reason\":\"no such index [jm-after-build-bug-fix-ssp-3495-f6_article_1]\",\"resource.type\":\"index_or_alias\",\"resource.id\":\"jm-after-build-bug-fix-ssp-3495-f6_article_1\",\"index_uuid\":\"_na_\",\"index\":\"jm-after-build-bug-fix-ssp-3495-f6_article_1\"}],\"type\":\"index_not_found_exception\",\"reason\":\"no such index [jm-after-build-bug-fix-ssp-3495-f6_article_1]\",\"resource.type\":\"index_or_alias\",\"resource.id\":\"jm-after-build-bug-fix-ssp-3495-f6_article_1\",\"index_uuid\":\"_na_\",\"index\":\"jm-after-build-bug-fix-ssp-3495-f6_article_1\"},\"status\":404}","code":404,"file":"/var/www/html/vendor/elasticsearch/elasticsearch/src/Elasticsearch/Connections/Connection.php:685"}},"level":500,"level_name":"CRITICAL","channel":"app","datetime":"2025-07-18T16:54:38.609188+00:00","extra":{}}
php-fpm-1  | resolveFriendlyUrl: 404 Not Found because friendly URL not found with slug (.git/config) and domainId (2)
php-fpm-1  | {"message":"[GraphQL] Elasticsearch\\Common\\Exceptions\\Missing404Exception: {\"error\":{\"root_cause\":[{\"type\":\"index_not_found_exception\",\"reason\":\"no such index [jm-after-build-bug-fix-ssp-3495-f6_article_2]\",\"resource.type\":\"index_or_alias\",\"resource.id\":\"jm-after-build-bug-fix-ssp-3495-f6_article_2\",\"index_uuid\":\"_na_\",\"index\":\"jm-after-build-bug-fix-ssp-3495-f6_article_2\"}],\"type\":\"index_not_found_exception\",\"reason\":\"no such index [jm-after-build-bug-fix-ssp-3495-f6_article_2]\",\"resource.type\":\"index_or_alias\",\"resource.id\":\"jm-after-build-bug-fix-ssp-3495-f6_article_2\",\"index_uuid\":\"_na_\",\"index\":\"jm-after-build-bug-fix-ssp-3495-f6_article_2\"},\"status\":404}[404] (caught throwable) at /var/www/html/vendor/elasticsearch/elasticsearch/src/Elasticsearch/Connections/Connection.php line 685.","context":{"exception":{"class":"Elasticsearch\\Common\\Exceptions\\Missing404Exception","message":"{\"error\":{\"root_cause\":[{\"type\":\"index_not_found_exception\",\"reason\":\"no such index [jm-after-build-bug-fix-ssp-3495-f6_article_2]\",\"resource.type\":\"index_or_alias\",\"resource.id\":\"jm-after-build-bug-fix-ssp-3495-f6_article_2\",\"index_uuid\":\"_na_\",\"index\":\"jm-after-build-bug-fix-ssp-3495-f6_article_2\"}],\"type\":\"index_not_found_exception\",\"reason\":\"no such index [jm-after-build-bug-fix-ssp-3495-f6_article_2]\",\"resource.type\":\"index_or_alias\",\"resource.id\":\"jm-after-build-bug-fix-ssp-3495-f6_article_2\",\"index_uuid\":\"_na_\",\"index\":\"jm-after-build-bug-fix-ssp-3495-f6_article_2\"},\"status\":404}","code":404,"file":"/var/www/html/vendor/elasticsearch/elasticsearch/src/Elasticsearch/Connections/Connection.php:685"}},"level":500,"level_name":"CRITICAL","channel":"app","datetime":"2025-07-18T16:54:38.744243+00:00","extra":{}}
php-fpm-1  | resolveFriendlyUrl: 404 Not Found because friendly URL not found with slug (config.json) and domainId (1)
php-fpm-1  | {"message":"[GraphQL] Elasticsearch\\Common\\Exceptions\\Missing404Exception: {\"error\":{\"root_cause\":[{\"type\":\"index_not_found_exception\",\"reason\":\"no such index [jm-after-build-bug-fix-ssp-3495-f6_article_1]\",\"resource.type\":\"index_or_alias\",\"resource.id\":\"jm-after-build-bug-fix-ssp-3495-f6_article_1\",\"index_uuid\":\"_na_\",\"index\":\"jm-after-build-bug-fix-ssp-3495-f6_article_1\"}],\"type\":\"index_not_found_exception\",\"reason\":\"no such index [jm-after-build-bug-fix-ssp-3495-f6_article_1]\",\"resource.type\":\"index_or_alias\",\"resource.id\":\"jm-after-build-bug-fix-ssp-3495-f6_article_1\",\"index_uuid\":\"_na_\",\"index\":\"jm-after-build-bug-fix-ssp-3495-f6_article_1\"},\"status\":404}[404] (caught throwable) at /var/www/html/vendor/elasticsearch/elasticsearch/src/Elasticsearch/Connections/Connection.php line 685.","context":{"exception":{"class":"Elasticsearch\\Common\\Exceptions\\Missing404Exception","message":"{\"error\":{\"root_cause\":[{\"type\":\"index_not_found_exception\",\"reason\":\"no such index [jm-after-build-bug-fix-ssp-3495-f6_article_1]\",\"resource.type\":\"index_or_alias\",\"resource.id\":\"jm-after-build-bug-fix-ssp-3495-f6_article_1\",\"index_uuid\":\"_na_\",\"index\":\"jm-after-build-bug-fix-ssp-3495-f6_article_1\"}],\"type\":\"index_not_found_exception\",\"reason\":\"no such index [jm-after-build-bug-fix-ssp-3495-f6_article_1]\",\"resource.type\":\"index_or_alias\",\"resource.id\":\"jm-after-build-bug-fix-ssp-3495-f6_article_1\",\"index_uuid\":\"_na_\",\"index\":\"jm-after-build-bug-fix-ssp-3495-f6_article_1\"},\"status\":404}","code":404,"file":"/var/www/html/vendor/elasticsearch/elasticsearch/src/Elasticsearch/Connections/Connection.php:685"}},"level":500,"level_name":"CRITICAL","channel":"app","datetime":"2025-07-18T16:54:38.894279+00:00","extra":{}}
php-fpm-1  | resolveFriendlyUrl: 404 Not Found because friendly URL not found with slug (s/830313e21393e2238313e2439313/_/;/META-INF/maven/com.atlassian.jira/jira-webapp-dist/pom.properties) and domainId (2)
php-fpm-1  | {"message":"[GraphQL] Elasticsearch\\Common\\Exceptions\\Missing404Exception: {\"error\":{\"root_cause\":[{\"type\":\"index_not_found_exception\",\"reason\":\"no such index [jm-after-build-bug-fix-ssp-3495-f6_article_2]\",\"resource.type\":\"index_or_alias\",\"resource.id\":\"jm-after-build-bug-fix-ssp-3495-f6_article_2\",\"index_uuid\":\"_na_\",\"index\":\"jm-after-build-bug-fix-ssp-3495-f6_article_2\"}],\"type\":\"index_not_found_exception\",\"reason\":\"no such index [jm-after-build-bug-fix-ssp-3495-f6_article_2]\",\"resource.type\":\"index_or_alias\",\"resource.id\":\"jm-after-build-bug-fix-ssp-3495-f6_article_2\",\"index_uuid\":\"_na_\",\"index\":\"jm-after-build-bug-fix-ssp-3495-f6_article_2\"},\"status\":404}[404] (caught throwable) at /var/www/html/vendor/elasticsearch/elasticsearch/src/Elasticsearch/Connections/Connection.php line 685.","context":{"exception":{"class":"Elasticsearch\\Common\\Exceptions\\Missing404Exception","message":"{\"error\":{\"root_cause\":[{\"type\":\"index_not_found_exception\",\"reason\":\"no such index [jm-after-build-bug-fix-ssp-3495-f6_article_2]\",\"resource.type\":\"index_or_alias\",\"resource.id\":\"jm-after-build-bug-fix-ssp-3495-f6_article_2\",\"index_uuid\":\"_na_\",\"index\":\"jm-after-build-bug-fix-ssp-3495-f6_article_2\"}],\"type\":\"index_not_found_exception\",\"reason\":\"no such index [jm-after-build-bug-fix-ssp-3495-f6_article_2]\",\"resource.type\":\"index_or_alias\",\"resource.id\":\"jm-after-build-bug-fix-ssp-3495-f6_article_2\",\"index_uuid\":\"_na_\",\"index\":\"jm-after-build-bug-fix-ssp-3495-f6_article_2\"},\"status\":404}","code":404,"file":"/var/www/html/vendor/elasticsearch/elasticsearch/src/Elasticsearch/Connections/Connection.php:685"}},"level":500,"level_name":"CRITICAL","channel":"app","datetime":"2025-07-18T16:54:39.044865+00:00","extra":{}}
php-fpm-1  | resolveFriendlyUrl: 404 Not Found because friendly URL not found with slug (telescope/requests) and domainId (1)
php-fpm-1  | {"message":"[GraphQL] Elasticsearch\\Common\\Exceptions\\Missing404Exception: {\"error\":{\"root_cause\":[{\"type\":\"index_not_found_exception\",\"reason\":\"no such index [jm-after-build-bug-fix-ssp-3495-f6_article_1]\",\"resource.type\":\"index_or_alias\",\"resource.id\":\"jm-after-build-bug-fix-ssp-3495-f6_article_1\",\"index_uuid\":\"_na_\",\"index\":\"jm-after-build-bug-fix-ssp-3495-f6_article_1\"}],\"type\":\"index_not_found_exception\",\"reason\":\"no such index [jm-after-build-bug-fix-ssp-3495-f6_article_1]\",\"resource.type\":\"index_or_alias\",\"resource.id\":\"jm-after-build-bug-fix-ssp-3495-f6_article_1\",\"index_uuid\":\"_na_\",\"index\":\"jm-after-build-bug-fix-ssp-3495-f6_article_1\"},\"status\":404}[404] (caught throwable) at /var/www/html/vendor/elasticsearch/elasticsearch/src/Elasticsearch/Connections/Connection.php line 685.","context":{"exception":{"class":"Elasticsearch\\Common\\Exceptions\\Missing404Exception","message":"{\"error\":{\"root_cause\":[{\"type\":\"index_not_found_exception\",\"reason\":\"no such index [jm-after-build-bug-fix-ssp-3495-f6_article_1]\",\"resource.type\":\"index_or_alias\",\"resource.id\":\"jm-after-build-bug-fix-ssp-3495-f6_article_1\",\"index_uuid\":\"_na_\",\"index\":\"jm-after-build-bug-fix-ssp-3495-f6_article_1\"}],\"type\":\"index_not_found_exception\",\"reason\":\"no such index [jm-after-build-bug-fix-ssp-3495-f6_article_1]\",\"resource.type\":\"index_or_alias\",\"resource.id\":\"jm-after-build-bug-fix-ssp-3495-f6_article_1\",\"index_uuid\":\"_na_\",\"index\":\"jm-after-build-bug-fix-ssp-3495-f6_article_1\"},\"status\":404}","code":404,"file":"/var/www/html/vendor/elasticsearch/elasticsearch/src/Elasticsearch/Connections/Connection.php:685"}},"level":500,"level_name":"CRITICAL","channel":"app","datetime":"2025-07-18T16:54:39.220316+00:00","extra":{}}
php-fpm-1  | resolveFriendlyUrl: 404 Not Found because friendly URL not found with slug (config.json) and domainId (2)
php-fpm-1  | {"message":"[GraphQL] Elasticsearch\\Common\\Exceptions\\Missing404Exception: {\"error\":{\"root_cause\":[{\"type\":\"index_not_found_exception\",\"reason\":\"no such index [jm-after-build-bug-fix-ssp-3495-f6_article_2]\",\"resource.type\":\"index_or_alias\",\"resource.id\":\"jm-after-build-bug-fix-ssp-3495-f6_article_2\",\"index_uuid\":\"_na_\",\"index\":\"jm-after-build-bug-fix-ssp-3495-f6_article_2\"}],\"type\":\"index_not_found_exception\",\"reason\":\"no such index [jm-after-build-bug-fix-ssp-3495-f6_article_2]\",\"resource.type\":\"index_or_alias\",\"resource.id\":\"jm-after-build-bug-fix-ssp-3495-f6_article_2\",\"index_uuid\":\"_na_\",\"index\":\"jm-after-build-bug-fix-ssp-3495-f6_article_2\"},\"status\":404}[404] (caught throwable) at /var/www/html/vendor/elasticsearch/elasticsearch/src/Elasticsearch/Connections/Connection.php line 685.","context":{"exception":{"class":"Elasticsearch\\Common\\Exceptions\\Missing404Exception","message":"{\"error\":{\"root_cause\":[{\"type\":\"index_not_found_exception\",\"reason\":\"no such index [jm-after-build-bug-fix-ssp-3495-f6_article_2]\",\"resource.type\":\"index_or_alias\",\"resource.id\":\"jm-after-build-bug-fix-ssp-3495-f6_article_2\",\"index_uuid\":\"_na_\",\"index\":\"jm-after-build-bug-fix-ssp-3495-f6_article_2\"}],\"type\":\"index_not_found_exception\",\"reason\":\"no such index [jm-after-build-bug-fix-ssp-3495-f6_article_2]\",\"resource.type\":\"index_or_alias\",\"resource.id\":\"jm-after-build-bug-fix-ssp-3495-f6_article_2\",\"index_uuid\":\"_na_\",\"index\":\"jm-after-build-bug-fix-ssp-3495-f6_article_2\"},\"status\":404}","code":404,"file":"/var/www/html/vendor/elasticsearch/elasticsearch/src/Elasticsearch/Connections/Connection.php:685"}},"level":500,"level_name":"CRITICAL","channel":"app","datetime":"2025-07-18T16:54:39.374485+00:00","extra":{}}
php-fpm-1  | resolveFriendlyUrl: 404 Not Found because friendly URL not found with slug (telescope/requests) and domainId (2)
php-fpm-1  | resolveFriendlyUrl: 404 Not Found because friendly URL not found with slug (info.php) and domainId (1)
php-fpm-1  | {"message":"[GraphQL] Elasticsearch\\Common\\Exceptions\\Missing404Exception: {\"error\":{\"root_cause\":[{\"type\":\"index_not_found_exception\",\"reason\":\"no such index [jm-after-build-bug-fix-ssp-3495-f6_article_2]\",\"resource.type\":\"index_or_alias\",\"resource.id\":\"jm-after-build-bug-fix-ssp-3495-f6_article_2\",\"index_uuid\":\"_na_\",\"index\":\"jm-after-build-bug-fix-ssp-3495-f6_article_2\"}],\"type\":\"index_not_found_exception\",\"reason\":\"no such index [jm-after-build-bug-fix-ssp-3495-f6_article_2]\",\"resource.type\":\"index_or_alias\",\"resource.id\":\"jm-after-build-bug-fix-ssp-3495-f6_article_2\",\"index_uuid\":\"_na_\",\"index\":\"jm-after-build-bug-fix-ssp-3495-f6_article_2\"},\"status\":404}[404] (caught throwable) at /var/www/html/vendor/elasticsearch/elasticsearch/src/Elasticsearch/Connections/Connection.php line 685.","context":{"exception":{"class":"Elasticsearch\\Common\\Exceptions\\Missing404Exception","message":"{\"error\":{\"root_cause\":[{\"type\":\"index_not_found_exception\",\"reason\":\"no such index [jm-after-build-bug-fix-ssp-3495-f6_article_2]\",\"resource.type\":\"index_or_alias\",\"resource.id\":\"jm-after-build-bug-fix-ssp-3495-f6_article_2\",\"index_uuid\":\"_na_\",\"index\":\"jm-after-build-bug-fix-ssp-3495-f6_article_2\"}],\"type\":\"index_not_found_exception\",\"reason\":\"no such index [jm-after-build-bug-fix-ssp-3495-f6_article_2]\",\"resource.type\":\"index_or_alias\",\"resource.id\":\"jm-after-build-bug-fix-ssp-3495-f6_article_2\",\"index_uuid\":\"_na_\",\"index\":\"jm-after-build-bug-fix-ssp-3495-f6_article_2\"},\"status\":404}","code":404,"file":"/var/www/html/vendor/elasticsearch/elasticsearch/src/Elasticsearch/Connections/Connection.php:685"}},"level":500,"level_name":"CRITICAL","channel":"app","datetime":"2025-07-18T16:54:39.636869+00:00","extra":{}}
php-fpm-1  | {"message":"[GraphQL] Elasticsearch\\Common\\Exceptions\\Missing404Exception: {\"error\":{\"root_cause\":[{\"type\":\"index_not_found_exception\",\"reason\":\"no such index [jm-after-build-bug-fix-ssp-3495-f6_article_1]\",\"resource.type\":\"index_or_alias\",\"resource.id\":\"jm-after-build-bug-fix-ssp-3495-f6_article_1\",\"index_uuid\":\"_na_\",\"index\":\"jm-after-build-bug-fix-ssp-3495-f6_article_1\"}],\"type\":\"index_not_found_exception\",\"reason\":\"no such index [jm-after-build-bug-fix-ssp-3495-f6_article_1]\",\"resource.type\":\"index_or_alias\",\"resource.id\":\"jm-after-build-bug-fix-ssp-3495-f6_article_1\",\"index_uuid\":\"_na_\",\"index\":\"jm-after-build-bug-fix-ssp-3495-f6_article_1\"},\"status\":404}[404] (caught throwable) at /var/www/html/vendor/elasticsearch/elasticsearch/src/Elasticsearch/Connections/Connection.php line 685.","context":{"exception":{"class":"Elasticsearch\\Common\\Exceptions\\Missing404Exception","message":"{\"error\":{\"root_cause\":[{\"type\":\"index_not_found_exception\",\"reason\":\"no such index [jm-after-build-bug-fix-ssp-3495-f6_article_1]\",\"resource.type\":\"index_or_alias\",\"resource.id\":\"jm-after-build-bug-fix-ssp-3495-f6_article_1\",\"index_uuid\":\"_na_\",\"index\":\"jm-after-build-bug-fix-ssp-3495-f6_article_1\"}],\"type\":\"index_not_found_exception\",\"reason\":\"no such index [jm-after-build-bug-fix-ssp-3495-f6_article_1]\",\"resource.type\":\"index_or_alias\",\"resource.id\":\"jm-after-build-bug-fix-ssp-3495-f6_article_1\",\"index_uuid\":\"_na_\",\"index\":\"jm-after-build-bug-fix-ssp-3495-f6_article_1\"},\"status\":404}","code":404,"file":"/var/www/html/vendor/elasticsearch/elasticsearch/src/Elasticsearch/Connections/Connection.php:685"}},"level":500,"level_name":"CRITICAL","channel":"app","datetime":"2025-07-18T16:54:39.713743+00:00","extra":{}}
php-fpm-1  | resolveFriendlyUrl: 404 Not Found because friendly URL not found with slug (info.php) and domainId (2)
php-fpm-1  | {"message":"[GraphQL] Elasticsearch\\Common\\Exceptions\\Missing404Exception: {\"error\":{\"root_cause\":[{\"type\":\"index_not_found_exception\",\"reason\":\"no such index [jm-after-build-bug-fix-ssp-3495-f6_article_2]\",\"resource.type\":\"index_or_alias\",\"resource.id\":\"jm-after-build-bug-fix-ssp-3495-f6_article_2\",\"index_uuid\":\"_na_\",\"index\":\"jm-after-build-bug-fix-ssp-3495-f6_article_2\"}],\"type\":\"index_not_found_exception\",\"reason\":\"no such index [jm-after-build-bug-fix-ssp-3495-f6_article_2]\",\"resource.type\":\"index_or_alias\",\"resource.id\":\"jm-after-build-bug-fix-ssp-3495-f6_article_2\",\"index_uuid\":\"_na_\",\"index\":\"jm-after-build-bug-fix-ssp-3495-f6_article_2\"},\"status\":404}[404] (caught throwable) at /var/www/html/vendor/elasticsearch/elasticsearch/src/Elasticsearch/Connections/Connection.php line 685.","context":{"exception":{"class":"Elasticsearch\\Common\\Exceptions\\Missing404Exception","message":"{\"error\":{\"root_cause\":[{\"type\":\"index_not_found_exception\",\"reason\":\"no such index [jm-after-build-bug-fix-ssp-3495-f6_article_2]\",\"resource.type\":\"index_or_alias\",\"resource.id\":\"jm-after-build-bug-fix-ssp-3495-f6_article_2\",\"index_uuid\":\"_na_\",\"index\":\"jm-after-build-bug-fix-ssp-3495-f6_article_2\"}],\"type\":\"index_not_found_exception\",\"reason\":\"no such index [jm-after-build-bug-fix-ssp-3495-f6_article_2]\",\"resource.type\":\"index_or_alias\",\"resource.id\":\"jm-after-build-bug-fix-ssp-3495-f6_article_2\",\"index_uuid\":\"_na_\",\"index\":\"jm-after-build-bug-fix-ssp-3495-f6_article_2\"},\"status\":404}","code":404,"file":"/var/www/html/vendor/elasticsearch/elasticsearch/src/Elasticsearch/Connections/Connection.php:685"}},"level":500,"level_name":"CRITICAL","channel":"app","datetime":"2025-07-18T16:54:39.908196+00:00","extra":{}}
php-fpm-1  | {"message":"[GraphQL] Elasticsearch\\Common\\Exceptions\\Missing404Exception: {\"error\":{\"root_cause\":[{\"type\":\"index_not_found_exception\",\"reason\":\"no such index [jm-after-build-bug-fix-ssp-3495-f6_product_1]\",\"resource.type\":\"index_or_alias\",\"resource.id\":\"jm-after-build-bug-fix-ssp-3495-f6_product_1\",\"index_uuid\":\"_na_\",\"index\":\"jm-after-build-bug-fix-ssp-3495-f6_product_1\"}],\"type\":\"index_not_found_exception\",\"reason\":\"no such index [jm-after-build-bug-fix-ssp-3495-f6_product_1]\",\"resource.type\":\"index_or_alias\",\"resource.id\":\"jm-after-build-bug-fix-ssp-3495-f6_product_1\",\"index_uuid\":\"_na_\",\"index\":\"jm-after-build-bug-fix-ssp-3495-f6_product_1\"},\"status\":404}[404] (caught throwable) at /var/www/html/vendor/elasticsearch/elasticsearch/src/Elasticsearch/Connections/Connection.php line 685.","context":{"exception":{"class":"Elasticsearch\\Common\\Exceptions\\Missing404Exception","message":"{\"error\":{\"root_cause\":[{\"type\":\"index_not_found_exception\",\"reason\":\"no such index [jm-after-build-bug-fix-ssp-3495-f6_product_1]\",\"resource.type\":\"index_or_alias\",\"resource.id\":\"jm-after-build-bug-fix-ssp-3495-f6_product_1\",\"index_uuid\":\"_na_\",\"index\":\"jm-after-build-bug-fix-ssp-3495-f6_product_1\"}],\"type\":\"index_not_found_exception\",\"reason\":\"no such index [jm-after-build-bug-fix-ssp-3495-f6_product_1]\",\"resource.type\":\"index_or_alias\",\"resource.id\":\"jm-after-build-bug-fix-ssp-3495-f6_product_1\",\"index_uuid\":\"_na_\",\"index\":\"jm-after-build-bug-fix-ssp-3495-f6_product_1\"},\"status\":404}","code":404,"file":"/var/www/html/vendor/elasticsearch/elasticsearch/src/Elasticsearch/Connections/Connection.php:685"}},"level":500,"level_name":"CRITICAL","channel":"app","datetime":"2025-07-18T16:54:40.007854+00:00","extra":{}}
php-fpm-1  | {"message":"[GraphQL] Elasticsearch\\Common\\Exceptions\\Missing404Exception: {\"error\":{\"root_cause\":[{\"type\":\"index_not_found_exception\",\"reason\":\"no such index [jm-after-build-bug-fix-ssp-3495-f6_article_1]\",\"resource.type\":\"index_or_alias\",\"resource.id\":\"jm-after-build-bug-fix-ssp-3495-f6_article_1\",\"index_uuid\":\"_na_\",\"index\":\"jm-after-build-bug-fix-ssp-3495-f6_article_1\"}],\"type\":\"index_not_found_exception\",\"reason\":\"no such index [jm-after-build-bug-fix-ssp-3495-f6_article_1]\",\"resource.type\":\"index_or_alias\",\"resource.id\":\"jm-after-build-bug-fix-ssp-3495-f6_article_1\",\"index_uuid\":\"_na_\",\"index\":\"jm-after-build-bug-fix-ssp-3495-f6_article_1\"},\"status\":404}[404] (caught throwable) at /var/www/html/vendor/elasticsearch/elasticsearch/src/Elasticsearch/Connections/Connection.php line 685.","context":{"exception":{"class":"Elasticsearch\\Common\\Exceptions\\Missing404Exception","message":"{\"error\":{\"root_cause\":[{\"type\":\"index_not_found_exception\",\"reason\":\"no such index [jm-after-build-bug-fix-ssp-3495-f6_article_1]\",\"resource.type\":\"index_or_alias\",\"resource.id\":\"jm-after-build-bug-fix-ssp-3495-f6_article_1\",\"index_uuid\":\"_na_\",\"index\":\"jm-after-build-bug-fix-ssp-3495-f6_article_1\"}],\"type\":\"index_not_found_exception\",\"reason\":\"no such index [jm-after-build-bug-fix-ssp-3495-f6_article_1]\",\"resource.type\":\"index_or_alias\",\"resource.id\":\"jm-after-build-bug-fix-ssp-3495-f6_article_1\",\"index_uuid\":\"_na_\",\"index\":\"jm-after-build-bug-fix-ssp-3495-f6_article_1\"},\"status\":404}","code":404,"file":"/var/www/html/vendor/elasticsearch/elasticsearch/src/Elasticsearch/Connections/Connection.php:685"}},"level":500,"level_name":"CRITICAL","channel":"app","datetime":"2025-07-18T16:54:40.043339+00:00","extra":{}}
php-fpm-1  | {"message":"[GraphQL] Elasticsearch\\Common\\Exceptions\\Missing404Exception: {\"error\":{\"root_cause\":[{\"type\":\"index_not_found_exception\",\"reason\":\"no such index [jm-after-build-bug-fix-ssp-3495-f6_blog_article_1]\",\"resource.type\":\"index_or_alias\",\"resource.id\":\"jm-after-build-bug-fix-ssp-3495-f6_blog_article_1\",\"index_uuid\":\"_na_\",\"index\":\"jm-after-build-bug-fix-ssp-3495-f6_blog_article_1\"}],\"type\":\"index_not_found_exception\",\"reason\":\"no such index [jm-after-build-bug-fix-ssp-3495-f6_blog_article_1]\",\"resource.type\":\"index_or_alias\",\"resource.id\":\"jm-after-build-bug-fix-ssp-3495-f6_blog_article_1\",\"index_uuid\":\"_na_\",\"index\":\"jm-after-build-bug-fix-ssp-3495-f6_blog_article_1\"},\"status\":404}[404] (caught throwable) at /var/www/html/vendor/elasticsearch/elasticsearch/src/Elasticsearch/Connections/Connection.php line 685.","context":{"exception":{"class":"Elasticsearch\\Common\\Exceptions\\Missing404Exception","message":"{\"error\":{\"root_cause\":[{\"type\":\"index_not_found_exception\",\"reason\":\"no such index [jm-after-build-bug-fix-ssp-3495-f6_blog_article_1]\",\"resource.type\":\"index_or_alias\",\"resource.id\":\"jm-after-build-bug-fix-ssp-3495-f6_blog_article_1\",\"index_uuid\":\"_na_\",\"index\":\"jm-after-build-bug-fix-ssp-3495-f6_blog_article_1\"}],\"type\":\"index_not_found_exception\",\"reason\":\"no such index [jm-after-build-bug-fix-ssp-3495-f6_blog_article_1]\",\"resource.type\":\"index_or_alias\",\"resource.id\":\"jm-after-build-bug-fix-ssp-3495-f6_blog_article_1\",\"index_uuid\":\"_na_\",\"index\":\"jm-after-build-bug-fix-ssp-3495-f6_blog_article_1\"},\"status\":404}","code":404,"file":"/var/www/html/vendor/elasticsearch/elasticsearch/src/Elasticsearch/Connections/Connection.php:685"}},"level":500,"level_name":"CRITICAL","channel":"app","datetime":"2025-07-18T16:54:40.064718+00:00","extra":{}}
php-fpm-1  | {"message":"[GraphQL] Elasticsearch\\Common\\Exceptions\\Missing404Exception: {\"error\":{\"root_cause\":[{\"type\":\"index_not_found_exception\",\"reason\":\"no such index [jm-after-build-bug-fix-ssp-3495-f6_article_2]\",\"resource.type\":\"index_or_alias\",\"resource.id\":\"jm-after-build-bug-fix-ssp-3495-f6_article_2\",\"index_uuid\":\"_na_\",\"index\":\"jm-after-build-bug-fix-ssp-3495-f6_article_2\"}],\"type\":\"index_not_found_exception\",\"reason\":\"no such index [jm-after-build-bug-fix-ssp-3495-f6_article_2]\",\"resource.type\":\"index_or_alias\",\"resource.id\":\"jm-after-build-bug-fix-ssp-3495-f6_article_2\",\"index_uuid\":\"_na_\",\"index\":\"jm-after-build-bug-fix-ssp-3495-f6_article_2\"},\"status\":404}[404] (caught throwable) at /var/www/html/vendor/elasticsearch/elasticsearch/src/Elasticsearch/Connections/Connection.php line 685.","context":{"exception":{"class":"Elasticsearch\\Common\\Exceptions\\Missing404Exception","message":"{\"error\":{\"root_cause\":[{\"type\":\"index_not_found_exception\",\"reason\":\"no such index [jm-after-build-bug-fix-ssp-3495-f6_article_2]\",\"resource.type\":\"index_or_alias\",\"resource.id\":\"jm-after-build-bug-fix-ssp-3495-f6_article_2\",\"index_uuid\":\"_na_\",\"index\":\"jm-after-build-bug-fix-ssp-3495-f6_article_2\"}],\"type\":\"index_not_found_exception\",\"reason\":\"no such index [jm-after-build-bug-fix-ssp-3495-f6_article_2]\",\"resource.type\":\"index_or_alias\",\"resource.id\":\"jm-after-build-bug-fix-ssp-3495-f6_article_2\",\"index_uuid\":\"_na_\",\"index\":\"jm-after-build-bug-fix-ssp-3495-f6_article_2\"},\"status\":404}","code":404,"file":"/var/www/html/vendor/elasticsearch/elasticsearch/src/Elasticsearch/Connections/Connection.php:685"}},"level":500,"level_name":"CRITICAL","channel":"app","datetime":"2025-07-18T16:54:40.141649+00:00","extra":{}}
php-fpm-1  | {"message":"[GraphQL] Elasticsearch\\Common\\Exceptions\\Missing404Exception: {\"error\":{\"root_cause\":[{\"type\":\"index_not_found_exception\",\"reason\":\"no such index [jm-after-build-bug-fix-ssp-3495-f6_product_2]\",\"resource.type\":\"index_or_alias\",\"resource.id\":\"jm-after-build-bug-fix-ssp-3495-f6_product_2\",\"index_uuid\":\"_na_\",\"index\":\"jm-after-build-bug-fix-ssp-3495-f6_product_2\"}],\"type\":\"index_not_found_exception\",\"reason\":\"no such index [jm-after-build-bug-fix-ssp-3495-f6_product_2]\",\"resource.type\":\"index_or_alias\",\"resource.id\":\"jm-after-build-bug-fix-ssp-3495-f6_product_2\",\"index_uuid\":\"_na_\",\"index\":\"jm-after-build-bug-fix-ssp-3495-f6_product_2\"},\"status\":404}[404] (caught throwable) at /var/www/html/vendor/elasticsearch/elasticsearch/src/Elasticsearch/Connections/Connection.php line 685.","context":{"exception":{"class":"Elasticsearch\\Common\\Exceptions\\Missing404Exception","message":"{\"error\":{\"root_cause\":[{\"type\":\"index_not_found_exception\",\"reason\":\"no such index [jm-after-build-bug-fix-ssp-3495-f6_product_2]\",\"resource.type\":\"index_or_alias\",\"resource.id\":\"jm-after-build-bug-fix-ssp-3495-f6_product_2\",\"index_uuid\":\"_na_\",\"index\":\"jm-after-build-bug-fix-ssp-3495-f6_product_2\"}],\"type\":\"index_not_found_exception\",\"reason\":\"no such index [jm-after-build-bug-fix-ssp-3495-f6_product_2]\",\"resource.type\":\"index_or_alias\",\"resource.id\":\"jm-after-build-bug-fix-ssp-3495-f6_product_2\",\"index_uuid\":\"_na_\",\"index\":\"jm-after-build-bug-fix-ssp-3495-f6_product_2\"},\"status\":404}","code":404,"file":"/var/www/html/vendor/elasticsearch/elasticsearch/src/Elasticsearch/Connections/Connection.php:685"}},"level":500,"level_name":"CRITICAL","channel":"app","datetime":"2025-07-18T16:54:40.154782+00:00","extra":{}}
php-fpm-1  | {"message":"[GraphQL] Elasticsearch\\Common\\Exceptions\\Missing404Exception: {\"error\":{\"root_cause\":[{\"type\":\"index_not_found_exception\",\"reason\":\"no such index [jm-after-build-bug-fix-ssp-3495-f6_blog_article_2]\",\"resource.type\":\"index_or_alias\",\"resource.id\":\"jm-after-build-bug-fix-ssp-3495-f6_blog_article_2\",\"index_uuid\":\"_na_\",\"index\":\"jm-after-build-bug-fix-ssp-3495-f6_blog_article_2\"}],\"type\":\"index_not_found_exception\",\"reason\":\"no such index [jm-after-build-bug-fix-ssp-3495-f6_blog_article_2]\",\"resource.type\":\"index_or_alias\",\"resource.id\":\"jm-after-build-bug-fix-ssp-3495-f6_blog_article_2\",\"index_uuid\":\"_na_\",\"index\":\"jm-after-build-bug-fix-ssp-3495-f6_blog_article_2\"},\"status\":404}[404] (caught throwable) at /var/www/html/vendor/elasticsearch/elasticsearch/src/Elasticsearch/Connections/Connection.php line 685.","context":{"exception":{"class":"Elasticsearch\\Common\\Exceptions\\Missing404Exception","message":"{\"error\":{\"root_cause\":[{\"type\":\"index_not_found_exception\",\"reason\":\"no such index [jm-after-build-bug-fix-ssp-3495-f6_blog_article_2]\",\"resource.type\":\"index_or_alias\",\"resource.id\":\"jm-after-build-bug-fix-ssp-3495-f6_blog_article_2\",\"index_uuid\":\"_na_\",\"index\":\"jm-after-build-bug-fix-ssp-3495-f6_blog_article_2\"}],\"type\":\"index_not_found_exception\",\"reason\":\"no such index [jm-after-build-bug-fix-ssp-3495-f6_blog_article_2]\",\"resource.type\":\"index_or_alias\",\"resource.id\":\"jm-after-build-bug-fix-ssp-3495-f6_blog_article_2\",\"index_uuid\":\"_na_\",\"index\":\"jm-after-build-bug-fix-ssp-3495-f6_blog_article_2\"},\"status\":404}","code":404,"file":"/var/www/html/vendor/elasticsearch/elasticsearch/src/Elasticsearch/Connections/Connection.php:685"}},"level":500,"level_name":"CRITICAL","channel":"app","datetime":"2025-07-18T16:54:40.166693+00:00","extra":{}}
php-fpm-1  | NOTICE: PHP message: 🔍 [SLIDER_SERVICE] Starting query execution
php-fpm-1  | NOTICE: PHP message: 🔍 [SLIDER_SERVICE] SliderItemFacade available: YES
php-fpm-1  | NOTICE: PHP message: 🔍 [SLIDER_CONN] Connection established: YES
php-fpm-1  | NOTICE: PHP message: 🔍 [SLIDER_PING] Connection test successful: YES
php-fpm-1  | NOTICE: PHP message: 🔍 [SLIDER] Domain ID: 2
php-fpm-1  | NOTICE: PHP message: 🔍 [SLIDER] Date filter: 2025-07-18 00:00:00
php-fpm-1  | NOTICE: PHP message: 🔍 [SLIDER] Current time: 2025-07-18 16:54:48
php-fpm-1  | NOTICE: PHP message: 🔍 [SLIDER_SQL] Generated SQL: SELECT s0_.gtm_id AS gtm_id_0, s0_.gtm_creative AS gtm_creative_1, s0_.uuid AS uuid_2, s0_.id AS id_3, s0_.name AS name_4, s0_.link AS link_5, s0_.domain_id AS domain_id_6, s0_.position AS position_7, s0_.hidden AS hidden_8, s0_.description AS description_9, s0_.rgb_background_color AS rgb_background_color_10, s0_.opacity AS opacity_11, s0_.datetime_visible_from AS datetime_visible_from_12, s0_.datetime_visible_to AS datetime_visible_to_13 FROM slider_items s0_ WHERE s0_.domain_id = ? AND s0_.hidden = ? AND (s0_.datetime_visible_from IS NULL OR s0_.datetime_visible_from <= ?) AND (s0_.datetime_visible_to IS NULL OR s0_.datetime_visible_to >= ?) ORDER BY s0_.position ASC, s0_.id ASC
php-fpm-1  | NOTICE: PHP message: 🔍 [SLIDER_SQL] Parameters: [{},{},{}]
php-fpm-1  | NOTICE: PHP message: 🔍 [SLIDER_TIMING] Query execution time: 3.9448738098145ms
php-fpm-1  | NOTICE: PHP message: 🔍 [SLIDER_RESULT] Query returned: 0 records
php-fpm-1  | NOTICE: PHP message: ⚠️ [SLIDER_ISSUE] EMPTY RESULT - This is the issue!
php-fpm-1  | NOTICE: PHP message: 🔍 [SLIDER_DIAG] Testing raw SQL equivalent...
php-fpm-1  | NOTICE: PHP message: 🔍 [SLIDER_DIAG] Raw SQL count: 0
php-fpm-1  | NOTICE: PHP message: 🔍 [SLIDER_TIMING] Facade query execution: 6.8140029907227ms
php-fpm-1  | NOTICE: PHP message: 🔍 [SLIDER_RESULT] Final result count: 0
php-fpm-1  | {"message":"[GraphQL] Elasticsearch\\Common\\Exceptions\\Missing404Exception: {\"error\":{\"root_cause\":[{\"type\":\"index_not_found_exception\",\"reason\":\"no such index [jm-after-build-bug-fix-ssp-3495-f6_product_2]\",\"resource.type\":\"index_or_alias\",\"resource.id\":\"jm-after-build-bug-fix-ssp-3495-f6_product_2\",\"index_uuid\":\"_na_\",\"index\":\"jm-after-build-bug-fix-ssp-3495-f6_product_2\"}],\"type\":\"index_not_found_exception\",\"reason\":\"no such index [jm-after-build-bug-fix-ssp-3495-f6_product_2]\",\"resource.type\":\"index_or_alias\",\"resource.id\":\"jm-after-build-bug-fix-ssp-3495-f6_product_2\",\"index_uuid\":\"_na_\",\"index\":\"jm-after-build-bug-fix-ssp-3495-f6_product_2\"},\"status\":404}[404] (caught throwable) at /var/www/html/vendor/elasticsearch/elasticsearch/src/Elasticsearch/Connections/Connection.php line 685.","context":{"exception":{"class":"Elasticsearch\\Common\\Exceptions\\Missing404Exception","message":"{\"error\":{\"root_cause\":[{\"type\":\"index_not_found_exception\",\"reason\":\"no such index [jm-after-build-bug-fix-ssp-3495-f6_product_2]\",\"resource.type\":\"index_or_alias\",\"resource.id\":\"jm-after-build-bug-fix-ssp-3495-f6_product_2\",\"index_uuid\":\"_na_\",\"index\":\"jm-after-build-bug-fix-ssp-3495-f6_product_2\"}],\"type\":\"index_not_found_exception\",\"reason\":\"no such index [jm-after-build-bug-fix-ssp-3495-f6_product_2]\",\"resource.type\":\"index_or_alias\",\"resource.id\":\"jm-after-build-bug-fix-ssp-3495-f6_product_2\",\"index_uuid\":\"_na_\",\"index\":\"jm-after-build-bug-fix-ssp-3495-f6_product_2\"},\"status\":404}","code":404,"file":"/var/www/html/vendor/elasticsearch/elasticsearch/src/Elasticsearch/Connections/Connection.php:685"}},"level":500,"level_name":"CRITICAL","channel":"app","datetime":"2025-07-18T16:54:48.470781+00:00","extra":{}}
php-fpm-1  | {"message":"[GraphQL] Elasticsearch\\Common\\Exceptions\\Missing404Exception: {\"error\":{\"root_cause\":[{\"type\":\"index_not_found_exception\",\"reason\":\"no such index [jm-after-build-bug-fix-ssp-3495-f6_article_2]\",\"resource.type\":\"index_or_alias\",\"resource.id\":\"jm-after-build-bug-fix-ssp-3495-f6_article_2\",\"index_uuid\":\"_na_\",\"index\":\"jm-after-build-bug-fix-ssp-3495-f6_article_2\"}],\"type\":\"index_not_found_exception\",\"reason\":\"no such index [jm-after-build-bug-fix-ssp-3495-f6_article_2]\",\"resource.type\":\"index_or_alias\",\"resource.id\":\"jm-after-build-bug-fix-ssp-3495-f6_article_2\",\"index_uuid\":\"_na_\",\"index\":\"jm-after-build-bug-fix-ssp-3495-f6_article_2\"},\"status\":404}[404] (caught throwable) at /var/www/html/vendor/elasticsearch/elasticsearch/src/Elasticsearch/Connections/Connection.php line 685.","context":{"exception":{"class":"Elasticsearch\\Common\\Exceptions\\Missing404Exception","message":"{\"error\":{\"root_cause\":[{\"type\":\"index_not_found_exception\",\"reason\":\"no such index [jm-after-build-bug-fix-ssp-3495-f6_article_2]\",\"resource.type\":\"index_or_alias\",\"resource.id\":\"jm-after-build-bug-fix-ssp-3495-f6_article_2\",\"index_uuid\":\"_na_\",\"index\":\"jm-after-build-bug-fix-ssp-3495-f6_article_2\"}],\"type\":\"index_not_found_exception\",\"reason\":\"no such index [jm-after-build-bug-fix-ssp-3495-f6_article_2]\",\"resource.type\":\"index_or_alias\",\"resource.id\":\"jm-after-build-bug-fix-ssp-3495-f6_article_2\",\"index_uuid\":\"_na_\",\"index\":\"jm-after-build-bug-fix-ssp-3495-f6_article_2\"},\"status\":404}","code":404,"file":"/var/www/html/vendor/elasticsearch/elasticsearch/src/Elasticsearch/Connections/Connection.php:685"}},"level":500,"level_name":"CRITICAL","channel":"app","datetime":"2025-07-18T16:54:48.555199+00:00","extra":{}}
php-fpm-1  | {"message":"[GraphQL] Elasticsearch\\Common\\Exceptions\\Missing404Exception: {\"error\":{\"root_cause\":[{\"type\":\"index_not_found_exception\",\"reason\":\"no such index [jm-after-build-bug-fix-ssp-3495-f6_blog_article_2]\",\"resource.type\":\"index_or_alias\",\"resource.id\":\"jm-after-build-bug-fix-ssp-3495-f6_blog_article_2\",\"index_uuid\":\"_na_\",\"index\":\"jm-after-build-bug-fix-ssp-3495-f6_blog_article_2\"}],\"type\":\"index_not_found_exception\",\"reason\":\"no such index [jm-after-build-bug-fix-ssp-3495-f6_blog_article_2]\",\"resource.type\":\"index_or_alias\",\"resource.id\":\"jm-after-build-bug-fix-ssp-3495-f6_blog_article_2\",\"index_uuid\":\"_na_\",\"index\":\"jm-after-build-bug-fix-ssp-3495-f6_blog_article_2\"},\"status\":404}[404] (caught throwable) at /var/www/html/vendor/elasticsearch/elasticsearch/src/Elasticsearch/Connections/Connection.php line 685.","context":{"exception":{"class":"Elasticsearch\\Common\\Exceptions\\Missing404Exception","message":"{\"error\":{\"root_cause\":[{\"type\":\"index_not_found_exception\",\"reason\":\"no such index [jm-after-build-bug-fix-ssp-3495-f6_blog_article_2]\",\"resource.type\":\"index_or_alias\",\"resource.id\":\"jm-after-build-bug-fix-ssp-3495-f6_blog_article_2\",\"index_uuid\":\"_na_\",\"index\":\"jm-after-build-bug-fix-ssp-3495-f6_blog_article_2\"}],\"type\":\"index_not_found_exception\",\"reason\":\"no such index [jm-after-build-bug-fix-ssp-3495-f6_blog_article_2]\",\"resource.type\":\"index_or_alias\",\"resource.id\":\"jm-after-build-bug-fix-ssp-3495-f6_blog_article_2\",\"index_uuid\":\"_na_\",\"index\":\"jm-after-build-bug-fix-ssp-3495-f6_blog_article_2\"},\"status\":404}","code":404,"file":"/var/www/html/vendor/elasticsearch/elasticsearch/src/Elasticsearch/Connections/Connection.php:685"}},"level":500,"level_name":"CRITICAL","channel":"app","datetime":"2025-07-18T16:54:48.673503+00:00","extra":{}}
php-fpm-1  | resolveFriendlyUrl: 404 Not Found because friendly URL not found with slug (.git/config) and domainId (1)
php-fpm-1  | resolveFriendlyUrl: 404 Not Found because friendly URL not found with slug (.git/config) and domainId (2)
php-fpm-1  | resolveFriendlyUrl: 404 Not Found because friendly URL not found with slug (.git/config) and domainId (1)
php-fpm-1  | resolveFriendlyUrl: 404 Not Found because friendly URL not found with slug (.git/config) and domainId (2)
php-fpm-1  | resolveFriendlyUrl: 404 Not Found because friendly URL not found with slug (.git/config) and domainId (2)
php-fpm-1  | resolveFriendlyUrl: 404 Not Found because friendly URL not found with slug (.git/config) and domainId (1)
php-fpm-1  | resolveFriendlyUrl: 404 Not Found because friendly URL not found with slug (.git/config) and domainId (2)
php-fpm-1  | resolveFriendlyUrl: 404 Not Found because friendly URL not found with slug (.git/config) and domainId (1)
php-fpm-1  | NOTICE: PHP message: 🔍 [SLIDER_SERVICE] Starting query execution
php-fpm-1  | NOTICE: PHP message: 🔍 [SLIDER_SERVICE] SliderItemFacade available: YES
php-fpm-1  | NOTICE: PHP message: 🔍 [SLIDER_CONN] Connection established: YES
php-fpm-1  | NOTICE: PHP message: 🔍 [SLIDER_PING] Connection test successful: YES
php-fpm-1  | NOTICE: PHP message: 🔍 [SLIDER] Domain ID: 1
php-fpm-1  | NOTICE: PHP message: 🔍 [SLIDER] Date filter: 2025-07-18 00:00:00
php-fpm-1  | NOTICE: PHP message: 🔍 [SLIDER] Current time: 2025-07-18 16:55:32
php-fpm-1  | NOTICE: PHP message: 🔍 [SLIDER_SQL] Generated SQL: SELECT s0_.gtm_id AS gtm_id_0, s0_.gtm_creative AS gtm_creative_1, s0_.uuid AS uuid_2, s0_.id AS id_3, s0_.name AS name_4, s0_.link AS link_5, s0_.domain_id AS domain_id_6, s0_.position AS position_7, s0_.hidden AS hidden_8, s0_.description AS description_9, s0_.rgb_background_color AS rgb_background_color_10, s0_.opacity AS opacity_11, s0_.datetime_visible_from AS datetime_visible_from_12, s0_.datetime_visible_to AS datetime_visible_to_13 FROM slider_items s0_ WHERE s0_.domain_id = ? AND s0_.hidden = ? AND (s0_.datetime_visible_from IS NULL OR s0_.datetime_visible_from <= ?) AND (s0_.datetime_visible_to IS NULL OR s0_.datetime_visible_to >= ?) ORDER BY s0_.position ASC, s0_.id ASC
php-fpm-1  | NOTICE: PHP message: 🔍 [SLIDER_SQL] Parameters: [{},{},{}]
php-fpm-1  | NOTICE: PHP message: 🔍 [SLIDER_TIMING] Query execution time: 2.8190612792969ms
php-fpm-1  | NOTICE: PHP message: 🔍 [SLIDER_RESULT] Query returned: 3 records
php-fpm-1  | NOTICE: PHP message: 🔍 [SLIDER_TIMING] Facade query execution: 4.4219493865967ms
php-fpm-1  | NOTICE: PHP message: 🔍 [SLIDER_RESULT] Final result count: 3
php-fpm-1  | resolveFriendlyUrl: 404 Not Found because friendly URL not found with slug (.git/config) and domainId (1)
php-fpm-1  | resolveFriendlyUrl: 404 Not Found because friendly URL not found with slug (.git/config) and domainId (2)
php-fpm-1  | resolveFriendlyUrl: 404 Not Found because friendly URL not found with slug (.git/config) and domainId (2)
php-fpm-1  | resolveFriendlyUrl: 404 Not Found because friendly URL not found with slug (.git/config) and domainId (2)
php-fpm-1  | {"message":"Error thrown while running command \"shopsys:cron --instance-name=dataBridgeImport\". Message: \"An exception occurred while executing a query: SQLSTATE[23505]: Unique violation: 7 ERROR:  duplicate key value violates unique constraint \"cron_modules_pkey\"\nDETAIL:  Key (service_id)=(Shopsys\\FrameworkBundle\\Component\\Cron\\DeleteOldCronModuleRunsCronModule) already exists.\"","context":{"exception":{"class":"Doctrine\\DBAL\\Exception\\UniqueConstraintViolationException","message":"An exception occurred while executing a query: SQLSTATE[23505]: Unique violation: 7 ERROR:  duplicate key value violates unique constraint \"cron_modules_pkey\"\nDETAIL:  Key (service_id)=(Shopsys\\FrameworkBundle\\Component\\Cron\\DeleteOldCronModuleRunsCronModule) already exists.","code":7,"file":"/var/www/html/vendor/doctrine/dbal/src/Driver/API/PostgreSQL/ExceptionConverter.php:53","previous":{"class":"Doctrine\\DBAL\\Driver\\PDO\\Exception","message":"SQLSTATE[23505]: Unique violation: 7 ERROR:  duplicate key value violates unique constraint \"cron_modules_pkey\"\nDETAIL:  Key (service_id)=(Shopsys\\FrameworkBundle\\Component\\Cron\\DeleteOldCronModuleRunsCronModule) already exists.","code":7,"file":"/var/www/html/vendor/doctrine/dbal/src/Driver/PDO/Exception.php:24","previous":{"class":"PDOException","message":"SQLSTATE[23505]: Unique violation: 7 ERROR:  duplicate key value violates unique constraint \"cron_modules_pkey\"\nDETAIL:  Key (service_id)=(Shopsys\\FrameworkBundle\\Component\\Cron\\DeleteOldCronModuleRunsCronModule) already exists.","code":23505,"file":"/var/www/html/vendor/doctrine/dbal/src/Driver/PDO/Statement.php:130"}}},"command":"shopsys:cron --instance-name=dataBridgeImport","message":"An exception occurred while executing a query: SQLSTATE[23505]: Unique violation: 7 ERROR:  duplicate key value violates unique constraint \"cron_modules_pkey\"\nDETAIL:  Key (service_id)=(Shopsys\\FrameworkBundle\\Component\\Cron\\DeleteOldCronModuleRunsCronModule) already exists."},"level":500,"level_name":"CRITICAL","channel":"console","datetime":"2025-07-18T16:59:01.706697+00:00","extra":{}}
php-fpm-1  | {"message":"Error thrown while running command \"shopsys:cron --instance-name=gopay\". Message: \"An exception occurred while executing a query: SQLSTATE[23505]: Unique violation: 7 ERROR:  duplicate key value violates unique constraint \"cron_modules_pkey\"\nDETAIL:  Key (service_id)=(Shopsys\\FrameworkBundle\\Model\\Feed\\FeedCronModule) already exists.\"","context":{"exception":{"class":"Doctrine\\DBAL\\Exception\\UniqueConstraintViolationException","message":"An exception occurred while executing a query: SQLSTATE[23505]: Unique violation: 7 ERROR:  duplicate key value violates unique constraint \"cron_modules_pkey\"\nDETAIL:  Key (service_id)=(Shopsys\\FrameworkBundle\\Model\\Feed\\FeedCronModule) already exists.","code":7,"file":"/var/www/html/vendor/doctrine/dbal/src/Driver/API/PostgreSQL/ExceptionConverter.php:53","previous":{"class":"Doctrine\\DBAL\\Driver\\PDO\\Exception","message":"SQLSTATE[23505]: Unique violation: 7 ERROR:  duplicate key value violates unique constraint \"cron_modules_pkey\"\nDETAIL:  Key (service_id)=(Shopsys\\FrameworkBundle\\Model\\Feed\\FeedCronModule) already exists.","code":7,"file":"/var/www/html/vendor/doctrine/dbal/src/Driver/PDO/Exception.php:24","previous":{"class":"PDOException","message":"SQLSTATE[23505]: Unique violation: 7 ERROR:  duplicate key value violates unique constraint \"cron_modules_pkey\"\nDETAIL:  Key (service_id)=(Shopsys\\FrameworkBundle\\Model\\Feed\\FeedCronModule) already exists.","code":23505,"file":"/var/www/html/vendor/doctrine/dbal/src/Driver/PDO/Statement.php:130"}}},"command":"shopsys:cron --instance-name=gopay","message":"An exception occurred while executing a query: SQLSTATE[23505]: Unique violation: 7 ERROR:  duplicate key value violates unique constraint \"cron_modules_pkey\"\nDETAIL:  Key (service_id)=(Shopsys\\FrameworkBundle\\Model\\Feed\\FeedCronModule) already exists."},"level":500,"level_name":"CRITICAL","channel":"console","datetime":"2025-07-18T16:59:01.713691+00:00","extra":{}}
php-fpm-1  | {"message":"Start of cron instance","context":{},"level":200,"level_name":"INFO","channel":"cron","datetime":"2025-07-18T16:59:01.738198+00:00","extra":{"instance":"products","runId":"687a7d55b437f2.04302296"}}
php-fpm-1  | {"message":"End of cron instance","context":{},"level":200,"level_name":"INFO","channel":"cron","datetime":"2025-07-18T16:59:01.741982+00:00","extra":{"instance":"products","runId":"687a7d55b437f2.04302296"}}
php-fpm-1  | {"message":"Start of cron instance","context":{},"level":200,"level_name":"INFO","channel":"cron","datetime":"2025-07-18T16:59:01.745428+00:00","extra":{"instance":"export","runId":"687a7d55b5fbd6.51459776"}}
php-fpm-1  | {"message":"Cron module started","context":{},"level":200,"level_name":"INFO","channel":"cron","datetime":"2025-07-18T16:59:01.750509+00:00","extra":{"module":"FeedCronModule","instance":"export","runId":"687a7d55b5fbd6.51459776"}}
php-fpm-1  | {"message":"Queue is empty, no feeds to process.","context":{},"level":200,"level_name":"INFO","channel":"cron","datetime":"2025-07-18T16:59:01.757948+00:00","extra":{"module":"FeedCronModule","instance":"export","runId":"687a7d55b5fbd6.51459776"}}
php-fpm-1  | {"message":"Cron module ended","context":{"status":"ok"},"level":200,"level_name":"INFO","channel":"cron","datetime":"2025-07-18T16:59:01.769295+00:00","extra":{"module":"FeedCronModule","instance":"export","runId":"687a7d55b5fbd6.51459776"}}
php-fpm-1  | {"message":"End of cron instance","context":{},"level":200,"level_name":"INFO","channel":"cron","datetime":"2025-07-18T16:59:01.769736+00:00","extra":{"instance":"export","runId":"687a7d55b5fbd6.51459776"}}
github-runner@odin:~/actions-runner/_work/shopsys/shopsys/jm-after-build-bug-fix-ssp-3495-f6$
