php-fpm-1  | [18-Jul-2025 17:35:23] NOTICE: [pool www] 'user' directive is ignored when FPM is not running as root
php-fpm-1  | [18-Jul-2025 17:35:23] NOTICE: [pool www] 'group' directive is ignored when FPM is not running as root
php-fpm-1  | [18-Jul-2025 17:35:23] NOTICE: fpm is running, pid 1
php-fpm-1  | [18-Jul-2025 17:35:23] NOTICE: ready to handle connections
php-fpm-1  | {"message":"Migrating up to Shopsys\\FrameworkBundle\\Migrations\\Version20250612072749","context":{"direction":"up","to":"Shopsys\\FrameworkBundle\\Migrations\\Version20250612072749"},"level":250,"level_name":"NOTICE","channel":"app","datetime":"2025-07-18T17:35:39.142148+00:00","extra":{}}
php-fpm-1  | {"message":"finished in 1612.5ms, used 52.5M memory, 361 migrations executed, 343376 sql queries","context":{"duration":1612.5,"memory":"52.5M","migrations_count":361,"queries_count":343376},"level":250,"level_name":"NOTICE","channel":"app","datetime":"2025-07-18T17:35:40.757372+00:00","extra":{}}
php-fpm-1  | resolveFriendlyUrl: 404 Not Found because friendly URL not found with slug (.git/config) and domainId (1)
php-fpm-1  | resolveFriendlyUrl: 404 Not Found because friendly URL not found with slug (.git/config) and domainId (2)
php-fpm-1  | {"message":"Uncaught PHP Exception Shopsys\\FrameworkBundle\\Component\\Domain\\Exception\\UnableToResolveDomainException: \"Unable to resolve domain for URL \"http://webserver:8080\". Check your configuration in \"config/domains_urls.yaml\".\" at Domain.php line 179","context":{"exception":{"class":"Shopsys\\FrameworkBundle\\Component\\Domain\\Exception\\UnableToResolveDomainException","message":"Unable to resolve domain for URL \"http://webserver:8080\". Check your configuration in \"config/domains_urls.yaml\".","code":0,"file":"/var/www/html/packages/framework/src/Component/Domain/Domain.php:179"}},"level":500,"level_name":"CRITICAL","channel":"request","datetime":"2025-07-18T17:35:44.484143+00:00","extra":{"errorId":"hWA9CUqina"}}
php-fpm-1  | {"message":"Uncaught PHP Exception Shopsys\\FrameworkBundle\\Component\\Domain\\Exception\\UnableToResolveDomainException: \"Unable to resolve domain for URL \"http://webserver:8080\". Check your configuration in \"config/domains_urls.yaml\".\" at Domain.php line 179","context":{"exception":{"class":"Shopsys\\FrameworkBundle\\Component\\Domain\\Exception\\UnableToResolveDomainException","message":"Unable to resolve domain for URL \"http://webserver:8080\". Check your configuration in \"config/domains_urls.yaml\".","code":0,"file":"/var/www/html/packages/framework/src/Component/Domain/Domain.php:179"}},"level":500,"level_name":"CRITICAL","channel":"request","datetime":"2025-07-18T17:35:44.483379+00:00","extra":{"errorId":"zBgNtIPX4X"}}
php-fpm-1  | {"message":"Uncaught PHP Exception Shopsys\\FrameworkBundle\\Component\\Domain\\Exception\\UnableToResolveDomainException: \"Unable to resolve domain for URL \"http://webserver:8080\". Check your configuration in \"config/domains_urls.yaml\".\" at Domain.php line 179","context":{"exception":{"class":"Shopsys\\FrameworkBundle\\Component\\Domain\\Exception\\UnableToResolveDomainException","message":"Unable to resolve domain for URL \"http://webserver:8080\". Check your configuration in \"config/domains_urls.yaml\".","code":0,"file":"/var/www/html/packages/framework/src/Component/Domain/Domain.php:179"}},"level":500,"level_name":"CRITICAL","channel":"request","datetime":"2025-07-18T17:35:44.739669+00:00","extra":{"errorId":"7pnsOmNJ38"}}
php-fpm-1  | {"message":"Uncaught PHP Exception Shopsys\\FrameworkBundle\\Component\\Domain\\Exception\\UnableToResolveDomainException: \"Unable to resolve domain for URL \"http://webserver:8080\". Check your configuration in \"config/domains_urls.yaml\".\" at Domain.php line 179","context":{"exception":{"class":"Shopsys\\FrameworkBundle\\Component\\Domain\\Exception\\UnableToResolveDomainException","message":"Unable to resolve domain for URL \"http://webserver:8080\". Check your configuration in \"config/domains_urls.yaml\".","code":0,"file":"/var/www/html/packages/framework/src/Component/Domain/Domain.php:179"}},"level":500,"level_name":"CRITICAL","channel":"request","datetime":"2025-07-18T17:35:44.769211+00:00","extra":{"errorId":"pjs6U3Ivn5"}}
php-fpm-1  | {"message":"[GraphQL] Elasticsearch\\Common\\Exceptions\\Missing404Exception: {\"error\":{\"root_cause\":[{\"type\":\"index_not_found_exception\",\"reason\":\"no such index [jm-after-build-bug-fix-ssp-3495-f8_article_2]\",\"resource.type\":\"index_or_alias\",\"resource.id\":\"jm-after-build-bug-fix-ssp-3495-f8_article_2\",\"index_uuid\":\"_na_\",\"index\":\"jm-after-build-bug-fix-ssp-3495-f8_article_2\"}],\"type\":\"index_not_found_exception\",\"reason\":\"no such index [jm-after-build-bug-fix-ssp-3495-f8_article_2]\",\"resource.type\":\"index_or_alias\",\"resource.id\":\"jm-after-build-bug-fix-ssp-3495-f8_article_2\",\"index_uuid\":\"_na_\",\"index\":\"jm-after-build-bug-fix-ssp-3495-f8_article_2\"},\"status\":404}[404] (caught throwable) at /var/www/html/vendor/elasticsearch/elasticsearch/src/Elasticsearch/Connections/Connection.php line 685.","context":{"exception":{"class":"Elasticsearch\\Common\\Exceptions\\Missing404Exception","message":"{\"error\":{\"root_cause\":[{\"type\":\"index_not_found_exception\",\"reason\":\"no such index [jm-after-build-bug-fix-ssp-3495-f8_article_2]\",\"resource.type\":\"index_or_alias\",\"resource.id\":\"jm-after-build-bug-fix-ssp-3495-f8_article_2\",\"index_uuid\":\"_na_\",\"index\":\"jm-after-build-bug-fix-ssp-3495-f8_article_2\"}],\"type\":\"index_not_found_exception\",\"reason\":\"no such index [jm-after-build-bug-fix-ssp-3495-f8_article_2]\",\"resource.type\":\"index_or_alias\",\"resource.id\":\"jm-after-build-bug-fix-ssp-3495-f8_article_2\",\"index_uuid\":\"_na_\",\"index\":\"jm-after-build-bug-fix-ssp-3495-f8_article_2\"},\"status\":404}","code":404,"file":"/var/www/html/vendor/elasticsearch/elasticsearch/src/Elasticsearch/Connections/Connection.php:685"}},"level":500,"level_name":"CRITICAL","channel":"app","datetime":"2025-07-18T17:35:45.545804+00:00","extra":{}}
php-fpm-1  | {"message":"[GraphQL] Elasticsearch\\Common\\Exceptions\\Missing404Exception: {\"error\":{\"root_cause\":[{\"type\":\"index_not_found_exception\",\"reason\":\"no such index [jm-after-build-bug-fix-ssp-3495-f8_article_1]\",\"resource.type\":\"index_or_alias\",\"resource.id\":\"jm-after-build-bug-fix-ssp-3495-f8_article_1\",\"index_uuid\":\"_na_\",\"index\":\"jm-after-build-bug-fix-ssp-3495-f8_article_1\"}],\"type\":\"index_not_found_exception\",\"reason\":\"no such index [jm-after-build-bug-fix-ssp-3495-f8_article_1]\",\"resource.type\":\"index_or_alias\",\"resource.id\":\"jm-after-build-bug-fix-ssp-3495-f8_article_1\",\"index_uuid\":\"_na_\",\"index\":\"jm-after-build-bug-fix-ssp-3495-f8_article_1\"},\"status\":404}[404] (caught throwable) at /var/www/html/vendor/elasticsearch/elasticsearch/src/Elasticsearch/Connections/Connection.php line 685.","context":{"exception":{"class":"Elasticsearch\\Common\\Exceptions\\Missing404Exception","message":"{\"error\":{\"root_cause\":[{\"type\":\"index_not_found_exception\",\"reason\":\"no such index [jm-after-build-bug-fix-ssp-3495-f8_article_1]\",\"resource.type\":\"index_or_alias\",\"resource.id\":\"jm-after-build-bug-fix-ssp-3495-f8_article_1\",\"index_uuid\":\"_na_\",\"index\":\"jm-after-build-bug-fix-ssp-3495-f8_article_1\"}],\"type\":\"index_not_found_exception\",\"reason\":\"no such index [jm-after-build-bug-fix-ssp-3495-f8_article_1]\",\"resource.type\":\"index_or_alias\",\"resource.id\":\"jm-after-build-bug-fix-ssp-3495-f8_article_1\",\"index_uuid\":\"_na_\",\"index\":\"jm-after-build-bug-fix-ssp-3495-f8_article_1\"},\"status\":404}","code":404,"file":"/var/www/html/vendor/elasticsearch/elasticsearch/src/Elasticsearch/Connections/Connection.php:685"}},"level":500,"level_name":"CRITICAL","channel":"app","datetime":"2025-07-18T17:35:45.591653+00:00","extra":{}}
php-fpm-1  | resolveFriendlyUrl: 404 Not Found because friendly URL not found with slug (.git/config) and domainId (2)
php-fpm-1  | resolveFriendlyUrl: 404 Not Found because friendly URL not found with slug (.git/config) and domainId (1)
php-fpm-1  | {"message":"[GraphQL] Elasticsearch\\Common\\Exceptions\\Missing404Exception: {\"error\":{\"root_cause\":[{\"type\":\"index_not_found_exception\",\"reason\":\"no such index [jm-after-build-bug-fix-ssp-3495-f8_article_2]\",\"resource.type\":\"index_or_alias\",\"resource.id\":\"jm-after-build-bug-fix-ssp-3495-f8_article_2\",\"index_uuid\":\"_na_\",\"index\":\"jm-after-build-bug-fix-ssp-3495-f8_article_2\"}],\"type\":\"index_not_found_exception\",\"reason\":\"no such index [jm-after-build-bug-fix-ssp-3495-f8_article_2]\",\"resource.type\":\"index_or_alias\",\"resource.id\":\"jm-after-build-bug-fix-ssp-3495-f8_article_2\",\"index_uuid\":\"_na_\",\"index\":\"jm-after-build-bug-fix-ssp-3495-f8_article_2\"},\"status\":404}[404] (caught throwable) at /var/www/html/vendor/elasticsearch/elasticsearch/src/Elasticsearch/Connections/Connection.php line 685.","context":{"exception":{"class":"Elasticsearch\\Common\\Exceptions\\Missing404Exception","message":"{\"error\":{\"root_cause\":[{\"type\":\"index_not_found_exception\",\"reason\":\"no such index [jm-after-build-bug-fix-ssp-3495-f8_article_2]\",\"resource.type\":\"index_or_alias\",\"resource.id\":\"jm-after-build-bug-fix-ssp-3495-f8_article_2\",\"index_uuid\":\"_na_\",\"index\":\"jm-after-build-bug-fix-ssp-3495-f8_article_2\"}],\"type\":\"index_not_found_exception\",\"reason\":\"no such index [jm-after-build-bug-fix-ssp-3495-f8_article_2]\",\"resource.type\":\"index_or_alias\",\"resource.id\":\"jm-after-build-bug-fix-ssp-3495-f8_article_2\",\"index_uuid\":\"_na_\",\"index\":\"jm-after-build-bug-fix-ssp-3495-f8_article_2\"},\"status\":404}","code":404,"file":"/var/www/html/vendor/elasticsearch/elasticsearch/src/Elasticsearch/Connections/Connection.php:685"}},"level":500,"level_name":"CRITICAL","channel":"app","datetime":"2025-07-18T17:35:46.045833+00:00","extra":{}}
php-fpm-1  | {"message":"[GraphQL] Elasticsearch\\Common\\Exceptions\\Missing404Exception: {\"error\":{\"root_cause\":[{\"type\":\"index_not_found_exception\",\"reason\":\"no such index [jm-after-build-bug-fix-ssp-3495-f8_article_1]\",\"resource.type\":\"index_or_alias\",\"resource.id\":\"jm-after-build-bug-fix-ssp-3495-f8_article_1\",\"index_uuid\":\"_na_\",\"index\":\"jm-after-build-bug-fix-ssp-3495-f8_article_1\"}],\"type\":\"index_not_found_exception\",\"reason\":\"no such index [jm-after-build-bug-fix-ssp-3495-f8_article_1]\",\"resource.type\":\"index_or_alias\",\"resource.id\":\"jm-after-build-bug-fix-ssp-3495-f8_article_1\",\"index_uuid\":\"_na_\",\"index\":\"jm-after-build-bug-fix-ssp-3495-f8_article_1\"},\"status\":404}[404] (caught throwable) at /var/www/html/vendor/elasticsearch/elasticsearch/src/Elasticsearch/Connections/Connection.php line 685.","context":{"exception":{"class":"Elasticsearch\\Common\\Exceptions\\Missing404Exception","message":"{\"error\":{\"root_cause\":[{\"type\":\"index_not_found_exception\",\"reason\":\"no such index [jm-after-build-bug-fix-ssp-3495-f8_article_1]\",\"resource.type\":\"index_or_alias\",\"resource.id\":\"jm-after-build-bug-fix-ssp-3495-f8_article_1\",\"index_uuid\":\"_na_\",\"index\":\"jm-after-build-bug-fix-ssp-3495-f8_article_1\"}],\"type\":\"index_not_found_exception\",\"reason\":\"no such index [jm-after-build-bug-fix-ssp-3495-f8_article_1]\",\"resource.type\":\"index_or_alias\",\"resource.id\":\"jm-after-build-bug-fix-ssp-3495-f8_article_1\",\"index_uuid\":\"_na_\",\"index\":\"jm-after-build-bug-fix-ssp-3495-f8_article_1\"},\"status\":404}","code":404,"file":"/var/www/html/vendor/elasticsearch/elasticsearch/src/Elasticsearch/Connections/Connection.php:685"}},"level":500,"level_name":"CRITICAL","channel":"app","datetime":"2025-07-18T17:35:46.181499+00:00","extra":{}}
php-fpm-1  | {"message":"[GraphQL] Elasticsearch\\Common\\Exceptions\\Missing404Exception: {\"error\":{\"root_cause\":[{\"type\":\"index_not_found_exception\",\"reason\":\"no such index [jm-after-build-bug-fix-ssp-3495-f8_product_2]\",\"resource.type\":\"index_or_alias\",\"resource.id\":\"jm-after-build-bug-fix-ssp-3495-f8_product_2\",\"index_uuid\":\"_na_\",\"index\":\"jm-after-build-bug-fix-ssp-3495-f8_product_2\"}],\"type\":\"index_not_found_exception\",\"reason\":\"no such index [jm-after-build-bug-fix-ssp-3495-f8_product_2]\",\"resource.type\":\"index_or_alias\",\"resource.id\":\"jm-after-build-bug-fix-ssp-3495-f8_product_2\",\"index_uuid\":\"_na_\",\"index\":\"jm-after-build-bug-fix-ssp-3495-f8_product_2\"},\"status\":404}[404] (caught throwable) at /var/www/html/vendor/elasticsearch/elasticsearch/src/Elasticsearch/Connections/Connection.php line 685.","context":{"exception":{"class":"Elasticsearch\\Common\\Exceptions\\Missing404Exception","message":"{\"error\":{\"root_cause\":[{\"type\":\"index_not_found_exception\",\"reason\":\"no such index [jm-after-build-bug-fix-ssp-3495-f8_product_2]\",\"resource.type\":\"index_or_alias\",\"resource.id\":\"jm-after-build-bug-fix-ssp-3495-f8_product_2\",\"index_uuid\":\"_na_\",\"index\":\"jm-after-build-bug-fix-ssp-3495-f8_product_2\"}],\"type\":\"index_not_found_exception\",\"reason\":\"no such index [jm-after-build-bug-fix-ssp-3495-f8_product_2]\",\"resource.type\":\"index_or_alias\",\"resource.id\":\"jm-after-build-bug-fix-ssp-3495-f8_product_2\",\"index_uuid\":\"_na_\",\"index\":\"jm-after-build-bug-fix-ssp-3495-f8_product_2\"},\"status\":404}","code":404,"file":"/var/www/html/vendor/elasticsearch/elasticsearch/src/Elasticsearch/Connections/Connection.php:685"}},"level":500,"level_name":"CRITICAL","channel":"app","datetime":"2025-07-18T17:35:50.758910+00:00","extra":{}}
php-fpm-1  | NOTICE: PHP message: 🔍 [SERVICE] Starting query execution
php-fpm-1  | NOTICE: PHP message: 🔍 [TEST] PromotedCategoriesQuery::promotedCategoriesQuery() was called!
php-fpm-1  | NOTICE: PHP message: 🔍 [SERVICE] EntityManager available: YES
php-fpm-1  | NOTICE: PHP message: 🔍 [SERVICE] Domain service available: YES
php-fpm-1  | NOTICE: PHP message: 🔍 [TIMING] Domain config retrieval: 0.011920928955078ms
php-fpm-1  | NOTICE: PHP message: 🔍 [SERVICE] Domain config retrieved successfully
php-fpm-1  | NOTICE: PHP message: 🔍 [PROMOTED_CONN] Connection established: YES
php-fpm-1  | NOTICE: PHP message: 🔍 [PROMOTED_PING] Connection test successful: YES
php-fpm-1  | NOTICE: PHP message: 🔍 [PROMOTED] Domain: 2.shopsys (ID: 2)
php-fpm-1  | NOTICE: PHP message: 🔍 [PROMOTED] Locale: cs
php-fpm-1  | NOTICE: PHP message: 🔍 [PROMOTED] URL: https://cz.jm-after-build-bug-fix-ssp-3495-f8.odin.shopsys.cloud
php-fpm-1  | NOTICE: PHP message: 🔍 [PROMOTED] Base query builder created
php-fpm-1  | NOTICE: PHP message: 🔍 [PROMOTED_SQL] Generated SQL: SELECT c0_.id AS id_0, c0_.uuid AS uuid_1, c0_.level AS level_2, c0_.lft AS lft_3, c0_.rgt AS rgt_4, c0_.automated_filters AS automated_filters_5, c1_.id AS id_6, c1_.domain_id AS domain_id_7, c1_.seo_title AS seo_title_8, c1_.seo_meta_description AS seo_meta_description_9, c1_.seo_h1 AS seo_h1_10, c1_.enabled AS enabled_11, c1_.visible AS visible_12, c1_.description AS description_13, c2_.name AS name_14, c2_.id AS id_15, c2_.locale AS locale_16, c0_.parent_id AS parent_id_17, c1_.category_id AS category_id_18, c2_.translatable_id AS translatable_id_19 FROM categories c0_ INNER JOIN category_domains c1_ ON c0_.id = c1_.category_id AND (c1_.domain_id = ? AND c1_.visible = true) INNER JOIN categories_top c3_ ON (c3_.category_id = c0_.id AND c3_.domain_id = ?) INNER JOIN category_translations c2_ ON c0_.id = c2_.translatable_id AND (c2_.locale = ?) WHERE c0_.parent_id IS NOT NULL ORDER BY c3_.position ASC
php-fpm-1  | NOTICE: PHP message: 🔍 [PROMOTED_SQL] Parameters: [{},{}]
php-fpm-1  | NOTICE: PHP message: 🔍 [SLIDER_SERVICE] Starting query execution
php-fpm-1  | NOTICE: PHP message: 🔍 [SLIDER_SERVICE] SliderItemFacade available: YES
php-fpm-1  | NOTICE: PHP message: 🔍 [SLIDER_CONN] Connection established: YES
php-fpm-1  | NOTICE: PHP message: 🔍 [SLIDER_PING] Connection test successful: YES
php-fpm-1  | NOTICE: PHP message: 🔍 [SLIDER] Domain ID: 2
php-fpm-1  | NOTICE: PHP message: 🔍 [SLIDER] Date filter: 2025-07-18 00:00:00
php-fpm-1  | NOTICE: PHP message: 🔍 [SLIDER] Current time: 2025-07-18 17:35:50
php-fpm-1  | NOTICE: PHP message: 🔍 [SLIDER_SQL] Generated SQL: SELECT s0_.gtm_id AS gtm_id_0, s0_.gtm_creative AS gtm_creative_1, s0_.uuid AS uuid_2, s0_.id AS id_3, s0_.name AS name_4, s0_.link AS link_5, s0_.domain_id AS domain_id_6, s0_.position AS position_7, s0_.hidden AS hidden_8, s0_.description AS description_9, s0_.rgb_background_color AS rgb_background_color_10, s0_.opacity AS opacity_11, s0_.datetime_visible_from AS datetime_visible_from_12, s0_.datetime_visible_to AS datetime_visible_to_13 FROM slider_items s0_ WHERE s0_.domain_id = ? AND s0_.hidden = ? AND (s0_.datetime_visible_from IS NULL OR s0_.datetime_visible_from <= ?) AND (s0_.datetime_visible_to IS NULL OR s0_.datetime_visible_to >= ?) ORDER BY s0_.position ASC, s0_.id ASC
php-fpm-1  | NOTICE: PHP message: 🔍 [SLIDER_SQL] Parameters: [{},{},{}]
php-fpm-1  | NOTICE: PHP message: 🔍 [PROMOTED_TIMING] Query execution time: 10.051965713501ms
php-fpm-1  | NOTICE: PHP message: 🔍 [PROMOTED_RESULT] Query returned: 0 records
php-fpm-1  | NOTICE: PHP message: ⚠️ [PROMOTED_ISSUE] EMPTY RESULT - This is the issue!
php-fpm-1  | NOTICE: PHP message: 🔍 [PROMOTED_DIAG] Testing raw SQL equivalent...
php-fpm-1  | NOTICE: PHP message: 🔍 [PROMOTED_DIAG] Raw SQL returned: 0 records
php-fpm-1  | NOTICE: PHP message: 🔍 [PROMOTED_DIAG] Raw SQL also returns empty - no data exists
php-fpm-1  | NOTICE: PHP message: 🔍 [TIMING] Facade query execution: 15.018939971924ms
php-fpm-1  | NOTICE: PHP message: 🔍 [PROMOTED_FINAL] Final result count: 0
php-fpm-1  | NOTICE: PHP message: 🔍 [SLIDER_TIMING] Query execution time: 3.9830207824707ms
php-fpm-1  | NOTICE: PHP message: 🔍 [SLIDER_RESULT] Query returned: 0 records
php-fpm-1  | NOTICE: PHP message: ⚠️ [SLIDER_ISSUE] EMPTY RESULT - This is the issue!
php-fpm-1  | NOTICE: PHP message: 🔍 [SLIDER_DIAG] Testing raw SQL equivalent...
php-fpm-1  | NOTICE: PHP message: 🔍 [SLIDER_DIAG] Raw SQL count: 0
php-fpm-1  | NOTICE: PHP message: 🔍 [SLIDER_TIMING] Facade query execution: 9.1049671173096ms
php-fpm-1  | NOTICE: PHP message: 🔍 [SLIDER_RESULT] Final result count: 0
php-fpm-1  | NOTICE: PHP message: 🔍 [SLIDER_SERVICE] Starting query execution
php-fpm-1  | NOTICE: PHP message: 🔍 [SLIDER_SERVICE] SliderItemFacade available: YES
php-fpm-1  | NOTICE: PHP message: 🔍 [SLIDER_CONN] Connection established: YES
php-fpm-1  | NOTICE: PHP message: 🔍 [SLIDER_PING] Connection test successful: YES
php-fpm-1  | NOTICE: PHP message: 🔍 [SLIDER] Domain ID: 1
php-fpm-1  | NOTICE: PHP message: 🔍 [SLIDER] Date filter: 2025-07-18 00:00:00
php-fpm-1  | NOTICE: PHP message: 🔍 [SLIDER] Current time: 2025-07-18 17:35:51
php-fpm-1  | NOTICE: PHP message: 🔍 [SLIDER_SQL] Generated SQL: SELECT s0_.gtm_id AS gtm_id_0, s0_.gtm_creative AS gtm_creative_1, s0_.uuid AS uuid_2, s0_.id AS id_3, s0_.name AS name_4, s0_.link AS link_5, s0_.domain_id AS domain_id_6, s0_.position AS position_7, s0_.hidden AS hidden_8, s0_.description AS description_9, s0_.rgb_background_color AS rgb_background_color_10, s0_.opacity AS opacity_11, s0_.datetime_visible_from AS datetime_visible_from_12, s0_.datetime_visible_to AS datetime_visible_to_13 FROM slider_items s0_ WHERE s0_.domain_id = ? AND s0_.hidden = ? AND (s0_.datetime_visible_from IS NULL OR s0_.datetime_visible_from <= ?) AND (s0_.datetime_visible_to IS NULL OR s0_.datetime_visible_to >= ?) ORDER BY s0_.position ASC, s0_.id ASC
php-fpm-1  | NOTICE: PHP message: 🔍 [SLIDER_SQL] Parameters: [{},{},{}]
php-fpm-1  | NOTICE: PHP message: 🔍 [SLIDER_TIMING] Query execution time: 2.4380683898926ms
php-fpm-1  | NOTICE: PHP message: 🔍 [SLIDER_RESULT] Query returned: 0 records
php-fpm-1  | NOTICE: PHP message: ⚠️ [SLIDER_ISSUE] EMPTY RESULT - This is the issue!
php-fpm-1  | NOTICE: PHP message: 🔍 [SLIDER_DIAG] Testing raw SQL equivalent...
php-fpm-1  | NOTICE: PHP message: 🔍 [SLIDER_DIAG] Raw SQL count: 0
php-fpm-1  | NOTICE: PHP message: 🔍 [SLIDER_TIMING] Facade query execution: 4.4491291046143ms
php-fpm-1  | NOTICE: PHP message: 🔍 [SLIDER_RESULT] Final result count: 0
php-fpm-1  | NOTICE: PHP message: 🔍 [SERVICE] Starting query execution
php-fpm-1  | NOTICE: PHP message: 🔍 [TEST] PromotedCategoriesQuery::promotedCategoriesQuery() was called!
php-fpm-1  | NOTICE: PHP message: 🔍 [SERVICE] EntityManager available: YES
php-fpm-1  | NOTICE: PHP message: 🔍 [SERVICE] Domain service available: YES
php-fpm-1  | NOTICE: PHP message: 🔍 [TIMING] Domain config retrieval: 0.013828277587891ms
php-fpm-1  | NOTICE: PHP message: 🔍 [SERVICE] Domain config retrieved successfully
php-fpm-1  | NOTICE: PHP message: 🔍 [PROMOTED_CONN] Connection established: YES
php-fpm-1  | NOTICE: PHP message: 🔍 [PROMOTED_PING] Connection test successful: YES
php-fpm-1  | NOTICE: PHP message: 🔍 [PROMOTED] Domain: shopsys (ID: 1)
php-fpm-1  | NOTICE: PHP message: 🔍 [PROMOTED] Locale: en
php-fpm-1  | NOTICE: PHP message: 🔍 [PROMOTED] URL: https://jm-after-build-bug-fix-ssp-3495-f8.odin.shopsys.cloud
php-fpm-1  | NOTICE: PHP message: 🔍 [PROMOTED] Base query builder created
php-fpm-1  | NOTICE: PHP message: 🔍 [PROMOTED_SQL] Generated SQL: SELECT c0_.id AS id_0, c0_.uuid AS uuid_1, c0_.level AS level_2, c0_.lft AS lft_3, c0_.rgt AS rgt_4, c0_.automated_filters AS automated_filters_5, c1_.id AS id_6, c1_.domain_id AS domain_id_7, c1_.seo_title AS seo_title_8, c1_.seo_meta_description AS seo_meta_description_9, c1_.seo_h1 AS seo_h1_10, c1_.enabled AS enabled_11, c1_.visible AS visible_12, c1_.description AS description_13, c2_.name AS name_14, c2_.id AS id_15, c2_.locale AS locale_16, c0_.parent_id AS parent_id_17, c1_.category_id AS category_id_18, c2_.translatable_id AS translatable_id_19 FROM categories c0_ INNER JOIN category_domains c1_ ON c0_.id = c1_.category_id AND (c1_.domain_id = ? AND c1_.visible = true) INNER JOIN categories_top c3_ ON (c3_.category_id = c0_.id AND c3_.domain_id = ?) INNER JOIN category_translations c2_ ON c0_.id = c2_.translatable_id AND (c2_.locale = ?) WHERE c0_.parent_id IS NOT NULL ORDER BY c3_.position ASC
php-fpm-1  | NOTICE: PHP message: 🔍 [PROMOTED_SQL] Parameters: [{},{}]
php-fpm-1  | NOTICE: PHP message: 🔍 [PROMOTED_TIMING] Query execution time: 10.68902015686ms
php-fpm-1  | NOTICE: PHP message: 🔍 [PROMOTED_RESULT] Query returned: 0 records
php-fpm-1  | NOTICE: PHP message: ⚠️ [PROMOTED_ISSUE] EMPTY RESULT - This is the issue!
php-fpm-1  | NOTICE: PHP message: 🔍 [PROMOTED_DIAG] Testing raw SQL equivalent...
php-fpm-1  | NOTICE: PHP message: 🔍 [PROMOTED_DIAG] Raw SQL returned: 0 records
php-fpm-1  | NOTICE: PHP message: 🔍 [PROMOTED_DIAG] Raw SQL also returns empty - no data exists
php-fpm-1  | NOTICE: PHP message: 🔍 [TIMING] Facade query execution: 13.797998428345ms
php-fpm-1  | NOTICE: PHP message: 🔍 [PROMOTED_FINAL] Final result count: 0
php-fpm-1  | NOTICE: PHP message: 🔍 [SERVICE] Starting query execution
php-fpm-1  | NOTICE: PHP message: 🔍 [TEST] PromotedCategoriesQuery::promotedCategoriesQuery() was called!
php-fpm-1  | NOTICE: PHP message: 🔍 [SERVICE] EntityManager available: YES
php-fpm-1  | NOTICE: PHP message: 🔍 [SERVICE] Domain service available: YES
php-fpm-1  | NOTICE: PHP message: 🔍 [TIMING] Domain config retrieval: 0.010967254638672ms
php-fpm-1  | NOTICE: PHP message: 🔍 [SERVICE] Domain config retrieved successfully
php-fpm-1  | NOTICE: PHP message: 🔍 [PROMOTED_CONN] Connection established: YES
php-fpm-1  | NOTICE: PHP message: 🔍 [PROMOTED_PING] Connection test successful: YES
php-fpm-1  | NOTICE: PHP message: 🔍 [PROMOTED] Domain: shopsys (ID: 1)
php-fpm-1  | NOTICE: PHP message: 🔍 [PROMOTED] Locale: en
php-fpm-1  | NOTICE: PHP message: 🔍 [PROMOTED] URL: https://jm-after-build-bug-fix-ssp-3495-f8.odin.shopsys.cloud
php-fpm-1  | NOTICE: PHP message: 🔍 [PROMOTED] Base query builder created
php-fpm-1  | NOTICE: PHP message: 🔍 [SLIDER_SERVICE] Starting query execution
php-fpm-1  | NOTICE: PHP message: 🔍 [SLIDER_SERVICE] SliderItemFacade available: YES
php-fpm-1  | NOTICE: PHP message: 🔍 [SLIDER_CONN] Connection established: YES
php-fpm-1  | NOTICE: PHP message: 🔍 [SLIDER_PING] Connection test successful: YES
php-fpm-1  | NOTICE: PHP message: 🔍 [SLIDER] Domain ID: 1
php-fpm-1  | NOTICE: PHP message: 🔍 [SLIDER] Date filter: 2025-07-18 00:00:00
php-fpm-1  | NOTICE: PHP message: 🔍 [SLIDER] Current time: 2025-07-18 17:35:51
php-fpm-1  | NOTICE: PHP message: 🔍 [PROMOTED_SQL] Generated SQL: SELECT c0_.id AS id_0, c0_.uuid AS uuid_1, c0_.level AS level_2, c0_.lft AS lft_3, c0_.rgt AS rgt_4, c0_.automated_filters AS automated_filters_5, c1_.id AS id_6, c1_.domain_id AS domain_id_7, c1_.seo_title AS seo_title_8, c1_.seo_meta_description AS seo_meta_description_9, c1_.seo_h1 AS seo_h1_10, c1_.enabled AS enabled_11, c1_.visible AS visible_12, c1_.description AS description_13, c2_.name AS name_14, c2_.id AS id_15, c2_.locale AS locale_16, c0_.parent_id AS parent_id_17, c1_.category_id AS category_id_18, c2_.translatable_id AS translatable_id_19 FROM categories c0_ INNER JOIN category_domains c1_ ON c0_.id = c1_.category_id AND (c1_.domain_id = ? AND c1_.visible = true) INNER JOIN categories_top c3_ ON (c3_.category_id = c0_.id AND c3_.domain_id = ?) INNER JOIN category_translations c2_ ON c0_.id = c2_.translatable_id AND (c2_.locale = ?) WHERE c0_.parent_id IS NOT NULL ORDER BY c3_.position ASC
php-fpm-1  | NOTICE: PHP message: 🔍 [PROMOTED_SQL] Parameters: [{},{}]
php-fpm-1  | NOTICE: PHP message: 🔍 [SLIDER_SQL] Generated SQL: SELECT s0_.gtm_id AS gtm_id_0, s0_.gtm_creative AS gtm_creative_1, s0_.uuid AS uuid_2, s0_.id AS id_3, s0_.name AS name_4, s0_.link AS link_5, s0_.domain_id AS domain_id_6, s0_.position AS position_7, s0_.hidden AS hidden_8, s0_.description AS description_9, s0_.rgb_background_color AS rgb_background_color_10, s0_.opacity AS opacity_11, s0_.datetime_visible_from AS datetime_visible_from_12, s0_.datetime_visible_to AS datetime_visible_to_13 FROM slider_items s0_ WHERE s0_.domain_id = ? AND s0_.hidden = ? AND (s0_.datetime_visible_from IS NULL OR s0_.datetime_visible_from <= ?) AND (s0_.datetime_visible_to IS NULL OR s0_.datetime_visible_to >= ?) ORDER BY s0_.position ASC, s0_.id ASC
php-fpm-1  | NOTICE: PHP message: 🔍 [SLIDER_SQL] Parameters: [{},{},{}]
php-fpm-1  | NOTICE: PHP message: 🔍 [SLIDER_TIMING] Query execution time: 2.406120300293ms
php-fpm-1  | NOTICE: PHP message: 🔍 [SLIDER_RESULT] Query returned: 0 records
php-fpm-1  | NOTICE: PHP message: ⚠️ [SLIDER_ISSUE] EMPTY RESULT - This is the issue!
php-fpm-1  | NOTICE: PHP message: 🔍 [SLIDER_DIAG] Testing raw SQL equivalent...
php-fpm-1  | NOTICE: PHP message: 🔍 [SLIDER_DIAG] Raw SQL count: 0
php-fpm-1  | NOTICE: PHP message: 🔍 [SLIDER_TIMING] Facade query execution: 4.662036895752ms
php-fpm-1  | NOTICE: PHP message: 🔍 [SLIDER_RESULT] Final result count: 0
php-fpm-1  | NOTICE: PHP message: 🔍 [PROMOTED_TIMING] Query execution time: 11.173009872437ms
php-fpm-1  | NOTICE: PHP message: 🔍 [PROMOTED_RESULT] Query returned: 0 records
php-fpm-1  | NOTICE: PHP message: ⚠️ [PROMOTED_ISSUE] EMPTY RESULT - This is the issue!
php-fpm-1  | NOTICE: PHP message: 🔍 [PROMOTED_DIAG] Testing raw SQL equivalent...
php-fpm-1  | NOTICE: PHP message: 🔍 [PROMOTED_DIAG] Raw SQL returned: 0 records
php-fpm-1  | NOTICE: PHP message: 🔍 [PROMOTED_DIAG] Raw SQL also returns empty - no data exists
php-fpm-1  | NOTICE: PHP message: 🔍 [TIMING] Facade query execution: 14.837026596069ms
php-fpm-1  | NOTICE: PHP message: 🔍 [PROMOTED_FINAL] Final result count: 0
php-fpm-1  | {"message":"[GraphQL] Elasticsearch\\Common\\Exceptions\\Missing404Exception: {\"error\":{\"root_cause\":[{\"type\":\"index_not_found_exception\",\"reason\":\"no such index [jm-after-build-bug-fix-ssp-3495-f8_article_2]\",\"resource.type\":\"index_or_alias\",\"resource.id\":\"jm-after-build-bug-fix-ssp-3495-f8_article_2\",\"index_uuid\":\"_na_\",\"index\":\"jm-after-build-bug-fix-ssp-3495-f8_article_2\"}],\"type\":\"index_not_found_exception\",\"reason\":\"no such index [jm-after-build-bug-fix-ssp-3495-f8_article_2]\",\"resource.type\":\"index_or_alias\",\"resource.id\":\"jm-after-build-bug-fix-ssp-3495-f8_article_2\",\"index_uuid\":\"_na_\",\"index\":\"jm-after-build-bug-fix-ssp-3495-f8_article_2\"},\"status\":404}[404] (caught throwable) at /var/www/html/vendor/elasticsearch/elasticsearch/src/Elasticsearch/Connections/Connection.php line 685.","context":{"exception":{"class":"Elasticsearch\\Common\\Exceptions\\Missing404Exception","message":"{\"error\":{\"root_cause\":[{\"type\":\"index_not_found_exception\",\"reason\":\"no such index [jm-after-build-bug-fix-ssp-3495-f8_article_2]\",\"resource.type\":\"index_or_alias\",\"resource.id\":\"jm-after-build-bug-fix-ssp-3495-f8_article_2\",\"index_uuid\":\"_na_\",\"index\":\"jm-after-build-bug-fix-ssp-3495-f8_article_2\"}],\"type\":\"index_not_found_exception\",\"reason\":\"no such index [jm-after-build-bug-fix-ssp-3495-f8_article_2]\",\"resource.type\":\"index_or_alias\",\"resource.id\":\"jm-after-build-bug-fix-ssp-3495-f8_article_2\",\"index_uuid\":\"_na_\",\"index\":\"jm-after-build-bug-fix-ssp-3495-f8_article_2\"},\"status\":404}","code":404,"file":"/var/www/html/vendor/elasticsearch/elasticsearch/src/Elasticsearch/Connections/Connection.php:685"}},"level":500,"level_name":"CRITICAL","channel":"app","datetime":"2025-07-18T17:35:50.883702+00:00","extra":{}}
php-fpm-1  | {"message":"[GraphQL] Elasticsearch\\Common\\Exceptions\\Missing404Exception: {\"error\":{\"root_cause\":[{\"type\":\"index_not_found_exception\",\"reason\":\"no such index [jm-after-build-bug-fix-ssp-3495-f8_blog_article_2]\",\"resource.type\":\"index_or_alias\",\"resource.id\":\"jm-after-build-bug-fix-ssp-3495-f8_blog_article_2\",\"index_uuid\":\"_na_\",\"index\":\"jm-after-build-bug-fix-ssp-3495-f8_blog_article_2\"}],\"type\":\"index_not_found_exception\",\"reason\":\"no such index [jm-after-build-bug-fix-ssp-3495-f8_blog_article_2]\",\"resource.type\":\"index_or_alias\",\"resource.id\":\"jm-after-build-bug-fix-ssp-3495-f8_blog_article_2\",\"index_uuid\":\"_na_\",\"index\":\"jm-after-build-bug-fix-ssp-3495-f8_blog_article_2\"},\"status\":404}[404] (caught throwable) at /var/www/html/vendor/elasticsearch/elasticsearch/src/Elasticsearch/Connections/Connection.php line 685.","context":{"exception":{"class":"Elasticsearch\\Common\\Exceptions\\Missing404Exception","message":"{\"error\":{\"root_cause\":[{\"type\":\"index_not_found_exception\",\"reason\":\"no such index [jm-after-build-bug-fix-ssp-3495-f8_blog_article_2]\",\"resource.type\":\"index_or_alias\",\"resource.id\":\"jm-after-build-bug-fix-ssp-3495-f8_blog_article_2\",\"index_uuid\":\"_na_\",\"index\":\"jm-after-build-bug-fix-ssp-3495-f8_blog_article_2\"}],\"type\":\"index_not_found_exception\",\"reason\":\"no such index [jm-after-build-bug-fix-ssp-3495-f8_blog_article_2]\",\"resource.type\":\"index_or_alias\",\"resource.id\":\"jm-after-build-bug-fix-ssp-3495-f8_blog_article_2\",\"index_uuid\":\"_na_\",\"index\":\"jm-after-build-bug-fix-ssp-3495-f8_blog_article_2\"},\"status\":404}","code":404,"file":"/var/www/html/vendor/elasticsearch/elasticsearch/src/Elasticsearch/Connections/Connection.php:685"}},"level":500,"level_name":"CRITICAL","channel":"app","datetime":"2025-07-18T17:35:51.035062+00:00","extra":{}}
php-fpm-1  | {"message":"[GraphQL] Elasticsearch\\Common\\Exceptions\\Missing404Exception: {\"error\":{\"root_cause\":[{\"type\":\"index_not_found_exception\",\"reason\":\"no such index [jm-after-build-bug-fix-ssp-3495-f8_product_1]\",\"resource.type\":\"index_or_alias\",\"resource.id\":\"jm-after-build-bug-fix-ssp-3495-f8_product_1\",\"index_uuid\":\"_na_\",\"index\":\"jm-after-build-bug-fix-ssp-3495-f8_product_1\"}],\"type\":\"index_not_found_exception\",\"reason\":\"no such index [jm-after-build-bug-fix-ssp-3495-f8_product_1]\",\"resource.type\":\"index_or_alias\",\"resource.id\":\"jm-after-build-bug-fix-ssp-3495-f8_product_1\",\"index_uuid\":\"_na_\",\"index\":\"jm-after-build-bug-fix-ssp-3495-f8_product_1\"},\"status\":404}[404] (caught throwable) at /var/www/html/vendor/elasticsearch/elasticsearch/src/Elasticsearch/Connections/Connection.php line 685.","context":{"exception":{"class":"Elasticsearch\\Common\\Exceptions\\Missing404Exception","message":"{\"error\":{\"root_cause\":[{\"type\":\"index_not_found_exception\",\"reason\":\"no such index [jm-after-build-bug-fix-ssp-3495-f8_product_1]\",\"resource.type\":\"index_or_alias\",\"resource.id\":\"jm-after-build-bug-fix-ssp-3495-f8_product_1\",\"index_uuid\":\"_na_\",\"index\":\"jm-after-build-bug-fix-ssp-3495-f8_product_1\"}],\"type\":\"index_not_found_exception\",\"reason\":\"no such index [jm-after-build-bug-fix-ssp-3495-f8_product_1]\",\"resource.type\":\"index_or_alias\",\"resource.id\":\"jm-after-build-bug-fix-ssp-3495-f8_product_1\",\"index_uuid\":\"_na_\",\"index\":\"jm-after-build-bug-fix-ssp-3495-f8_product_1\"},\"status\":404}","code":404,"file":"/var/www/html/vendor/elasticsearch/elasticsearch/src/Elasticsearch/Connections/Connection.php:685"}},"level":500,"level_name":"CRITICAL","channel":"app","datetime":"2025-07-18T17:35:51.121531+00:00","extra":{}}
php-fpm-1  | {"message":"[GraphQL] Elasticsearch\\Common\\Exceptions\\Missing404Exception: {\"error\":{\"root_cause\":[{\"type\":\"index_not_found_exception\",\"reason\":\"no such index [jm-after-build-bug-fix-ssp-3495-f8_article_1]\",\"resource.type\":\"index_or_alias\",\"resource.id\":\"jm-after-build-bug-fix-ssp-3495-f8_article_1\",\"index_uuid\":\"_na_\",\"index\":\"jm-after-build-bug-fix-ssp-3495-f8_article_1\"}],\"type\":\"index_not_found_exception\",\"reason\":\"no such index [jm-after-build-bug-fix-ssp-3495-f8_article_1]\",\"resource.type\":\"index_or_alias\",\"resource.id\":\"jm-after-build-bug-fix-ssp-3495-f8_article_1\",\"index_uuid\":\"_na_\",\"index\":\"jm-after-build-bug-fix-ssp-3495-f8_article_1\"},\"status\":404}[404] (caught throwable) at /var/www/html/vendor/elasticsearch/elasticsearch/src/Elasticsearch/Connections/Connection.php line 685.","context":{"exception":{"class":"Elasticsearch\\Common\\Exceptions\\Missing404Exception","message":"{\"error\":{\"root_cause\":[{\"type\":\"index_not_found_exception\",\"reason\":\"no such index [jm-after-build-bug-fix-ssp-3495-f8_article_1]\",\"resource.type\":\"index_or_alias\",\"resource.id\":\"jm-after-build-bug-fix-ssp-3495-f8_article_1\",\"index_uuid\":\"_na_\",\"index\":\"jm-after-build-bug-fix-ssp-3495-f8_article_1\"}],\"type\":\"index_not_found_exception\",\"reason\":\"no such index [jm-after-build-bug-fix-ssp-3495-f8_article_1]\",\"resource.type\":\"index_or_alias\",\"resource.id\":\"jm-after-build-bug-fix-ssp-3495-f8_article_1\",\"index_uuid\":\"_na_\",\"index\":\"jm-after-build-bug-fix-ssp-3495-f8_article_1\"},\"status\":404}","code":404,"file":"/var/www/html/vendor/elasticsearch/elasticsearch/src/Elasticsearch/Connections/Connection.php:685"}},"level":500,"level_name":"CRITICAL","channel":"app","datetime":"2025-07-18T17:35:51.234951+00:00","extra":{}}
php-fpm-1  | {"message":"[GraphQL] Elasticsearch\\Common\\Exceptions\\Missing404Exception: {\"error\":{\"root_cause\":[{\"type\":\"index_not_found_exception\",\"reason\":\"no such index [jm-after-build-bug-fix-ssp-3495-f8_blog_article_1]\",\"resource.type\":\"index_or_alias\",\"resource.id\":\"jm-after-build-bug-fix-ssp-3495-f8_blog_article_1\",\"index_uuid\":\"_na_\",\"index\":\"jm-after-build-bug-fix-ssp-3495-f8_blog_article_1\"}],\"type\":\"index_not_found_exception\",\"reason\":\"no such index [jm-after-build-bug-fix-ssp-3495-f8_blog_article_1]\",\"resource.type\":\"index_or_alias\",\"resource.id\":\"jm-after-build-bug-fix-ssp-3495-f8_blog_article_1\",\"index_uuid\":\"_na_\",\"index\":\"jm-after-build-bug-fix-ssp-3495-f8_blog_article_1\"},\"status\":404}[404] (caught throwable) at /var/www/html/vendor/elasticsearch/elasticsearch/src/Elasticsearch/Connections/Connection.php line 685.","context":{"exception":{"class":"Elasticsearch\\Common\\Exceptions\\Missing404Exception","message":"{\"error\":{\"root_cause\":[{\"type\":\"index_not_found_exception\",\"reason\":\"no such index [jm-after-build-bug-fix-ssp-3495-f8_blog_article_1]\",\"resource.type\":\"index_or_alias\",\"resource.id\":\"jm-after-build-bug-fix-ssp-3495-f8_blog_article_1\",\"index_uuid\":\"_na_\",\"index\":\"jm-after-build-bug-fix-ssp-3495-f8_blog_article_1\"}],\"type\":\"index_not_found_exception\",\"reason\":\"no such index [jm-after-build-bug-fix-ssp-3495-f8_blog_article_1]\",\"resource.type\":\"index_or_alias\",\"resource.id\":\"jm-after-build-bug-fix-ssp-3495-f8_blog_article_1\",\"index_uuid\":\"_na_\",\"index\":\"jm-after-build-bug-fix-ssp-3495-f8_blog_article_1\"},\"status\":404}","code":404,"file":"/var/www/html/vendor/elasticsearch/elasticsearch/src/Elasticsearch/Connections/Connection.php:685"}},"level":500,"level_name":"CRITICAL","channel":"app","datetime":"2025-07-18T17:35:51.367680+00:00","extra":{}}
php-fpm-1  | {"message":"[GraphQL] Elasticsearch\\Common\\Exceptions\\Missing404Exception: {\"error\":{\"root_cause\":[{\"type\":\"index_not_found_exception\",\"reason\":\"no such index [jm-after-build-bug-fix-ssp-3495-f8_article_1]\",\"resource.type\":\"index_or_alias\",\"resource.id\":\"jm-after-build-bug-fix-ssp-3495-f8_article_1\",\"index_uuid\":\"_na_\",\"index\":\"jm-after-build-bug-fix-ssp-3495-f8_article_1\"}],\"type\":\"index_not_found_exception\",\"reason\":\"no such index [jm-after-build-bug-fix-ssp-3495-f8_article_1]\",\"resource.type\":\"index_or_alias\",\"resource.id\":\"jm-after-build-bug-fix-ssp-3495-f8_article_1\",\"index_uuid\":\"_na_\",\"index\":\"jm-after-build-bug-fix-ssp-3495-f8_article_1\"},\"status\":404}[404] (caught throwable) at /var/www/html/vendor/elasticsearch/elasticsearch/src/Elasticsearch/Connections/Connection.php line 685.","context":{"exception":{"class":"Elasticsearch\\Common\\Exceptions\\Missing404Exception","message":"{\"error\":{\"root_cause\":[{\"type\":\"index_not_found_exception\",\"reason\":\"no such index [jm-after-build-bug-fix-ssp-3495-f8_article_1]\",\"resource.type\":\"index_or_alias\",\"resource.id\":\"jm-after-build-bug-fix-ssp-3495-f8_article_1\",\"index_uuid\":\"_na_\",\"index\":\"jm-after-build-bug-fix-ssp-3495-f8_article_1\"}],\"type\":\"index_not_found_exception\",\"reason\":\"no such index [jm-after-build-bug-fix-ssp-3495-f8_article_1]\",\"resource.type\":\"index_or_alias\",\"resource.id\":\"jm-after-build-bug-fix-ssp-3495-f8_article_1\",\"index_uuid\":\"_na_\",\"index\":\"jm-after-build-bug-fix-ssp-3495-f8_article_1\"},\"status\":404}","code":404,"file":"/var/www/html/vendor/elasticsearch/elasticsearch/src/Elasticsearch/Connections/Connection.php:685"}},"level":500,"level_name":"CRITICAL","channel":"app","datetime":"2025-07-18T17:35:51.435255+00:00","extra":{}}
php-fpm-1  | {"message":"[GraphQL] Elasticsearch\\Common\\Exceptions\\Missing404Exception: {\"error\":{\"root_cause\":[{\"type\":\"index_not_found_exception\",\"reason\":\"no such index [jm-after-build-bug-fix-ssp-3495-f8_product_1]\",\"resource.type\":\"index_or_alias\",\"resource.id\":\"jm-after-build-bug-fix-ssp-3495-f8_product_1\",\"index_uuid\":\"_na_\",\"index\":\"jm-after-build-bug-fix-ssp-3495-f8_product_1\"}],\"type\":\"index_not_found_exception\",\"reason\":\"no such index [jm-after-build-bug-fix-ssp-3495-f8_product_1]\",\"resource.type\":\"index_or_alias\",\"resource.id\":\"jm-after-build-bug-fix-ssp-3495-f8_product_1\",\"index_uuid\":\"_na_\",\"index\":\"jm-after-build-bug-fix-ssp-3495-f8_product_1\"},\"status\":404}[404] (caught throwable) at /var/www/html/vendor/elasticsearch/elasticsearch/src/Elasticsearch/Connections/Connection.php line 685.","context":{"exception":{"class":"Elasticsearch\\Common\\Exceptions\\Missing404Exception","message":"{\"error\":{\"root_cause\":[{\"type\":\"index_not_found_exception\",\"reason\":\"no such index [jm-after-build-bug-fix-ssp-3495-f8_product_1]\",\"resource.type\":\"index_or_alias\",\"resource.id\":\"jm-after-build-bug-fix-ssp-3495-f8_product_1\",\"index_uuid\":\"_na_\",\"index\":\"jm-after-build-bug-fix-ssp-3495-f8_product_1\"}],\"type\":\"index_not_found_exception\",\"reason\":\"no such index [jm-after-build-bug-fix-ssp-3495-f8_product_1]\",\"resource.type\":\"index_or_alias\",\"resource.id\":\"jm-after-build-bug-fix-ssp-3495-f8_product_1\",\"index_uuid\":\"_na_\",\"index\":\"jm-after-build-bug-fix-ssp-3495-f8_product_1\"},\"status\":404}","code":404,"file":"/var/www/html/vendor/elasticsearch/elasticsearch/src/Elasticsearch/Connections/Connection.php:685"}},"level":500,"level_name":"CRITICAL","channel":"app","datetime":"2025-07-18T17:35:51.527660+00:00","extra":{}}
php-fpm-1  | {"message":"[GraphQL] Elasticsearch\\Common\\Exceptions\\Missing404Exception: {\"error\":{\"root_cause\":[{\"type\":\"index_not_found_exception\",\"reason\":\"no such index [jm-after-build-bug-fix-ssp-3495-f8_blog_article_1]\",\"resource.type\":\"index_or_alias\",\"resource.id\":\"jm-after-build-bug-fix-ssp-3495-f8_blog_article_1\",\"index_uuid\":\"_na_\",\"index\":\"jm-after-build-bug-fix-ssp-3495-f8_blog_article_1\"}],\"type\":\"index_not_found_exception\",\"reason\":\"no such index [jm-after-build-bug-fix-ssp-3495-f8_blog_article_1]\",\"resource.type\":\"index_or_alias\",\"resource.id\":\"jm-after-build-bug-fix-ssp-3495-f8_blog_article_1\",\"index_uuid\":\"_na_\",\"index\":\"jm-after-build-bug-fix-ssp-3495-f8_blog_article_1\"},\"status\":404}[404] (caught throwable) at /var/www/html/vendor/elasticsearch/elasticsearch/src/Elasticsearch/Connections/Connection.php line 685.","context":{"exception":{"class":"Elasticsearch\\Common\\Exceptions\\Missing404Exception","message":"{\"error\":{\"root_cause\":[{\"type\":\"index_not_found_exception\",\"reason\":\"no such index [jm-after-build-bug-fix-ssp-3495-f8_blog_article_1]\",\"resource.type\":\"index_or_alias\",\"resource.id\":\"jm-after-build-bug-fix-ssp-3495-f8_blog_article_1\",\"index_uuid\":\"_na_\",\"index\":\"jm-after-build-bug-fix-ssp-3495-f8_blog_article_1\"}],\"type\":\"index_not_found_exception\",\"reason\":\"no such index [jm-after-build-bug-fix-ssp-3495-f8_blog_article_1]\",\"resource.type\":\"index_or_alias\",\"resource.id\":\"jm-after-build-bug-fix-ssp-3495-f8_blog_article_1\",\"index_uuid\":\"_na_\",\"index\":\"jm-after-build-bug-fix-ssp-3495-f8_blog_article_1\"},\"status\":404}","code":404,"file":"/var/www/html/vendor/elasticsearch/elasticsearch/src/Elasticsearch/Connections/Connection.php:685"}},"level":500,"level_name":"CRITICAL","channel":"app","datetime":"2025-07-18T17:35:51.664257+00:00","extra":{}}
php-fpm-1  | {"message":"[GraphQL] Elasticsearch\\Common\\Exceptions\\Missing404Exception: {\"error\":{\"root_cause\":[{\"type\":\"index_not_found_exception\",\"reason\":\"no such index [jm-after-build-bug-fix-ssp-3495-f8_product_2]\",\"resource.type\":\"index_or_alias\",\"resource.id\":\"jm-after-build-bug-fix-ssp-3495-f8_product_2\",\"index_uuid\":\"_na_\",\"index\":\"jm-after-build-bug-fix-ssp-3495-f8_product_2\"}],\"type\":\"index_not_found_exception\",\"reason\":\"no such index [jm-after-build-bug-fix-ssp-3495-f8_product_2]\",\"resource.type\":\"index_or_alias\",\"resource.id\":\"jm-after-build-bug-fix-ssp-3495-f8_product_2\",\"index_uuid\":\"_na_\",\"index\":\"jm-after-build-bug-fix-ssp-3495-f8_product_2\"},\"status\":404}[404] (caught throwable) at /var/www/html/vendor/elasticsearch/elasticsearch/src/Elasticsearch/Connections/Connection.php line 685.","context":{"exception":{"class":"Elasticsearch\\Common\\Exceptions\\Missing404Exception","message":"{\"error\":{\"root_cause\":[{\"type\":\"index_not_found_exception\",\"reason\":\"no such index [jm-after-build-bug-fix-ssp-3495-f8_product_2]\",\"resource.type\":\"index_or_alias\",\"resource.id\":\"jm-after-build-bug-fix-ssp-3495-f8_product_2\",\"index_uuid\":\"_na_\",\"index\":\"jm-after-build-bug-fix-ssp-3495-f8_product_2\"}],\"type\":\"index_not_found_exception\",\"reason\":\"no such index [jm-after-build-bug-fix-ssp-3495-f8_product_2]\",\"resource.type\":\"index_or_alias\",\"resource.id\":\"jm-after-build-bug-fix-ssp-3495-f8_product_2\",\"index_uuid\":\"_na_\",\"index\":\"jm-after-build-bug-fix-ssp-3495-f8_product_2\"},\"status\":404}","code":404,"file":"/var/www/html/vendor/elasticsearch/elasticsearch/src/Elasticsearch/Connections/Connection.php:685"}},"level":500,"level_name":"CRITICAL","channel":"app","datetime":"2025-07-18T17:35:51.749248+00:00","extra":{}}
php-fpm-1  | {"message":"[GraphQL] Elasticsearch\\Common\\Exceptions\\Missing404Exception: {\"error\":{\"root_cause\":[{\"type\":\"index_not_found_exception\",\"reason\":\"no such index [jm-after-build-bug-fix-ssp-3495-f8_article_2]\",\"resource.type\":\"index_or_alias\",\"resource.id\":\"jm-after-build-bug-fix-ssp-3495-f8_article_2\",\"index_uuid\":\"_na_\",\"index\":\"jm-after-build-bug-fix-ssp-3495-f8_article_2\"}],\"type\":\"index_not_found_exception\",\"reason\":\"no such index [jm-after-build-bug-fix-ssp-3495-f8_article_2]\",\"resource.type\":\"index_or_alias\",\"resource.id\":\"jm-after-build-bug-fix-ssp-3495-f8_article_2\",\"index_uuid\":\"_na_\",\"index\":\"jm-after-build-bug-fix-ssp-3495-f8_article_2\"},\"status\":404}[404] (caught throwable) at /var/www/html/vendor/elasticsearch/elasticsearch/src/Elasticsearch/Connections/Connection.php line 685.","context":{"exception":{"class":"Elasticsearch\\Common\\Exceptions\\Missing404Exception","message":"{\"error\":{\"root_cause\":[{\"type\":\"index_not_found_exception\",\"reason\":\"no such index [jm-after-build-bug-fix-ssp-3495-f8_article_2]\",\"resource.type\":\"index_or_alias\",\"resource.id\":\"jm-after-build-bug-fix-ssp-3495-f8_article_2\",\"index_uuid\":\"_na_\",\"index\":\"jm-after-build-bug-fix-ssp-3495-f8_article_2\"}],\"type\":\"index_not_found_exception\",\"reason\":\"no such index [jm-after-build-bug-fix-ssp-3495-f8_article_2]\",\"resource.type\":\"index_or_alias\",\"resource.id\":\"jm-after-build-bug-fix-ssp-3495-f8_article_2\",\"index_uuid\":\"_na_\",\"index\":\"jm-after-build-bug-fix-ssp-3495-f8_article_2\"},\"status\":404}","code":404,"file":"/var/www/html/vendor/elasticsearch/elasticsearch/src/Elasticsearch/Connections/Connection.php:685"}},"level":500,"level_name":"CRITICAL","channel":"app","datetime":"2025-07-18T17:35:51.794687+00:00","extra":{}}
php-fpm-1  | {"message":"[GraphQL] Elasticsearch\\Common\\Exceptions\\Missing404Exception: {\"error\":{\"root_cause\":[{\"type\":\"index_not_found_exception\",\"reason\":\"no such index [jm-after-build-bug-fix-ssp-3495-f8_blog_article_2]\",\"resource.type\":\"index_or_alias\",\"resource.id\":\"jm-after-build-bug-fix-ssp-3495-f8_blog_article_2\",\"index_uuid\":\"_na_\",\"index\":\"jm-after-build-bug-fix-ssp-3495-f8_blog_article_2\"}],\"type\":\"index_not_found_exception\",\"reason\":\"no such index [jm-after-build-bug-fix-ssp-3495-f8_blog_article_2]\",\"resource.type\":\"index_or_alias\",\"resource.id\":\"jm-after-build-bug-fix-ssp-3495-f8_blog_article_2\",\"index_uuid\":\"_na_\",\"index\":\"jm-after-build-bug-fix-ssp-3495-f8_blog_article_2\"},\"status\":404}[404] (caught throwable) at /var/www/html/vendor/elasticsearch/elasticsearch/src/Elasticsearch/Connections/Connection.php line 685.","context":{"exception":{"class":"Elasticsearch\\Common\\Exceptions\\Missing404Exception","message":"{\"error\":{\"root_cause\":[{\"type\":\"index_not_found_exception\",\"reason\":\"no such index [jm-after-build-bug-fix-ssp-3495-f8_blog_article_2]\",\"resource.type\":\"index_or_alias\",\"resource.id\":\"jm-after-build-bug-fix-ssp-3495-f8_blog_article_2\",\"index_uuid\":\"_na_\",\"index\":\"jm-after-build-bug-fix-ssp-3495-f8_blog_article_2\"}],\"type\":\"index_not_found_exception\",\"reason\":\"no such index [jm-after-build-bug-fix-ssp-3495-f8_blog_article_2]\",\"resource.type\":\"index_or_alias\",\"resource.id\":\"jm-after-build-bug-fix-ssp-3495-f8_blog_article_2\",\"index_uuid\":\"_na_\",\"index\":\"jm-after-build-bug-fix-ssp-3495-f8_blog_article_2\"},\"status\":404}","code":404,"file":"/var/www/html/vendor/elasticsearch/elasticsearch/src/Elasticsearch/Connections/Connection.php:685"}},"level":500,"level_name":"CRITICAL","channel":"app","datetime":"2025-07-18T17:35:51.951328+00:00","extra":{}}
php-fpm-1  | {"message":"[GraphQL] Elasticsearch\\Common\\Exceptions\\Missing404Exception: {\"error\":{\"root_cause\":[{\"type\":\"index_not_found_exception\",\"reason\":\"no such index [jm-after-build-bug-fix-ssp-3495-f8_product_2]\",\"resource.type\":\"index_or_alias\",\"resource.id\":\"jm-after-build-bug-fix-ssp-3495-f8_product_2\",\"index_uuid\":\"_na_\",\"index\":\"jm-after-build-bug-fix-ssp-3495-f8_product_2\"}],\"type\":\"index_not_found_exception\",\"reason\":\"no such index [jm-after-build-bug-fix-ssp-3495-f8_product_2]\",\"resource.type\":\"index_or_alias\",\"resource.id\":\"jm-after-build-bug-fix-ssp-3495-f8_product_2\",\"index_uuid\":\"_na_\",\"index\":\"jm-after-build-bug-fix-ssp-3495-f8_product_2\"},\"status\":404}[404] (caught throwable) at /var/www/html/vendor/elasticsearch/elasticsearch/src/Elasticsearch/Connections/Connection.php line 685.","context":{"exception":{"class":"Elasticsearch\\Common\\Exceptions\\Missing404Exception","message":"{\"error\":{\"root_cause\":[{\"type\":\"index_not_found_exception\",\"reason\":\"no such index [jm-after-build-bug-fix-ssp-3495-f8_product_2]\",\"resource.type\":\"index_or_alias\",\"resource.id\":\"jm-after-build-bug-fix-ssp-3495-f8_product_2\",\"index_uuid\":\"_na_\",\"index\":\"jm-after-build-bug-fix-ssp-3495-f8_product_2\"}],\"type\":\"index_not_found_exception\",\"reason\":\"no such index [jm-after-build-bug-fix-ssp-3495-f8_product_2]\",\"resource.type\":\"index_or_alias\",\"resource.id\":\"jm-after-build-bug-fix-ssp-3495-f8_product_2\",\"index_uuid\":\"_na_\",\"index\":\"jm-after-build-bug-fix-ssp-3495-f8_product_2\"},\"status\":404}","code":404,"file":"/var/www/html/vendor/elasticsearch/elasticsearch/src/Elasticsearch/Connections/Connection.php:685"}},"level":500,"level_name":"CRITICAL","channel":"app","datetime":"2025-07-18T17:35:52.002038+00:00","extra":{}}
php-fpm-1  | {"message":"[GraphQL] Elasticsearch\\Common\\Exceptions\\Missing404Exception: {\"error\":{\"root_cause\":[{\"type\":\"index_not_found_exception\",\"reason\":\"no such index [jm-after-build-bug-fix-ssp-3495-f8_article_2]\",\"resource.type\":\"index_or_alias\",\"resource.id\":\"jm-after-build-bug-fix-ssp-3495-f8_article_2\",\"index_uuid\":\"_na_\",\"index\":\"jm-after-build-bug-fix-ssp-3495-f8_article_2\"}],\"type\":\"index_not_found_exception\",\"reason\":\"no such index [jm-after-build-bug-fix-ssp-3495-f8_article_2]\",\"resource.type\":\"index_or_alias\",\"resource.id\":\"jm-after-build-bug-fix-ssp-3495-f8_article_2\",\"index_uuid\":\"_na_\",\"index\":\"jm-after-build-bug-fix-ssp-3495-f8_article_2\"},\"status\":404}[404] (caught throwable) at /var/www/html/vendor/elasticsearch/elasticsearch/src/Elasticsearch/Connections/Connection.php line 685.","context":{"exception":{"class":"Elasticsearch\\Common\\Exceptions\\Missing404Exception","message":"{\"error\":{\"root_cause\":[{\"type\":\"index_not_found_exception\",\"reason\":\"no such index [jm-after-build-bug-fix-ssp-3495-f8_article_2]\",\"resource.type\":\"index_or_alias\",\"resource.id\":\"jm-after-build-bug-fix-ssp-3495-f8_article_2\",\"index_uuid\":\"_na_\",\"index\":\"jm-after-build-bug-fix-ssp-3495-f8_article_2\"}],\"type\":\"index_not_found_exception\",\"reason\":\"no such index [jm-after-build-bug-fix-ssp-3495-f8_article_2]\",\"resource.type\":\"index_or_alias\",\"resource.id\":\"jm-after-build-bug-fix-ssp-3495-f8_article_2\",\"index_uuid\":\"_na_\",\"index\":\"jm-after-build-bug-fix-ssp-3495-f8_article_2\"},\"status\":404}","code":404,"file":"/var/www/html/vendor/elasticsearch/elasticsearch/src/Elasticsearch/Connections/Connection.php:685"}},"level":500,"level_name":"CRITICAL","channel":"app","datetime":"2025-07-18T17:35:52.093402+00:00","extra":{}}
php-fpm-1  | {"message":"[GraphQL] Elasticsearch\\Common\\Exceptions\\Missing404Exception: {\"error\":{\"root_cause\":[{\"type\":\"index_not_found_exception\",\"reason\":\"no such index [jm-after-build-bug-fix-ssp-3495-f8_blog_article_2]\",\"resource.type\":\"index_or_alias\",\"resource.id\":\"jm-after-build-bug-fix-ssp-3495-f8_blog_article_2\",\"index_uuid\":\"_na_\",\"index\":\"jm-after-build-bug-fix-ssp-3495-f8_blog_article_2\"}],\"type\":\"index_not_found_exception\",\"reason\":\"no such index [jm-after-build-bug-fix-ssp-3495-f8_blog_article_2]\",\"resource.type\":\"index_or_alias\",\"resource.id\":\"jm-after-build-bug-fix-ssp-3495-f8_blog_article_2\",\"index_uuid\":\"_na_\",\"index\":\"jm-after-build-bug-fix-ssp-3495-f8_blog_article_2\"},\"status\":404}[404] (caught throwable) at /var/www/html/vendor/elasticsearch/elasticsearch/src/Elasticsearch/Connections/Connection.php line 685.","context":{"exception":{"class":"Elasticsearch\\Common\\Exceptions\\Missing404Exception","message":"{\"error\":{\"root_cause\":[{\"type\":\"index_not_found_exception\",\"reason\":\"no such index [jm-after-build-bug-fix-ssp-3495-f8_blog_article_2]\",\"resource.type\":\"index_or_alias\",\"resource.id\":\"jm-after-build-bug-fix-ssp-3495-f8_blog_article_2\",\"index_uuid\":\"_na_\",\"index\":\"jm-after-build-bug-fix-ssp-3495-f8_blog_article_2\"}],\"type\":\"index_not_found_exception\",\"reason\":\"no such index [jm-after-build-bug-fix-ssp-3495-f8_blog_article_2]\",\"resource.type\":\"index_or_alias\",\"resource.id\":\"jm-after-build-bug-fix-ssp-3495-f8_blog_article_2\",\"index_uuid\":\"_na_\",\"index\":\"jm-after-build-bug-fix-ssp-3495-f8_blog_article_2\"},\"status\":404}","code":404,"file":"/var/www/html/vendor/elasticsearch/elasticsearch/src/Elasticsearch/Connections/Connection.php:685"}},"level":500,"level_name":"CRITICAL","channel":"app","datetime":"2025-07-18T17:35:52.094482+00:00","extra":{}}
php-fpm-1  | {"message":"[GraphQL] Elasticsearch\\Common\\Exceptions\\Missing404Exception: {\"error\":{\"root_cause\":[{\"type\":\"index_not_found_exception\",\"reason\":\"no such index [jm-after-build-bug-fix-ssp-3495-f8_product_1]\",\"resource.type\":\"index_or_alias\",\"resource.id\":\"jm-after-build-bug-fix-ssp-3495-f8_product_1\",\"index_uuid\":\"_na_\",\"index\":\"jm-after-build-bug-fix-ssp-3495-f8_product_1\"}],\"type\":\"index_not_found_exception\",\"reason\":\"no such index [jm-after-build-bug-fix-ssp-3495-f8_product_1]\",\"resource.type\":\"index_or_alias\",\"resource.id\":\"jm-after-build-bug-fix-ssp-3495-f8_product_1\",\"index_uuid\":\"_na_\",\"index\":\"jm-after-build-bug-fix-ssp-3495-f8_product_1\"},\"status\":404}[404] (caught throwable) at /var/www/html/vendor/elasticsearch/elasticsearch/src/Elasticsearch/Connections/Connection.php line 685.","context":{"exception":{"class":"Elasticsearch\\Common\\Exceptions\\Missing404Exception","message":"{\"error\":{\"root_cause\":[{\"type\":\"index_not_found_exception\",\"reason\":\"no such index [jm-after-build-bug-fix-ssp-3495-f8_product_1]\",\"resource.type\":\"index_or_alias\",\"resource.id\":\"jm-after-build-bug-fix-ssp-3495-f8_product_1\",\"index_uuid\":\"_na_\",\"index\":\"jm-after-build-bug-fix-ssp-3495-f8_product_1\"}],\"type\":\"index_not_found_exception\",\"reason\":\"no such index [jm-after-build-bug-fix-ssp-3495-f8_product_1]\",\"resource.type\":\"index_or_alias\",\"resource.id\":\"jm-after-build-bug-fix-ssp-3495-f8_product_1\",\"index_uuid\":\"_na_\",\"index\":\"jm-after-build-bug-fix-ssp-3495-f8_product_1\"},\"status\":404}","code":404,"file":"/var/www/html/vendor/elasticsearch/elasticsearch/src/Elasticsearch/Connections/Connection.php:685"}},"level":500,"level_name":"CRITICAL","channel":"app","datetime":"2025-07-18T17:35:52.179005+00:00","extra":{}}
php-fpm-1  | {"message":"[GraphQL] Elasticsearch\\Common\\Exceptions\\Missing404Exception: {\"error\":{\"root_cause\":[{\"type\":\"index_not_found_exception\",\"reason\":\"no such index [jm-after-build-bug-fix-ssp-3495-f8_article_1]\",\"resource.type\":\"index_or_alias\",\"resource.id\":\"jm-after-build-bug-fix-ssp-3495-f8_article_1\",\"index_uuid\":\"_na_\",\"index\":\"jm-after-build-bug-fix-ssp-3495-f8_article_1\"}],\"type\":\"index_not_found_exception\",\"reason\":\"no such index [jm-after-build-bug-fix-ssp-3495-f8_article_1]\",\"resource.type\":\"index_or_alias\",\"resource.id\":\"jm-after-build-bug-fix-ssp-3495-f8_article_1\",\"index_uuid\":\"_na_\",\"index\":\"jm-after-build-bug-fix-ssp-3495-f8_article_1\"},\"status\":404}[404] (caught throwable) at /var/www/html/vendor/elasticsearch/elasticsearch/src/Elasticsearch/Connections/Connection.php line 685.","context":{"exception":{"class":"Elasticsearch\\Common\\Exceptions\\Missing404Exception","message":"{\"error\":{\"root_cause\":[{\"type\":\"index_not_found_exception\",\"reason\":\"no such index [jm-after-build-bug-fix-ssp-3495-f8_article_1]\",\"resource.type\":\"index_or_alias\",\"resource.id\":\"jm-after-build-bug-fix-ssp-3495-f8_article_1\",\"index_uuid\":\"_na_\",\"index\":\"jm-after-build-bug-fix-ssp-3495-f8_article_1\"}],\"type\":\"index_not_found_exception\",\"reason\":\"no such index [jm-after-build-bug-fix-ssp-3495-f8_article_1]\",\"resource.type\":\"index_or_alias\",\"resource.id\":\"jm-after-build-bug-fix-ssp-3495-f8_article_1\",\"index_uuid\":\"_na_\",\"index\":\"jm-after-build-bug-fix-ssp-3495-f8_article_1\"},\"status\":404}","code":404,"file":"/var/www/html/vendor/elasticsearch/elasticsearch/src/Elasticsearch/Connections/Connection.php:685"}},"level":500,"level_name":"CRITICAL","channel":"app","datetime":"2025-07-18T17:35:52.229484+00:00","extra":{}}
php-fpm-1  | {"message":"[GraphQL] Elasticsearch\\Common\\Exceptions\\Missing404Exception: {\"error\":{\"root_cause\":[{\"type\":\"index_not_found_exception\",\"reason\":\"no such index [jm-after-build-bug-fix-ssp-3495-f8_blog_article_1]\",\"resource.type\":\"index_or_alias\",\"resource.id\":\"jm-after-build-bug-fix-ssp-3495-f8_blog_article_1\",\"index_uuid\":\"_na_\",\"index\":\"jm-after-build-bug-fix-ssp-3495-f8_blog_article_1\"}],\"type\":\"index_not_found_exception\",\"reason\":\"no such index [jm-after-build-bug-fix-ssp-3495-f8_blog_article_1]\",\"resource.type\":\"index_or_alias\",\"resource.id\":\"jm-after-build-bug-fix-ssp-3495-f8_blog_article_1\",\"index_uuid\":\"_na_\",\"index\":\"jm-after-build-bug-fix-ssp-3495-f8_blog_article_1\"},\"status\":404}[404] (caught throwable) at /var/www/html/vendor/elasticsearch/elasticsearch/src/Elasticsearch/Connections/Connection.php line 685.","context":{"exception":{"class":"Elasticsearch\\Common\\Exceptions\\Missing404Exception","message":"{\"error\":{\"root_cause\":[{\"type\":\"index_not_found_exception\",\"reason\":\"no such index [jm-after-build-bug-fix-ssp-3495-f8_blog_article_1]\",\"resource.type\":\"index_or_alias\",\"resource.id\":\"jm-after-build-bug-fix-ssp-3495-f8_blog_article_1\",\"index_uuid\":\"_na_\",\"index\":\"jm-after-build-bug-fix-ssp-3495-f8_blog_article_1\"}],\"type\":\"index_not_found_exception\",\"reason\":\"no such index [jm-after-build-bug-fix-ssp-3495-f8_blog_article_1]\",\"resource.type\":\"index_or_alias\",\"resource.id\":\"jm-after-build-bug-fix-ssp-3495-f8_blog_article_1\",\"index_uuid\":\"_na_\",\"index\":\"jm-after-build-bug-fix-ssp-3495-f8_blog_article_1\"},\"status\":404}","code":404,"file":"/var/www/html/vendor/elasticsearch/elasticsearch/src/Elasticsearch/Connections/Connection.php:685"}},"level":500,"level_name":"CRITICAL","channel":"app","datetime":"2025-07-18T17:35:52.257095+00:00","extra":{}}
php-fpm-1  | {"message":"[GraphQL] Elasticsearch\\Common\\Exceptions\\Missing404Exception: {\"error\":{\"root_cause\":[{\"type\":\"index_not_found_exception\",\"reason\":\"no such index [jm-after-build-bug-fix-ssp-3495-f8_product_1]\",\"resource.type\":\"index_or_alias\",\"resource.id\":\"jm-after-build-bug-fix-ssp-3495-f8_product_1\",\"index_uuid\":\"_na_\",\"index\":\"jm-after-build-bug-fix-ssp-3495-f8_product_1\"}],\"type\":\"index_not_found_exception\",\"reason\":\"no such index [jm-after-build-bug-fix-ssp-3495-f8_product_1]\",\"resource.type\":\"index_or_alias\",\"resource.id\":\"jm-after-build-bug-fix-ssp-3495-f8_product_1\",\"index_uuid\":\"_na_\",\"index\":\"jm-after-build-bug-fix-ssp-3495-f8_product_1\"},\"status\":404}[404] (caught throwable) at /var/www/html/vendor/elasticsearch/elasticsearch/src/Elasticsearch/Connections/Connection.php line 685.","context":{"exception":{"class":"Elasticsearch\\Common\\Exceptions\\Missing404Exception","message":"{\"error\":{\"root_cause\":[{\"type\":\"index_not_found_exception\",\"reason\":\"no such index [jm-after-build-bug-fix-ssp-3495-f8_product_1]\",\"resource.type\":\"index_or_alias\",\"resource.id\":\"jm-after-build-bug-fix-ssp-3495-f8_product_1\",\"index_uuid\":\"_na_\",\"index\":\"jm-after-build-bug-fix-ssp-3495-f8_product_1\"}],\"type\":\"index_not_found_exception\",\"reason\":\"no such index [jm-after-build-bug-fix-ssp-3495-f8_product_1]\",\"resource.type\":\"index_or_alias\",\"resource.id\":\"jm-after-build-bug-fix-ssp-3495-f8_product_1\",\"index_uuid\":\"_na_\",\"index\":\"jm-after-build-bug-fix-ssp-3495-f8_product_1\"},\"status\":404}","code":404,"file":"/var/www/html/vendor/elasticsearch/elasticsearch/src/Elasticsearch/Connections/Connection.php:685"}},"level":500,"level_name":"CRITICAL","channel":"app","datetime":"2025-07-18T17:35:52.381754+00:00","extra":{}}
php-fpm-1  | {"message":"[GraphQL] Elasticsearch\\Common\\Exceptions\\Missing404Exception: {\"error\":{\"root_cause\":[{\"type\":\"index_not_found_exception\",\"reason\":\"no such index [jm-after-build-bug-fix-ssp-3495-f8_article_1]\",\"resource.type\":\"index_or_alias\",\"resource.id\":\"jm-after-build-bug-fix-ssp-3495-f8_article_1\",\"index_uuid\":\"_na_\",\"index\":\"jm-after-build-bug-fix-ssp-3495-f8_article_1\"}],\"type\":\"index_not_found_exception\",\"reason\":\"no such index [jm-after-build-bug-fix-ssp-3495-f8_article_1]\",\"resource.type\":\"index_or_alias\",\"resource.id\":\"jm-after-build-bug-fix-ssp-3495-f8_article_1\",\"index_uuid\":\"_na_\",\"index\":\"jm-after-build-bug-fix-ssp-3495-f8_article_1\"},\"status\":404}[404] (caught throwable) at /var/www/html/vendor/elasticsearch/elasticsearch/src/Elasticsearch/Connections/Connection.php line 685.","context":{"exception":{"class":"Elasticsearch\\Common\\Exceptions\\Missing404Exception","message":"{\"error\":{\"root_cause\":[{\"type\":\"index_not_found_exception\",\"reason\":\"no such index [jm-after-build-bug-fix-ssp-3495-f8_article_1]\",\"resource.type\":\"index_or_alias\",\"resource.id\":\"jm-after-build-bug-fix-ssp-3495-f8_article_1\",\"index_uuid\":\"_na_\",\"index\":\"jm-after-build-bug-fix-ssp-3495-f8_article_1\"}],\"type\":\"index_not_found_exception\",\"reason\":\"no such index [jm-after-build-bug-fix-ssp-3495-f8_article_1]\",\"resource.type\":\"index_or_alias\",\"resource.id\":\"jm-after-build-bug-fix-ssp-3495-f8_article_1\",\"index_uuid\":\"_na_\",\"index\":\"jm-after-build-bug-fix-ssp-3495-f8_article_1\"},\"status\":404}","code":404,"file":"/var/www/html/vendor/elasticsearch/elasticsearch/src/Elasticsearch/Connections/Connection.php:685"}},"level":500,"level_name":"CRITICAL","channel":"app","datetime":"2025-07-18T17:35:52.384564+00:00","extra":{}}
php-fpm-1  | {"message":"[GraphQL] Elasticsearch\\Common\\Exceptions\\Missing404Exception: {\"error\":{\"root_cause\":[{\"type\":\"index_not_found_exception\",\"reason\":\"no such index [jm-after-build-bug-fix-ssp-3495-f8_blog_article_1]\",\"resource.type\":\"index_or_alias\",\"resource.id\":\"jm-after-build-bug-fix-ssp-3495-f8_blog_article_1\",\"index_uuid\":\"_na_\",\"index\":\"jm-after-build-bug-fix-ssp-3495-f8_blog_article_1\"}],\"type\":\"index_not_found_exception\",\"reason\":\"no such index [jm-after-build-bug-fix-ssp-3495-f8_blog_article_1]\",\"resource.type\":\"index_or_alias\",\"resource.id\":\"jm-after-build-bug-fix-ssp-3495-f8_blog_article_1\",\"index_uuid\":\"_na_\",\"index\":\"jm-after-build-bug-fix-ssp-3495-f8_blog_article_1\"},\"status\":404}[404] (caught throwable) at /var/www/html/vendor/elasticsearch/elasticsearch/src/Elasticsearch/Connections/Connection.php line 685.","context":{"exception":{"class":"Elasticsearch\\Common\\Exceptions\\Missing404Exception","message":"{\"error\":{\"root_cause\":[{\"type\":\"index_not_found_exception\",\"reason\":\"no such index [jm-after-build-bug-fix-ssp-3495-f8_blog_article_1]\",\"resource.type\":\"index_or_alias\",\"resource.id\":\"jm-after-build-bug-fix-ssp-3495-f8_blog_article_1\",\"index_uuid\":\"_na_\",\"index\":\"jm-after-build-bug-fix-ssp-3495-f8_blog_article_1\"}],\"type\":\"index_not_found_exception\",\"reason\":\"no such index [jm-after-build-bug-fix-ssp-3495-f8_blog_article_1]\",\"resource.type\":\"index_or_alias\",\"resource.id\":\"jm-after-build-bug-fix-ssp-3495-f8_blog_article_1\",\"index_uuid\":\"_na_\",\"index\":\"jm-after-build-bug-fix-ssp-3495-f8_blog_article_1\"},\"status\":404}","code":404,"file":"/var/www/html/vendor/elasticsearch/elasticsearch/src/Elasticsearch/Connections/Connection.php:685"}},"level":500,"level_name":"CRITICAL","channel":"app","datetime":"2025-07-18T17:35:52.412499+00:00","extra":{}}
php-fpm-1  | {"message":"[GraphQL] Elasticsearch\\Common\\Exceptions\\Missing404Exception: {\"error\":{\"root_cause\":[{\"type\":\"index_not_found_exception\",\"reason\":\"no such index [jm-after-build-bug-fix-ssp-3495-f8_product_2]\",\"resource.type\":\"index_or_alias\",\"resource.id\":\"jm-after-build-bug-fix-ssp-3495-f8_product_2\",\"index_uuid\":\"_na_\",\"index\":\"jm-after-build-bug-fix-ssp-3495-f8_product_2\"}],\"type\":\"index_not_found_exception\",\"reason\":\"no such index [jm-after-build-bug-fix-ssp-3495-f8_product_2]\",\"resource.type\":\"index_or_alias\",\"resource.id\":\"jm-after-build-bug-fix-ssp-3495-f8_product_2\",\"index_uuid\":\"_na_\",\"index\":\"jm-after-build-bug-fix-ssp-3495-f8_product_2\"},\"status\":404}[404] (caught throwable) at /var/www/html/vendor/elasticsearch/elasticsearch/src/Elasticsearch/Connections/Connection.php line 685.","context":{"exception":{"class":"Elasticsearch\\Common\\Exceptions\\Missing404Exception","message":"{\"error\":{\"root_cause\":[{\"type\":\"index_not_found_exception\",\"reason\":\"no such index [jm-after-build-bug-fix-ssp-3495-f8_product_2]\",\"resource.type\":\"index_or_alias\",\"resource.id\":\"jm-after-build-bug-fix-ssp-3495-f8_product_2\",\"index_uuid\":\"_na_\",\"index\":\"jm-after-build-bug-fix-ssp-3495-f8_product_2\"}],\"type\":\"index_not_found_exception\",\"reason\":\"no such index [jm-after-build-bug-fix-ssp-3495-f8_product_2]\",\"resource.type\":\"index_or_alias\",\"resource.id\":\"jm-after-build-bug-fix-ssp-3495-f8_product_2\",\"index_uuid\":\"_na_\",\"index\":\"jm-after-build-bug-fix-ssp-3495-f8_product_2\"},\"status\":404}","code":404,"file":"/var/www/html/vendor/elasticsearch/elasticsearch/src/Elasticsearch/Connections/Connection.php:685"}},"level":500,"level_name":"CRITICAL","channel":"app","datetime":"2025-07-18T17:35:52.499627+00:00","extra":{}}
php-fpm-1  | resolveFriendlyUrl: 404 Not Found because friendly URL not found with slug (@vite/env) and domainId (1)
php-fpm-1  | {"message":"[GraphQL] Elasticsearch\\Common\\Exceptions\\Missing404Exception: {\"error\":{\"root_cause\":[{\"type\":\"index_not_found_exception\",\"reason\":\"no such index [jm-after-build-bug-fix-ssp-3495-f8_blog_article_2]\",\"resource.type\":\"index_or_alias\",\"resource.id\":\"jm-after-build-bug-fix-ssp-3495-f8_blog_article_2\",\"index_uuid\":\"_na_\",\"index\":\"jm-after-build-bug-fix-ssp-3495-f8_blog_article_2\"}],\"type\":\"index_not_found_exception\",\"reason\":\"no such index [jm-after-build-bug-fix-ssp-3495-f8_blog_article_2]\",\"resource.type\":\"index_or_alias\",\"resource.id\":\"jm-after-build-bug-fix-ssp-3495-f8_blog_article_2\",\"index_uuid\":\"_na_\",\"index\":\"jm-after-build-bug-fix-ssp-3495-f8_blog_article_2\"},\"status\":404}[404] (caught throwable) at /var/www/html/vendor/elasticsearch/elasticsearch/src/Elasticsearch/Connections/Connection.php line 685.","context":{"exception":{"class":"Elasticsearch\\Common\\Exceptions\\Missing404Exception","message":"{\"error\":{\"root_cause\":[{\"type\":\"index_not_found_exception\",\"reason\":\"no such index [jm-after-build-bug-fix-ssp-3495-f8_blog_article_2]\",\"resource.type\":\"index_or_alias\",\"resource.id\":\"jm-after-build-bug-fix-ssp-3495-f8_blog_article_2\",\"index_uuid\":\"_na_\",\"index\":\"jm-after-build-bug-fix-ssp-3495-f8_blog_article_2\"}],\"type\":\"index_not_found_exception\",\"reason\":\"no such index [jm-after-build-bug-fix-ssp-3495-f8_blog_article_2]\",\"resource.type\":\"index_or_alias\",\"resource.id\":\"jm-after-build-bug-fix-ssp-3495-f8_blog_article_2\",\"index_uuid\":\"_na_\",\"index\":\"jm-after-build-bug-fix-ssp-3495-f8_blog_article_2\"},\"status\":404}","code":404,"file":"/var/www/html/vendor/elasticsearch/elasticsearch/src/Elasticsearch/Connections/Connection.php:685"}},"level":500,"level_name":"CRITICAL","channel":"app","datetime":"2025-07-18T17:35:52.556904+00:00","extra":{}}
php-fpm-1  | {"message":"[GraphQL] Elasticsearch\\Common\\Exceptions\\Missing404Exception: {\"error\":{\"root_cause\":[{\"type\":\"index_not_found_exception\",\"reason\":\"no such index [jm-after-build-bug-fix-ssp-3495-f8_article_2]\",\"resource.type\":\"index_or_alias\",\"resource.id\":\"jm-after-build-bug-fix-ssp-3495-f8_article_2\",\"index_uuid\":\"_na_\",\"index\":\"jm-after-build-bug-fix-ssp-3495-f8_article_2\"}],\"type\":\"index_not_found_exception\",\"reason\":\"no such index [jm-after-build-bug-fix-ssp-3495-f8_article_2]\",\"resource.type\":\"index_or_alias\",\"resource.id\":\"jm-after-build-bug-fix-ssp-3495-f8_article_2\",\"index_uuid\":\"_na_\",\"index\":\"jm-after-build-bug-fix-ssp-3495-f8_article_2\"},\"status\":404}[404] (caught throwable) at /var/www/html/vendor/elasticsearch/elasticsearch/src/Elasticsearch/Connections/Connection.php line 685.","context":{"exception":{"class":"Elasticsearch\\Common\\Exceptions\\Missing404Exception","message":"{\"error\":{\"root_cause\":[{\"type\":\"index_not_found_exception\",\"reason\":\"no such index [jm-after-build-bug-fix-ssp-3495-f8_article_2]\",\"resource.type\":\"index_or_alias\",\"resource.id\":\"jm-after-build-bug-fix-ssp-3495-f8_article_2\",\"index_uuid\":\"_na_\",\"index\":\"jm-after-build-bug-fix-ssp-3495-f8_article_2\"}],\"type\":\"index_not_found_exception\",\"reason\":\"no such index [jm-after-build-bug-fix-ssp-3495-f8_article_2]\",\"resource.type\":\"index_or_alias\",\"resource.id\":\"jm-after-build-bug-fix-ssp-3495-f8_article_2\",\"index_uuid\":\"_na_\",\"index\":\"jm-after-build-bug-fix-ssp-3495-f8_article_2\"},\"status\":404}","code":404,"file":"/var/www/html/vendor/elasticsearch/elasticsearch/src/Elasticsearch/Connections/Connection.php:685"}},"level":500,"level_name":"CRITICAL","channel":"app","datetime":"2025-07-18T17:35:52.559005+00:00","extra":{}}
php-fpm-1  | {"message":"[GraphQL] Elasticsearch\\Common\\Exceptions\\Missing404Exception: {\"error\":{\"root_cause\":[{\"type\":\"index_not_found_exception\",\"reason\":\"no such index [jm-after-build-bug-fix-ssp-3495-f8_article_1]\",\"resource.type\":\"index_or_alias\",\"resource.id\":\"jm-after-build-bug-fix-ssp-3495-f8_article_1\",\"index_uuid\":\"_na_\",\"index\":\"jm-after-build-bug-fix-ssp-3495-f8_article_1\"}],\"type\":\"index_not_found_exception\",\"reason\":\"no such index [jm-after-build-bug-fix-ssp-3495-f8_article_1]\",\"resource.type\":\"index_or_alias\",\"resource.id\":\"jm-after-build-bug-fix-ssp-3495-f8_article_1\",\"index_uuid\":\"_na_\",\"index\":\"jm-after-build-bug-fix-ssp-3495-f8_article_1\"},\"status\":404}[404] (caught throwable) at /var/www/html/vendor/elasticsearch/elasticsearch/src/Elasticsearch/Connections/Connection.php line 685.","context":{"exception":{"class":"Elasticsearch\\Common\\Exceptions\\Missing404Exception","message":"{\"error\":{\"root_cause\":[{\"type\":\"index_not_found_exception\",\"reason\":\"no such index [jm-after-build-bug-fix-ssp-3495-f8_article_1]\",\"resource.type\":\"index_or_alias\",\"resource.id\":\"jm-after-build-bug-fix-ssp-3495-f8_article_1\",\"index_uuid\":\"_na_\",\"index\":\"jm-after-build-bug-fix-ssp-3495-f8_article_1\"}],\"type\":\"index_not_found_exception\",\"reason\":\"no such index [jm-after-build-bug-fix-ssp-3495-f8_article_1]\",\"resource.type\":\"index_or_alias\",\"resource.id\":\"jm-after-build-bug-fix-ssp-3495-f8_article_1\",\"index_uuid\":\"_na_\",\"index\":\"jm-after-build-bug-fix-ssp-3495-f8_article_1\"},\"status\":404}","code":404,"file":"/var/www/html/vendor/elasticsearch/elasticsearch/src/Elasticsearch/Connections/Connection.php:685"}},"level":500,"level_name":"CRITICAL","channel":"app","datetime":"2025-07-18T17:35:52.673017+00:00","extra":{}}
php-fpm-1  | resolveFriendlyUrl: 404 Not Found because friendly URL not found with slug (actuator/env) and domainId (1)
php-fpm-1  | {"message":"[GraphQL] Elasticsearch\\Common\\Exceptions\\Missing404Exception: {\"error\":{\"root_cause\":[{\"type\":\"index_not_found_exception\",\"reason\":\"no such index [jm-after-build-bug-fix-ssp-3495-f8_article_1]\",\"resource.type\":\"index_or_alias\",\"resource.id\":\"jm-after-build-bug-fix-ssp-3495-f8_article_1\",\"index_uuid\":\"_na_\",\"index\":\"jm-after-build-bug-fix-ssp-3495-f8_article_1\"}],\"type\":\"index_not_found_exception\",\"reason\":\"no such index [jm-after-build-bug-fix-ssp-3495-f8_article_1]\",\"resource.type\":\"index_or_alias\",\"resource.id\":\"jm-after-build-bug-fix-ssp-3495-f8_article_1\",\"index_uuid\":\"_na_\",\"index\":\"jm-after-build-bug-fix-ssp-3495-f8_article_1\"},\"status\":404}[404] (caught throwable) at /var/www/html/vendor/elasticsearch/elasticsearch/src/Elasticsearch/Connections/Connection.php line 685.","context":{"exception":{"class":"Elasticsearch\\Common\\Exceptions\\Missing404Exception","message":"{\"error\":{\"root_cause\":[{\"type\":\"index_not_found_exception\",\"reason\":\"no such index [jm-after-build-bug-fix-ssp-3495-f8_article_1]\",\"resource.type\":\"index_or_alias\",\"resource.id\":\"jm-after-build-bug-fix-ssp-3495-f8_article_1\",\"index_uuid\":\"_na_\",\"index\":\"jm-after-build-bug-fix-ssp-3495-f8_article_1\"}],\"type\":\"index_not_found_exception\",\"reason\":\"no such index [jm-after-build-bug-fix-ssp-3495-f8_article_1]\",\"resource.type\":\"index_or_alias\",\"resource.id\":\"jm-after-build-bug-fix-ssp-3495-f8_article_1\",\"index_uuid\":\"_na_\",\"index\":\"jm-after-build-bug-fix-ssp-3495-f8_article_1\"},\"status\":404}","code":404,"file":"/var/www/html/vendor/elasticsearch/elasticsearch/src/Elasticsearch/Connections/Connection.php:685"}},"level":500,"level_name":"CRITICAL","channel":"app","datetime":"2025-07-18T17:35:52.935460+00:00","extra":{}}
php-fpm-1  | resolveFriendlyUrl: 404 Not Found because friendly URL not found with slug (@vite/env) and domainId (2)
php-fpm-1  | {"message":"[GraphQL] Elasticsearch\\Common\\Exceptions\\Missing404Exception: {\"error\":{\"root_cause\":[{\"type\":\"index_not_found_exception\",\"reason\":\"no such index [jm-after-build-bug-fix-ssp-3495-f8_article_2]\",\"resource.type\":\"index_or_alias\",\"resource.id\":\"jm-after-build-bug-fix-ssp-3495-f8_article_2\",\"index_uuid\":\"_na_\",\"index\":\"jm-after-build-bug-fix-ssp-3495-f8_article_2\"}],\"type\":\"index_not_found_exception\",\"reason\":\"no such index [jm-after-build-bug-fix-ssp-3495-f8_article_2]\",\"resource.type\":\"index_or_alias\",\"resource.id\":\"jm-after-build-bug-fix-ssp-3495-f8_article_2\",\"index_uuid\":\"_na_\",\"index\":\"jm-after-build-bug-fix-ssp-3495-f8_article_2\"},\"status\":404}[404] (caught throwable) at /var/www/html/vendor/elasticsearch/elasticsearch/src/Elasticsearch/Connections/Connection.php line 685.","context":{"exception":{"class":"Elasticsearch\\Common\\Exceptions\\Missing404Exception","message":"{\"error\":{\"root_cause\":[{\"type\":\"index_not_found_exception\",\"reason\":\"no such index [jm-after-build-bug-fix-ssp-3495-f8_article_2]\",\"resource.type\":\"index_or_alias\",\"resource.id\":\"jm-after-build-bug-fix-ssp-3495-f8_article_2\",\"index_uuid\":\"_na_\",\"index\":\"jm-after-build-bug-fix-ssp-3495-f8_article_2\"}],\"type\":\"index_not_found_exception\",\"reason\":\"no such index [jm-after-build-bug-fix-ssp-3495-f8_article_2]\",\"resource.type\":\"index_or_alias\",\"resource.id\":\"jm-after-build-bug-fix-ssp-3495-f8_article_2\",\"index_uuid\":\"_na_\",\"index\":\"jm-after-build-bug-fix-ssp-3495-f8_article_2\"},\"status\":404}","code":404,"file":"/var/www/html/vendor/elasticsearch/elasticsearch/src/Elasticsearch/Connections/Connection.php:685"}},"level":500,"level_name":"CRITICAL","channel":"app","datetime":"2025-07-18T17:35:53.159867+00:00","extra":{}}
php-fpm-1  | resolveFriendlyUrl: 404 Not Found because friendly URL not found with slug (php-cgi/php-cgi.exe) and domainId (1)
php-fpm-1  | {"message":"[GraphQL] Elasticsearch\\Common\\Exceptions\\Missing404Exception: {\"error\":{\"root_cause\":[{\"type\":\"index_not_found_exception\",\"reason\":\"no such index [jm-after-build-bug-fix-ssp-3495-f8_article_1]\",\"resource.type\":\"index_or_alias\",\"resource.id\":\"jm-after-build-bug-fix-ssp-3495-f8_article_1\",\"index_uuid\":\"_na_\",\"index\":\"jm-after-build-bug-fix-ssp-3495-f8_article_1\"}],\"type\":\"index_not_found_exception\",\"reason\":\"no such index [jm-after-build-bug-fix-ssp-3495-f8_article_1]\",\"resource.type\":\"index_or_alias\",\"resource.id\":\"jm-after-build-bug-fix-ssp-3495-f8_article_1\",\"index_uuid\":\"_na_\",\"index\":\"jm-after-build-bug-fix-ssp-3495-f8_article_1\"},\"status\":404}[404] (caught throwable) at /var/www/html/vendor/elasticsearch/elasticsearch/src/Elasticsearch/Connections/Connection.php line 685.","context":{"exception":{"class":"Elasticsearch\\Common\\Exceptions\\Missing404Exception","message":"{\"error\":{\"root_cause\":[{\"type\":\"index_not_found_exception\",\"reason\":\"no such index [jm-after-build-bug-fix-ssp-3495-f8_article_1]\",\"resource.type\":\"index_or_alias\",\"resource.id\":\"jm-after-build-bug-fix-ssp-3495-f8_article_1\",\"index_uuid\":\"_na_\",\"index\":\"jm-after-build-bug-fix-ssp-3495-f8_article_1\"}],\"type\":\"index_not_found_exception\",\"reason\":\"no such index [jm-after-build-bug-fix-ssp-3495-f8_article_1]\",\"resource.type\":\"index_or_alias\",\"resource.id\":\"jm-after-build-bug-fix-ssp-3495-f8_article_1\",\"index_uuid\":\"_na_\",\"index\":\"jm-after-build-bug-fix-ssp-3495-f8_article_1\"},\"status\":404}","code":404,"file":"/var/www/html/vendor/elasticsearch/elasticsearch/src/Elasticsearch/Connections/Connection.php:685"}},"level":500,"level_name":"CRITICAL","channel":"app","datetime":"2025-07-18T17:35:53.330457+00:00","extra":{}}
php-fpm-1  | resolveFriendlyUrl: 404 Not Found because friendly URL not found with slug (server) and domainId (1)
php-fpm-1  | resolveFriendlyUrl: 404 Not Found because friendly URL not found with slug (actuator/env) and domainId (2)
php-fpm-1  | {"message":"[GraphQL] Elasticsearch\\Common\\Exceptions\\Missing404Exception: {\"error\":{\"root_cause\":[{\"type\":\"index_not_found_exception\",\"reason\":\"no such index [jm-after-build-bug-fix-ssp-3495-f8_article_1]\",\"resource.type\":\"index_or_alias\",\"resource.id\":\"jm-after-build-bug-fix-ssp-3495-f8_article_1\",\"index_uuid\":\"_na_\",\"index\":\"jm-after-build-bug-fix-ssp-3495-f8_article_1\"}],\"type\":\"index_not_found_exception\",\"reason\":\"no such index [jm-after-build-bug-fix-ssp-3495-f8_article_1]\",\"resource.type\":\"index_or_alias\",\"resource.id\":\"jm-after-build-bug-fix-ssp-3495-f8_article_1\",\"index_uuid\":\"_na_\",\"index\":\"jm-after-build-bug-fix-ssp-3495-f8_article_1\"},\"status\":404}[404] (caught throwable) at /var/www/html/vendor/elasticsearch/elasticsearch/src/Elasticsearch/Connections/Connection.php line 685.","context":{"exception":{"class":"Elasticsearch\\Common\\Exceptions\\Missing404Exception","message":"{\"error\":{\"root_cause\":[{\"type\":\"index_not_found_exception\",\"reason\":\"no such index [jm-after-build-bug-fix-ssp-3495-f8_article_1]\",\"resource.type\":\"index_or_alias\",\"resource.id\":\"jm-after-build-bug-fix-ssp-3495-f8_article_1\",\"index_uuid\":\"_na_\",\"index\":\"jm-after-build-bug-fix-ssp-3495-f8_article_1\"}],\"type\":\"index_not_found_exception\",\"reason\":\"no such index [jm-after-build-bug-fix-ssp-3495-f8_article_1]\",\"resource.type\":\"index_or_alias\",\"resource.id\":\"jm-after-build-bug-fix-ssp-3495-f8_article_1\",\"index_uuid\":\"_na_\",\"index\":\"jm-after-build-bug-fix-ssp-3495-f8_article_1\"},\"status\":404}","code":404,"file":"/var/www/html/vendor/elasticsearch/elasticsearch/src/Elasticsearch/Connections/Connection.php:685"}},"level":500,"level_name":"CRITICAL","channel":"app","datetime":"2025-07-18T17:35:53.723170+00:00","extra":{}}
php-fpm-1  | {"message":"[GraphQL] Elasticsearch\\Common\\Exceptions\\Missing404Exception: {\"error\":{\"root_cause\":[{\"type\":\"index_not_found_exception\",\"reason\":\"no such index [jm-after-build-bug-fix-ssp-3495-f8_article_2]\",\"resource.type\":\"index_or_alias\",\"resource.id\":\"jm-after-build-bug-fix-ssp-3495-f8_article_2\",\"index_uuid\":\"_na_\",\"index\":\"jm-after-build-bug-fix-ssp-3495-f8_article_2\"}],\"type\":\"index_not_found_exception\",\"reason\":\"no such index [jm-after-build-bug-fix-ssp-3495-f8_article_2]\",\"resource.type\":\"index_or_alias\",\"resource.id\":\"jm-after-build-bug-fix-ssp-3495-f8_article_2\",\"index_uuid\":\"_na_\",\"index\":\"jm-after-build-bug-fix-ssp-3495-f8_article_2\"},\"status\":404}[404] (caught throwable) at /var/www/html/vendor/elasticsearch/elasticsearch/src/Elasticsearch/Connections/Connection.php line 685.","context":{"exception":{"class":"Elasticsearch\\Common\\Exceptions\\Missing404Exception","message":"{\"error\":{\"root_cause\":[{\"type\":\"index_not_found_exception\",\"reason\":\"no such index [jm-after-build-bug-fix-ssp-3495-f8_article_2]\",\"resource.type\":\"index_or_alias\",\"resource.id\":\"jm-after-build-bug-fix-ssp-3495-f8_article_2\",\"index_uuid\":\"_na_\",\"index\":\"jm-after-build-bug-fix-ssp-3495-f8_article_2\"}],\"type\":\"index_not_found_exception\",\"reason\":\"no such index [jm-after-build-bug-fix-ssp-3495-f8_article_2]\",\"resource.type\":\"index_or_alias\",\"resource.id\":\"jm-after-build-bug-fix-ssp-3495-f8_article_2\",\"index_uuid\":\"_na_\",\"index\":\"jm-after-build-bug-fix-ssp-3495-f8_article_2\"},\"status\":404}","code":404,"file":"/var/www/html/vendor/elasticsearch/elasticsearch/src/Elasticsearch/Connections/Connection.php:685"}},"level":500,"level_name":"CRITICAL","channel":"app","datetime":"2025-07-18T17:35:53.797566+00:00","extra":{}}
php-fpm-1  | resolveFriendlyUrl: 404 Not Found because friendly URL not found with slug (.vscode/sftp.json) and domainId (1)
php-fpm-1  | {"message":"[GraphQL] Elasticsearch\\Common\\Exceptions\\Missing404Exception: {\"error\":{\"root_cause\":[{\"type\":\"index_not_found_exception\",\"reason\":\"no such index [jm-after-build-bug-fix-ssp-3495-f8_article_1]\",\"resource.type\":\"index_or_alias\",\"resource.id\":\"jm-after-build-bug-fix-ssp-3495-f8_article_1\",\"index_uuid\":\"_na_\",\"index\":\"jm-after-build-bug-fix-ssp-3495-f8_article_1\"}],\"type\":\"index_not_found_exception\",\"reason\":\"no such index [jm-after-build-bug-fix-ssp-3495-f8_article_1]\",\"resource.type\":\"index_or_alias\",\"resource.id\":\"jm-after-build-bug-fix-ssp-3495-f8_article_1\",\"index_uuid\":\"_na_\",\"index\":\"jm-after-build-bug-fix-ssp-3495-f8_article_1\"},\"status\":404}[404] (caught throwable) at /var/www/html/vendor/elasticsearch/elasticsearch/src/Elasticsearch/Connections/Connection.php line 685.","context":{"exception":{"class":"Elasticsearch\\Common\\Exceptions\\Missing404Exception","message":"{\"error\":{\"root_cause\":[{\"type\":\"index_not_found_exception\",\"reason\":\"no such index [jm-after-build-bug-fix-ssp-3495-f8_article_1]\",\"resource.type\":\"index_or_alias\",\"resource.id\":\"jm-after-build-bug-fix-ssp-3495-f8_article_1\",\"index_uuid\":\"_na_\",\"index\":\"jm-after-build-bug-fix-ssp-3495-f8_article_1\"}],\"type\":\"index_not_found_exception\",\"reason\":\"no such index [jm-after-build-bug-fix-ssp-3495-f8_article_1]\",\"resource.type\":\"index_or_alias\",\"resource.id\":\"jm-after-build-bug-fix-ssp-3495-f8_article_1\",\"index_uuid\":\"_na_\",\"index\":\"jm-after-build-bug-fix-ssp-3495-f8_article_1\"},\"status\":404}","code":404,"file":"/var/www/html/vendor/elasticsearch/elasticsearch/src/Elasticsearch/Connections/Connection.php:685"}},"level":500,"level_name":"CRITICAL","channel":"app","datetime":"2025-07-18T17:35:54.051850+00:00","extra":{}}
php-fpm-1  | resolveFriendlyUrl: 404 Not Found because friendly URL not found with slug (php-cgi/php-cgi.exe) and domainId (2)
php-fpm-1  | resolveFriendlyUrl: 404 Not Found because friendly URL not found with slug (about) and domainId (1)
php-fpm-1  | {"message":"[GraphQL] Elasticsearch\\Common\\Exceptions\\Missing404Exception: {\"error\":{\"root_cause\":[{\"type\":\"index_not_found_exception\",\"reason\":\"no such index [jm-after-build-bug-fix-ssp-3495-f8_article_2]\",\"resource.type\":\"index_or_alias\",\"resource.id\":\"jm-after-build-bug-fix-ssp-3495-f8_article_2\",\"index_uuid\":\"_na_\",\"index\":\"jm-after-build-bug-fix-ssp-3495-f8_article_2\"}],\"type\":\"index_not_found_exception\",\"reason\":\"no such index [jm-after-build-bug-fix-ssp-3495-f8_article_2]\",\"resource.type\":\"index_or_alias\",\"resource.id\":\"jm-after-build-bug-fix-ssp-3495-f8_article_2\",\"index_uuid\":\"_na_\",\"index\":\"jm-after-build-bug-fix-ssp-3495-f8_article_2\"},\"status\":404}[404] (caught throwable) at /var/www/html/vendor/elasticsearch/elasticsearch/src/Elasticsearch/Connections/Connection.php line 685.","context":{"exception":{"class":"Elasticsearch\\Common\\Exceptions\\Missing404Exception","message":"{\"error\":{\"root_cause\":[{\"type\":\"index_not_found_exception\",\"reason\":\"no such index [jm-after-build-bug-fix-ssp-3495-f8_article_2]\",\"resource.type\":\"index_or_alias\",\"resource.id\":\"jm-after-build-bug-fix-ssp-3495-f8_article_2\",\"index_uuid\":\"_na_\",\"index\":\"jm-after-build-bug-fix-ssp-3495-f8_article_2\"}],\"type\":\"index_not_found_exception\",\"reason\":\"no such index [jm-after-build-bug-fix-ssp-3495-f8_article_2]\",\"resource.type\":\"index_or_alias\",\"resource.id\":\"jm-after-build-bug-fix-ssp-3495-f8_article_2\",\"index_uuid\":\"_na_\",\"index\":\"jm-after-build-bug-fix-ssp-3495-f8_article_2\"},\"status\":404}","code":404,"file":"/var/www/html/vendor/elasticsearch/elasticsearch/src/Elasticsearch/Connections/Connection.php:685"}},"level":500,"level_name":"CRITICAL","channel":"app","datetime":"2025-07-18T17:35:54.374207+00:00","extra":{}}
php-fpm-1  | {"message":"[GraphQL] Elasticsearch\\Common\\Exceptions\\Missing404Exception: {\"error\":{\"root_cause\":[{\"type\":\"index_not_found_exception\",\"reason\":\"no such index [jm-after-build-bug-fix-ssp-3495-f8_article_1]\",\"resource.type\":\"index_or_alias\",\"resource.id\":\"jm-after-build-bug-fix-ssp-3495-f8_article_1\",\"index_uuid\":\"_na_\",\"index\":\"jm-after-build-bug-fix-ssp-3495-f8_article_1\"}],\"type\":\"index_not_found_exception\",\"reason\":\"no such index [jm-after-build-bug-fix-ssp-3495-f8_article_1]\",\"resource.type\":\"index_or_alias\",\"resource.id\":\"jm-after-build-bug-fix-ssp-3495-f8_article_1\",\"index_uuid\":\"_na_\",\"index\":\"jm-after-build-bug-fix-ssp-3495-f8_article_1\"},\"status\":404}[404] (caught throwable) at /var/www/html/vendor/elasticsearch/elasticsearch/src/Elasticsearch/Connections/Connection.php line 685.","context":{"exception":{"class":"Elasticsearch\\Common\\Exceptions\\Missing404Exception","message":"{\"error\":{\"root_cause\":[{\"type\":\"index_not_found_exception\",\"reason\":\"no such index [jm-after-build-bug-fix-ssp-3495-f8_article_1]\",\"resource.type\":\"index_or_alias\",\"resource.id\":\"jm-after-build-bug-fix-ssp-3495-f8_article_1\",\"index_uuid\":\"_na_\",\"index\":\"jm-after-build-bug-fix-ssp-3495-f8_article_1\"}],\"type\":\"index_not_found_exception\",\"reason\":\"no such index [jm-after-build-bug-fix-ssp-3495-f8_article_1]\",\"resource.type\":\"index_or_alias\",\"resource.id\":\"jm-after-build-bug-fix-ssp-3495-f8_article_1\",\"index_uuid\":\"_na_\",\"index\":\"jm-after-build-bug-fix-ssp-3495-f8_article_1\"},\"status\":404}","code":404,"file":"/var/www/html/vendor/elasticsearch/elasticsearch/src/Elasticsearch/Connections/Connection.php:685"}},"level":500,"level_name":"CRITICAL","channel":"app","datetime":"2025-07-18T17:35:54.632192+00:00","extra":{}}
php-fpm-1  | resolveFriendlyUrl: 404 Not Found because friendly URL not found with slug (server) and domainId (2)
php-fpm-1  | resolveFriendlyUrl: 404 Not Found because friendly URL not found with slug (debug/default/view) and domainId (1)
php-fpm-1  | {"message":"[GraphQL] Elasticsearch\\Common\\Exceptions\\Missing404Exception: {\"error\":{\"root_cause\":[{\"type\":\"index_not_found_exception\",\"reason\":\"no such index [jm-after-build-bug-fix-ssp-3495-f8_article_2]\",\"resource.type\":\"index_or_alias\",\"resource.id\":\"jm-after-build-bug-fix-ssp-3495-f8_article_2\",\"index_uuid\":\"_na_\",\"index\":\"jm-after-build-bug-fix-ssp-3495-f8_article_2\"}],\"type\":\"index_not_found_exception\",\"reason\":\"no such index [jm-after-build-bug-fix-ssp-3495-f8_article_2]\",\"resource.type\":\"index_or_alias\",\"resource.id\":\"jm-after-build-bug-fix-ssp-3495-f8_article_2\",\"index_uuid\":\"_na_\",\"index\":\"jm-after-build-bug-fix-ssp-3495-f8_article_2\"},\"status\":404}[404] (caught throwable) at /var/www/html/vendor/elasticsearch/elasticsearch/src/Elasticsearch/Connections/Connection.php line 685.","context":{"exception":{"class":"Elasticsearch\\Common\\Exceptions\\Missing404Exception","message":"{\"error\":{\"root_cause\":[{\"type\":\"index_not_found_exception\",\"reason\":\"no such index [jm-after-build-bug-fix-ssp-3495-f8_article_2]\",\"resource.type\":\"index_or_alias\",\"resource.id\":\"jm-after-build-bug-fix-ssp-3495-f8_article_2\",\"index_uuid\":\"_na_\",\"index\":\"jm-after-build-bug-fix-ssp-3495-f8_article_2\"}],\"type\":\"index_not_found_exception\",\"reason\":\"no such index [jm-after-build-bug-fix-ssp-3495-f8_article_2]\",\"resource.type\":\"index_or_alias\",\"resource.id\":\"jm-after-build-bug-fix-ssp-3495-f8_article_2\",\"index_uuid\":\"_na_\",\"index\":\"jm-after-build-bug-fix-ssp-3495-f8_article_2\"},\"status\":404}","code":404,"file":"/var/www/html/vendor/elasticsearch/elasticsearch/src/Elasticsearch/Connections/Connection.php:685"}},"level":500,"level_name":"CRITICAL","channel":"app","datetime":"2025-07-18T17:35:54.993352+00:00","extra":{}}
php-fpm-1  | {"message":"[GraphQL] Elasticsearch\\Common\\Exceptions\\Missing404Exception: {\"error\":{\"root_cause\":[{\"type\":\"index_not_found_exception\",\"reason\":\"no such index [jm-after-build-bug-fix-ssp-3495-f8_article_1]\",\"resource.type\":\"index_or_alias\",\"resource.id\":\"jm-after-build-bug-fix-ssp-3495-f8_article_1\",\"index_uuid\":\"_na_\",\"index\":\"jm-after-build-bug-fix-ssp-3495-f8_article_1\"}],\"type\":\"index_not_found_exception\",\"reason\":\"no such index [jm-after-build-bug-fix-ssp-3495-f8_article_1]\",\"resource.type\":\"index_or_alias\",\"resource.id\":\"jm-after-build-bug-fix-ssp-3495-f8_article_1\",\"index_uuid\":\"_na_\",\"index\":\"jm-after-build-bug-fix-ssp-3495-f8_article_1\"},\"status\":404}[404] (caught throwable) at /var/www/html/vendor/elasticsearch/elasticsearch/src/Elasticsearch/Connections/Connection.php line 685.","context":{"exception":{"class":"Elasticsearch\\Common\\Exceptions\\Missing404Exception","message":"{\"error\":{\"root_cause\":[{\"type\":\"index_not_found_exception\",\"reason\":\"no such index [jm-after-build-bug-fix-ssp-3495-f8_article_1]\",\"resource.type\":\"index_or_alias\",\"resource.id\":\"jm-after-build-bug-fix-ssp-3495-f8_article_1\",\"index_uuid\":\"_na_\",\"index\":\"jm-after-build-bug-fix-ssp-3495-f8_article_1\"}],\"type\":\"index_not_found_exception\",\"reason\":\"no such index [jm-after-build-bug-fix-ssp-3495-f8_article_1]\",\"resource.type\":\"index_or_alias\",\"resource.id\":\"jm-after-build-bug-fix-ssp-3495-f8_article_1\",\"index_uuid\":\"_na_\",\"index\":\"jm-after-build-bug-fix-ssp-3495-f8_article_1\"},\"status\":404}","code":404,"file":"/var/www/html/vendor/elasticsearch/elasticsearch/src/Elasticsearch/Connections/Connection.php:685"}},"level":500,"level_name":"CRITICAL","channel":"app","datetime":"2025-07-18T17:35:55.127632+00:00","extra":{}}
php-fpm-1  | resolveFriendlyUrl: 404 Not Found because friendly URL not found with slug (v2/_catalog) and domainId (1)
php-fpm-1  | resolveFriendlyUrl: 404 Not Found because friendly URL not found with slug (.vscode/sftp.json) and domainId (2)
php-fpm-1  | {"message":"[GraphQL] Elasticsearch\\Common\\Exceptions\\Missing404Exception: {\"error\":{\"root_cause\":[{\"type\":\"index_not_found_exception\",\"reason\":\"no such index [jm-after-build-bug-fix-ssp-3495-f8_article_1]\",\"resource.type\":\"index_or_alias\",\"resource.id\":\"jm-after-build-bug-fix-ssp-3495-f8_article_1\",\"index_uuid\":\"_na_\",\"index\":\"jm-after-build-bug-fix-ssp-3495-f8_article_1\"}],\"type\":\"index_not_found_exception\",\"reason\":\"no such index [jm-after-build-bug-fix-ssp-3495-f8_article_1]\",\"resource.type\":\"index_or_alias\",\"resource.id\":\"jm-after-build-bug-fix-ssp-3495-f8_article_1\",\"index_uuid\":\"_na_\",\"index\":\"jm-after-build-bug-fix-ssp-3495-f8_article_1\"},\"status\":404}[404] (caught throwable) at /var/www/html/vendor/elasticsearch/elasticsearch/src/Elasticsearch/Connections/Connection.php line 685.","context":{"exception":{"class":"Elasticsearch\\Common\\Exceptions\\Missing404Exception","message":"{\"error\":{\"root_cause\":[{\"type\":\"index_not_found_exception\",\"reason\":\"no such index [jm-after-build-bug-fix-ssp-3495-f8_article_1]\",\"resource.type\":\"index_or_alias\",\"resource.id\":\"jm-after-build-bug-fix-ssp-3495-f8_article_1\",\"index_uuid\":\"_na_\",\"index\":\"jm-after-build-bug-fix-ssp-3495-f8_article_1\"}],\"type\":\"index_not_found_exception\",\"reason\":\"no such index [jm-after-build-bug-fix-ssp-3495-f8_article_1]\",\"resource.type\":\"index_or_alias\",\"resource.id\":\"jm-after-build-bug-fix-ssp-3495-f8_article_1\",\"index_uuid\":\"_na_\",\"index\":\"jm-after-build-bug-fix-ssp-3495-f8_article_1\"},\"status\":404}","code":404,"file":"/var/www/html/vendor/elasticsearch/elasticsearch/src/Elasticsearch/Connections/Connection.php:685"}},"level":500,"level_name":"CRITICAL","channel":"app","datetime":"2025-07-18T17:35:55.501723+00:00","extra":{}}
php-fpm-1  | {"message":"[GraphQL] Elasticsearch\\Common\\Exceptions\\Missing404Exception: {\"error\":{\"root_cause\":[{\"type\":\"index_not_found_exception\",\"reason\":\"no such index [jm-after-build-bug-fix-ssp-3495-f8_article_2]\",\"resource.type\":\"index_or_alias\",\"resource.id\":\"jm-after-build-bug-fix-ssp-3495-f8_article_2\",\"index_uuid\":\"_na_\",\"index\":\"jm-after-build-bug-fix-ssp-3495-f8_article_2\"}],\"type\":\"index_not_found_exception\",\"reason\":\"no such index [jm-after-build-bug-fix-ssp-3495-f8_article_2]\",\"resource.type\":\"index_or_alias\",\"resource.id\":\"jm-after-build-bug-fix-ssp-3495-f8_article_2\",\"index_uuid\":\"_na_\",\"index\":\"jm-after-build-bug-fix-ssp-3495-f8_article_2\"},\"status\":404}[404] (caught throwable) at /var/www/html/vendor/elasticsearch/elasticsearch/src/Elasticsearch/Connections/Connection.php line 685.","context":{"exception":{"class":"Elasticsearch\\Common\\Exceptions\\Missing404Exception","message":"{\"error\":{\"root_cause\":[{\"type\":\"index_not_found_exception\",\"reason\":\"no such index [jm-after-build-bug-fix-ssp-3495-f8_article_2]\",\"resource.type\":\"index_or_alias\",\"resource.id\":\"jm-after-build-bug-fix-ssp-3495-f8_article_2\",\"index_uuid\":\"_na_\",\"index\":\"jm-after-build-bug-fix-ssp-3495-f8_article_2\"}],\"type\":\"index_not_found_exception\",\"reason\":\"no such index [jm-after-build-bug-fix-ssp-3495-f8_article_2]\",\"resource.type\":\"index_or_alias\",\"resource.id\":\"jm-after-build-bug-fix-ssp-3495-f8_article_2\",\"index_uuid\":\"_na_\",\"index\":\"jm-after-build-bug-fix-ssp-3495-f8_article_2\"},\"status\":404}","code":404,"file":"/var/www/html/vendor/elasticsearch/elasticsearch/src/Elasticsearch/Connections/Connection.php:685"}},"level":500,"level_name":"CRITICAL","channel":"app","datetime":"2025-07-18T17:35:55.635139+00:00","extra":{}}
php-fpm-1  | resolveFriendlyUrl: 404 Not Found because friendly URL not found with slug (ecp/Current/exporttool/microsoft.exchange.ediscovery.exporttool.application) and domainId (1)
php-fpm-1  | resolveFriendlyUrl: 404 Not Found because friendly URL not found with slug (about) and domainId (2)
php-fpm-1  | {"message":"[GraphQL] Elasticsearch\\Common\\Exceptions\\Missing404Exception: {\"error\":{\"root_cause\":[{\"type\":\"index_not_found_exception\",\"reason\":\"no such index [jm-after-build-bug-fix-ssp-3495-f8_article_1]\",\"resource.type\":\"index_or_alias\",\"resource.id\":\"jm-after-build-bug-fix-ssp-3495-f8_article_1\",\"index_uuid\":\"_na_\",\"index\":\"jm-after-build-bug-fix-ssp-3495-f8_article_1\"}],\"type\":\"index_not_found_exception\",\"reason\":\"no such index [jm-after-build-bug-fix-ssp-3495-f8_article_1]\",\"resource.type\":\"index_or_alias\",\"resource.id\":\"jm-after-build-bug-fix-ssp-3495-f8_article_1\",\"index_uuid\":\"_na_\",\"index\":\"jm-after-build-bug-fix-ssp-3495-f8_article_1\"},\"status\":404}[404] (caught throwable) at /var/www/html/vendor/elasticsearch/elasticsearch/src/Elasticsearch/Connections/Connection.php line 685.","context":{"exception":{"class":"Elasticsearch\\Common\\Exceptions\\Missing404Exception","message":"{\"error\":{\"root_cause\":[{\"type\":\"index_not_found_exception\",\"reason\":\"no such index [jm-after-build-bug-fix-ssp-3495-f8_article_1]\",\"resource.type\":\"index_or_alias\",\"resource.id\":\"jm-after-build-bug-fix-ssp-3495-f8_article_1\",\"index_uuid\":\"_na_\",\"index\":\"jm-after-build-bug-fix-ssp-3495-f8_article_1\"}],\"type\":\"index_not_found_exception\",\"reason\":\"no such index [jm-after-build-bug-fix-ssp-3495-f8_article_1]\",\"resource.type\":\"index_or_alias\",\"resource.id\":\"jm-after-build-bug-fix-ssp-3495-f8_article_1\",\"index_uuid\":\"_na_\",\"index\":\"jm-after-build-bug-fix-ssp-3495-f8_article_1\"},\"status\":404}","code":404,"file":"/var/www/html/vendor/elasticsearch/elasticsearch/src/Elasticsearch/Connections/Connection.php:685"}},"level":500,"level_name":"CRITICAL","channel":"app","datetime":"2025-07-18T17:35:56.026297+00:00","extra":{}}
php-fpm-1  | resolveFriendlyUrl: 404 Not Found because friendly URL not found with slug (server-status) and domainId (1)
php-fpm-1  | {"message":"[GraphQL] Elasticsearch\\Common\\Exceptions\\Missing404Exception: {\"error\":{\"root_cause\":[{\"type\":\"index_not_found_exception\",\"reason\":\"no such index [jm-after-build-bug-fix-ssp-3495-f8_article_2]\",\"resource.type\":\"index_or_alias\",\"resource.id\":\"jm-after-build-bug-fix-ssp-3495-f8_article_2\",\"index_uuid\":\"_na_\",\"index\":\"jm-after-build-bug-fix-ssp-3495-f8_article_2\"}],\"type\":\"index_not_found_exception\",\"reason\":\"no such index [jm-after-build-bug-fix-ssp-3495-f8_article_2]\",\"resource.type\":\"index_or_alias\",\"resource.id\":\"jm-after-build-bug-fix-ssp-3495-f8_article_2\",\"index_uuid\":\"_na_\",\"index\":\"jm-after-build-bug-fix-ssp-3495-f8_article_2\"},\"status\":404}[404] (caught throwable) at /var/www/html/vendor/elasticsearch/elasticsearch/src/Elasticsearch/Connections/Connection.php line 685.","context":{"exception":{"class":"Elasticsearch\\Common\\Exceptions\\Missing404Exception","message":"{\"error\":{\"root_cause\":[{\"type\":\"index_not_found_exception\",\"reason\":\"no such index [jm-after-build-bug-fix-ssp-3495-f8_article_2]\",\"resource.type\":\"index_or_alias\",\"resource.id\":\"jm-after-build-bug-fix-ssp-3495-f8_article_2\",\"index_uuid\":\"_na_\",\"index\":\"jm-after-build-bug-fix-ssp-3495-f8_article_2\"}],\"type\":\"index_not_found_exception\",\"reason\":\"no such index [jm-after-build-bug-fix-ssp-3495-f8_article_2]\",\"resource.type\":\"index_or_alias\",\"resource.id\":\"jm-after-build-bug-fix-ssp-3495-f8_article_2\",\"index_uuid\":\"_na_\",\"index\":\"jm-after-build-bug-fix-ssp-3495-f8_article_2\"},\"status\":404}","code":404,"file":"/var/www/html/vendor/elasticsearch/elasticsearch/src/Elasticsearch/Connections/Connection.php:685"}},"level":500,"level_name":"CRITICAL","channel":"app","datetime":"2025-07-18T17:35:56.206859+00:00","extra":{}}
php-fpm-1  | {"message":"[GraphQL] Elasticsearch\\Common\\Exceptions\\Missing404Exception: {\"error\":{\"root_cause\":[{\"type\":\"index_not_found_exception\",\"reason\":\"no such index [jm-after-build-bug-fix-ssp-3495-f8_article_1]\",\"resource.type\":\"index_or_alias\",\"resource.id\":\"jm-after-build-bug-fix-ssp-3495-f8_article_1\",\"index_uuid\":\"_na_\",\"index\":\"jm-after-build-bug-fix-ssp-3495-f8_article_1\"}],\"type\":\"index_not_found_exception\",\"reason\":\"no such index [jm-after-build-bug-fix-ssp-3495-f8_article_1]\",\"resource.type\":\"index_or_alias\",\"resource.id\":\"jm-after-build-bug-fix-ssp-3495-f8_article_1\",\"index_uuid\":\"_na_\",\"index\":\"jm-after-build-bug-fix-ssp-3495-f8_article_1\"},\"status\":404}[404] (caught throwable) at /var/www/html/vendor/elasticsearch/elasticsearch/src/Elasticsearch/Connections/Connection.php line 685.","context":{"exception":{"class":"Elasticsearch\\Common\\Exceptions\\Missing404Exception","message":"{\"error\":{\"root_cause\":[{\"type\":\"index_not_found_exception\",\"reason\":\"no such index [jm-after-build-bug-fix-ssp-3495-f8_article_1]\",\"resource.type\":\"index_or_alias\",\"resource.id\":\"jm-after-build-bug-fix-ssp-3495-f8_article_1\",\"index_uuid\":\"_na_\",\"index\":\"jm-after-build-bug-fix-ssp-3495-f8_article_1\"}],\"type\":\"index_not_found_exception\",\"reason\":\"no such index [jm-after-build-bug-fix-ssp-3495-f8_article_1]\",\"resource.type\":\"index_or_alias\",\"resource.id\":\"jm-after-build-bug-fix-ssp-3495-f8_article_1\",\"index_uuid\":\"_na_\",\"index\":\"jm-after-build-bug-fix-ssp-3495-f8_article_1\"},\"status\":404}","code":404,"file":"/var/www/html/vendor/elasticsearch/elasticsearch/src/Elasticsearch/Connections/Connection.php:685"}},"level":500,"level_name":"CRITICAL","channel":"app","datetime":"2025-07-18T17:35:56.353874+00:00","extra":{}}
php-fpm-1  | resolveFriendlyUrl: 404 Not Found because friendly URL not found with slug (login.action) and domainId (1)
php-fpm-1  | {"message":"[GraphQL] Elasticsearch\\Common\\Exceptions\\Missing404Exception: {\"error\":{\"root_cause\":[{\"type\":\"index_not_found_exception\",\"reason\":\"no such index [jm-after-build-bug-fix-ssp-3495-f8_article_1]\",\"resource.type\":\"index_or_alias\",\"resource.id\":\"jm-after-build-bug-fix-ssp-3495-f8_article_1\",\"index_uuid\":\"_na_\",\"index\":\"jm-after-build-bug-fix-ssp-3495-f8_article_1\"}],\"type\":\"index_not_found_exception\",\"reason\":\"no such index [jm-after-build-bug-fix-ssp-3495-f8_article_1]\",\"resource.type\":\"index_or_alias\",\"resource.id\":\"jm-after-build-bug-fix-ssp-3495-f8_article_1\",\"index_uuid\":\"_na_\",\"index\":\"jm-after-build-bug-fix-ssp-3495-f8_article_1\"},\"status\":404}[404] (caught throwable) at /var/www/html/vendor/elasticsearch/elasticsearch/src/Elasticsearch/Connections/Connection.php line 685.","context":{"exception":{"class":"Elasticsearch\\Common\\Exceptions\\Missing404Exception","message":"{\"error\":{\"root_cause\":[{\"type\":\"index_not_found_exception\",\"reason\":\"no such index [jm-after-build-bug-fix-ssp-3495-f8_article_1]\",\"resource.type\":\"index_or_alias\",\"resource.id\":\"jm-after-build-bug-fix-ssp-3495-f8_article_1\",\"index_uuid\":\"_na_\",\"index\":\"jm-after-build-bug-fix-ssp-3495-f8_article_1\"}],\"type\":\"index_not_found_exception\",\"reason\":\"no such index [jm-after-build-bug-fix-ssp-3495-f8_article_1]\",\"resource.type\":\"index_or_alias\",\"resource.id\":\"jm-after-build-bug-fix-ssp-3495-f8_article_1\",\"index_uuid\":\"_na_\",\"index\":\"jm-after-build-bug-fix-ssp-3495-f8_article_1\"},\"status\":404}","code":404,"file":"/var/www/html/vendor/elasticsearch/elasticsearch/src/Elasticsearch/Connections/Connection.php:685"}},"level":500,"level_name":"CRITICAL","channel":"app","datetime":"2025-07-18T17:35:56.682090+00:00","extra":{}}
php-fpm-1  | resolveFriendlyUrl: 404 Not Found because friendly URL not found with slug (debug/default/view) and domainId (2)
php-fpm-1  | {"message":"[GraphQL] Elasticsearch\\Common\\Exceptions\\Missing404Exception: {\"error\":{\"root_cause\":[{\"type\":\"index_not_found_exception\",\"reason\":\"no such index [jm-after-build-bug-fix-ssp-3495-f8_article_2]\",\"resource.type\":\"index_or_alias\",\"resource.id\":\"jm-after-build-bug-fix-ssp-3495-f8_article_2\",\"index_uuid\":\"_na_\",\"index\":\"jm-after-build-bug-fix-ssp-3495-f8_article_2\"}],\"type\":\"index_not_found_exception\",\"reason\":\"no such index [jm-after-build-bug-fix-ssp-3495-f8_article_2]\",\"resource.type\":\"index_or_alias\",\"resource.id\":\"jm-after-build-bug-fix-ssp-3495-f8_article_2\",\"index_uuid\":\"_na_\",\"index\":\"jm-after-build-bug-fix-ssp-3495-f8_article_2\"},\"status\":404}[404] (caught throwable) at /var/www/html/vendor/elasticsearch/elasticsearch/src/Elasticsearch/Connections/Connection.php line 685.","context":{"exception":{"class":"Elasticsearch\\Common\\Exceptions\\Missing404Exception","message":"{\"error\":{\"root_cause\":[{\"type\":\"index_not_found_exception\",\"reason\":\"no such index [jm-after-build-bug-fix-ssp-3495-f8_article_2]\",\"resource.type\":\"index_or_alias\",\"resource.id\":\"jm-after-build-bug-fix-ssp-3495-f8_article_2\",\"index_uuid\":\"_na_\",\"index\":\"jm-after-build-bug-fix-ssp-3495-f8_article_2\"}],\"type\":\"index_not_found_exception\",\"reason\":\"no such index [jm-after-build-bug-fix-ssp-3495-f8_article_2]\",\"resource.type\":\"index_or_alias\",\"resource.id\":\"jm-after-build-bug-fix-ssp-3495-f8_article_2\",\"index_uuid\":\"_na_\",\"index\":\"jm-after-build-bug-fix-ssp-3495-f8_article_2\"},\"status\":404}","code":404,"file":"/var/www/html/vendor/elasticsearch/elasticsearch/src/Elasticsearch/Connections/Connection.php:685"}},"level":500,"level_name":"CRITICAL","channel":"app","datetime":"2025-07-18T17:35:56.906645+00:00","extra":{}}
php-fpm-1  | resolveFriendlyUrl: 404 Not Found because friendly URL not found with slug (_all_dbs) and domainId (1)
php-fpm-1  | {"message":"[GraphQL] Elasticsearch\\Common\\Exceptions\\Missing404Exception: {\"error\":{\"root_cause\":[{\"type\":\"index_not_found_exception\",\"reason\":\"no such index [jm-after-build-bug-fix-ssp-3495-f8_article_1]\",\"resource.type\":\"index_or_alias\",\"resource.id\":\"jm-after-build-bug-fix-ssp-3495-f8_article_1\",\"index_uuid\":\"_na_\",\"index\":\"jm-after-build-bug-fix-ssp-3495-f8_article_1\"}],\"type\":\"index_not_found_exception\",\"reason\":\"no such index [jm-after-build-bug-fix-ssp-3495-f8_article_1]\",\"resource.type\":\"index_or_alias\",\"resource.id\":\"jm-after-build-bug-fix-ssp-3495-f8_article_1\",\"index_uuid\":\"_na_\",\"index\":\"jm-after-build-bug-fix-ssp-3495-f8_article_1\"},\"status\":404}[404] (caught throwable) at /var/www/html/vendor/elasticsearch/elasticsearch/src/Elasticsearch/Connections/Connection.php line 685.","context":{"exception":{"class":"Elasticsearch\\Common\\Exceptions\\Missing404Exception","message":"{\"error\":{\"root_cause\":[{\"type\":\"index_not_found_exception\",\"reason\":\"no such index [jm-after-build-bug-fix-ssp-3495-f8_article_1]\",\"resource.type\":\"index_or_alias\",\"resource.id\":\"jm-after-build-bug-fix-ssp-3495-f8_article_1\",\"index_uuid\":\"_na_\",\"index\":\"jm-after-build-bug-fix-ssp-3495-f8_article_1\"}],\"type\":\"index_not_found_exception\",\"reason\":\"no such index [jm-after-build-bug-fix-ssp-3495-f8_article_1]\",\"resource.type\":\"index_or_alias\",\"resource.id\":\"jm-after-build-bug-fix-ssp-3495-f8_article_1\",\"index_uuid\":\"_na_\",\"index\":\"jm-after-build-bug-fix-ssp-3495-f8_article_1\"},\"status\":404}","code":404,"file":"/var/www/html/vendor/elasticsearch/elasticsearch/src/Elasticsearch/Connections/Connection.php:685"}},"level":500,"level_name":"CRITICAL","channel":"app","datetime":"2025-07-18T17:35:57.179950+00:00","extra":{}}
php-fpm-1  | resolveFriendlyUrl: 404 Not Found because friendly URL not found with slug (.DS_Store) and domainId (1)
php-fpm-1  | resolveFriendlyUrl: 404 Not Found because friendly URL not found with slug (v2/_catalog) and domainId (2)
php-fpm-1  | {"message":"[GraphQL] Elasticsearch\\Common\\Exceptions\\Missing404Exception: {\"error\":{\"root_cause\":[{\"type\":\"index_not_found_exception\",\"reason\":\"no such index [jm-after-build-bug-fix-ssp-3495-f8_article_1]\",\"resource.type\":\"index_or_alias\",\"resource.id\":\"jm-after-build-bug-fix-ssp-3495-f8_article_1\",\"index_uuid\":\"_na_\",\"index\":\"jm-after-build-bug-fix-ssp-3495-f8_article_1\"}],\"type\":\"index_not_found_exception\",\"reason\":\"no such index [jm-after-build-bug-fix-ssp-3495-f8_article_1]\",\"resource.type\":\"index_or_alias\",\"resource.id\":\"jm-after-build-bug-fix-ssp-3495-f8_article_1\",\"index_uuid\":\"_na_\",\"index\":\"jm-after-build-bug-fix-ssp-3495-f8_article_1\"},\"status\":404}[404] (caught throwable) at /var/www/html/vendor/elasticsearch/elasticsearch/src/Elasticsearch/Connections/Connection.php line 685.","context":{"exception":{"class":"Elasticsearch\\Common\\Exceptions\\Missing404Exception","message":"{\"error\":{\"root_cause\":[{\"type\":\"index_not_found_exception\",\"reason\":\"no such index [jm-after-build-bug-fix-ssp-3495-f8_article_1]\",\"resource.type\":\"index_or_alias\",\"resource.id\":\"jm-after-build-bug-fix-ssp-3495-f8_article_1\",\"index_uuid\":\"_na_\",\"index\":\"jm-after-build-bug-fix-ssp-3495-f8_article_1\"}],\"type\":\"index_not_found_exception\",\"reason\":\"no such index [jm-after-build-bug-fix-ssp-3495-f8_article_1]\",\"resource.type\":\"index_or_alias\",\"resource.id\":\"jm-after-build-bug-fix-ssp-3495-f8_article_1\",\"index_uuid\":\"_na_\",\"index\":\"jm-after-build-bug-fix-ssp-3495-f8_article_1\"},\"status\":404}","code":404,"file":"/var/www/html/vendor/elasticsearch/elasticsearch/src/Elasticsearch/Connections/Connection.php:685"}},"level":500,"level_name":"CRITICAL","channel":"app","datetime":"2025-07-18T17:35:57.552698+00:00","extra":{}}
php-fpm-1  | {"message":"[GraphQL] Elasticsearch\\Common\\Exceptions\\Missing404Exception: {\"error\":{\"root_cause\":[{\"type\":\"index_not_found_exception\",\"reason\":\"no such index [jm-after-build-bug-fix-ssp-3495-f8_article_2]\",\"resource.type\":\"index_or_alias\",\"resource.id\":\"jm-after-build-bug-fix-ssp-3495-f8_article_2\",\"index_uuid\":\"_na_\",\"index\":\"jm-after-build-bug-fix-ssp-3495-f8_article_2\"}],\"type\":\"index_not_found_exception\",\"reason\":\"no such index [jm-after-build-bug-fix-ssp-3495-f8_article_2]\",\"resource.type\":\"index_or_alias\",\"resource.id\":\"jm-after-build-bug-fix-ssp-3495-f8_article_2\",\"index_uuid\":\"_na_\",\"index\":\"jm-after-build-bug-fix-ssp-3495-f8_article_2\"},\"status\":404}[404] (caught throwable) at /var/www/html/vendor/elasticsearch/elasticsearch/src/Elasticsearch/Connections/Connection.php line 685.","context":{"exception":{"class":"Elasticsearch\\Common\\Exceptions\\Missing404Exception","message":"{\"error\":{\"root_cause\":[{\"type\":\"index_not_found_exception\",\"reason\":\"no such index [jm-after-build-bug-fix-ssp-3495-f8_article_2]\",\"resource.type\":\"index_or_alias\",\"resource.id\":\"jm-after-build-bug-fix-ssp-3495-f8_article_2\",\"index_uuid\":\"_na_\",\"index\":\"jm-after-build-bug-fix-ssp-3495-f8_article_2\"}],\"type\":\"index_not_found_exception\",\"reason\":\"no such index [jm-after-build-bug-fix-ssp-3495-f8_article_2]\",\"resource.type\":\"index_or_alias\",\"resource.id\":\"jm-after-build-bug-fix-ssp-3495-f8_article_2\",\"index_uuid\":\"_na_\",\"index\":\"jm-after-build-bug-fix-ssp-3495-f8_article_2\"},\"status\":404}","code":404,"file":"/var/www/html/vendor/elasticsearch/elasticsearch/src/Elasticsearch/Connections/Connection.php:685"}},"level":500,"level_name":"CRITICAL","channel":"app","datetime":"2025-07-18T17:35:57.643990+00:00","extra":{}}
php-fpm-1  | resolveFriendlyUrl: 404 Not Found because friendly URL not found with slug (.env) and domainId (1)
php-fpm-1  | resolveFriendlyUrl: 404 Not Found because friendly URL not found with slug (ecp/Current/exporttool/microsoft.exchange.ediscovery.exporttool.application) and domainId (2)
php-fpm-1  | {"message":"[GraphQL] Elasticsearch\\Common\\Exceptions\\Missing404Exception: {\"error\":{\"root_cause\":[{\"type\":\"index_not_found_exception\",\"reason\":\"no such index [jm-after-build-bug-fix-ssp-3495-f8_article_1]\",\"resource.type\":\"index_or_alias\",\"resource.id\":\"jm-after-build-bug-fix-ssp-3495-f8_article_1\",\"index_uuid\":\"_na_\",\"index\":\"jm-after-build-bug-fix-ssp-3495-f8_article_1\"}],\"type\":\"index_not_found_exception\",\"reason\":\"no such index [jm-after-build-bug-fix-ssp-3495-f8_article_1]\",\"resource.type\":\"index_or_alias\",\"resource.id\":\"jm-after-build-bug-fix-ssp-3495-f8_article_1\",\"index_uuid\":\"_na_\",\"index\":\"jm-after-build-bug-fix-ssp-3495-f8_article_1\"},\"status\":404}[404] (caught throwable) at /var/www/html/vendor/elasticsearch/elasticsearch/src/Elasticsearch/Connections/Connection.php line 685.","context":{"exception":{"class":"Elasticsearch\\Common\\Exceptions\\Missing404Exception","message":"{\"error\":{\"root_cause\":[{\"type\":\"index_not_found_exception\",\"reason\":\"no such index [jm-after-build-bug-fix-ssp-3495-f8_article_1]\",\"resource.type\":\"index_or_alias\",\"resource.id\":\"jm-after-build-bug-fix-ssp-3495-f8_article_1\",\"index_uuid\":\"_na_\",\"index\":\"jm-after-build-bug-fix-ssp-3495-f8_article_1\"}],\"type\":\"index_not_found_exception\",\"reason\":\"no such index [jm-after-build-bug-fix-ssp-3495-f8_article_1]\",\"resource.type\":\"index_or_alias\",\"resource.id\":\"jm-after-build-bug-fix-ssp-3495-f8_article_1\",\"index_uuid\":\"_na_\",\"index\":\"jm-after-build-bug-fix-ssp-3495-f8_article_1\"},\"status\":404}","code":404,"file":"/var/www/html/vendor/elasticsearch/elasticsearch/src/Elasticsearch/Connections/Connection.php:685"}},"level":500,"level_name":"CRITICAL","channel":"app","datetime":"2025-07-18T17:35:58.142863+00:00","extra":{}}
php-fpm-1  | {"message":"[GraphQL] Elasticsearch\\Common\\Exceptions\\Missing404Exception: {\"error\":{\"root_cause\":[{\"type\":\"index_not_found_exception\",\"reason\":\"no such index [jm-after-build-bug-fix-ssp-3495-f8_article_2]\",\"resource.type\":\"index_or_alias\",\"resource.id\":\"jm-after-build-bug-fix-ssp-3495-f8_article_2\",\"index_uuid\":\"_na_\",\"index\":\"jm-after-build-bug-fix-ssp-3495-f8_article_2\"}],\"type\":\"index_not_found_exception\",\"reason\":\"no such index [jm-after-build-bug-fix-ssp-3495-f8_article_2]\",\"resource.type\":\"index_or_alias\",\"resource.id\":\"jm-after-build-bug-fix-ssp-3495-f8_article_2\",\"index_uuid\":\"_na_\",\"index\":\"jm-after-build-bug-fix-ssp-3495-f8_article_2\"},\"status\":404}[404] (caught throwable) at /var/www/html/vendor/elasticsearch/elasticsearch/src/Elasticsearch/Connections/Connection.php line 685.","context":{"exception":{"class":"Elasticsearch\\Common\\Exceptions\\Missing404Exception","message":"{\"error\":{\"root_cause\":[{\"type\":\"index_not_found_exception\",\"reason\":\"no such index [jm-after-build-bug-fix-ssp-3495-f8_article_2]\",\"resource.type\":\"index_or_alias\",\"resource.id\":\"jm-after-build-bug-fix-ssp-3495-f8_article_2\",\"index_uuid\":\"_na_\",\"index\":\"jm-after-build-bug-fix-ssp-3495-f8_article_2\"}],\"type\":\"index_not_found_exception\",\"reason\":\"no such index [jm-after-build-bug-fix-ssp-3495-f8_article_2]\",\"resource.type\":\"index_or_alias\",\"resource.id\":\"jm-after-build-bug-fix-ssp-3495-f8_article_2\",\"index_uuid\":\"_na_\",\"index\":\"jm-after-build-bug-fix-ssp-3495-f8_article_2\"},\"status\":404}","code":404,"file":"/var/www/html/vendor/elasticsearch/elasticsearch/src/Elasticsearch/Connections/Connection.php:685"}},"level":500,"level_name":"CRITICAL","channel":"app","datetime":"2025-07-18T17:35:58.292034+00:00","extra":{}}
php-fpm-1  | resolveFriendlyUrl: 404 Not Found because friendly URL not found with slug (.git/config) and domainId (1)
php-fpm-1  | {"message":"[GraphQL] Elasticsearch\\Common\\Exceptions\\Missing404Exception: {\"error\":{\"root_cause\":[{\"type\":\"index_not_found_exception\",\"reason\":\"no such index [jm-after-build-bug-fix-ssp-3495-f8_article_1]\",\"resource.type\":\"index_or_alias\",\"resource.id\":\"jm-after-build-bug-fix-ssp-3495-f8_article_1\",\"index_uuid\":\"_na_\",\"index\":\"jm-after-build-bug-fix-ssp-3495-f8_article_1\"}],\"type\":\"index_not_found_exception\",\"reason\":\"no such index [jm-after-build-bug-fix-ssp-3495-f8_article_1]\",\"resource.type\":\"index_or_alias\",\"resource.id\":\"jm-after-build-bug-fix-ssp-3495-f8_article_1\",\"index_uuid\":\"_na_\",\"index\":\"jm-after-build-bug-fix-ssp-3495-f8_article_1\"},\"status\":404}[404] (caught throwable) at /var/www/html/vendor/elasticsearch/elasticsearch/src/Elasticsearch/Connections/Connection.php line 685.","context":{"exception":{"class":"Elasticsearch\\Common\\Exceptions\\Missing404Exception","message":"{\"error\":{\"root_cause\":[{\"type\":\"index_not_found_exception\",\"reason\":\"no such index [jm-after-build-bug-fix-ssp-3495-f8_article_1]\",\"resource.type\":\"index_or_alias\",\"resource.id\":\"jm-after-build-bug-fix-ssp-3495-f8_article_1\",\"index_uuid\":\"_na_\",\"index\":\"jm-after-build-bug-fix-ssp-3495-f8_article_1\"}],\"type\":\"index_not_found_exception\",\"reason\":\"no such index [jm-after-build-bug-fix-ssp-3495-f8_article_1]\",\"resource.type\":\"index_or_alias\",\"resource.id\":\"jm-after-build-bug-fix-ssp-3495-f8_article_1\",\"index_uuid\":\"_na_\",\"index\":\"jm-after-build-bug-fix-ssp-3495-f8_article_1\"},\"status\":404}","code":404,"file":"/var/www/html/vendor/elasticsearch/elasticsearch/src/Elasticsearch/Connections/Connection.php:685"}},"level":500,"level_name":"CRITICAL","channel":"app","datetime":"2025-07-18T17:35:58.555603+00:00","extra":{}}
php-fpm-1  | resolveFriendlyUrl: 404 Not Found because friendly URL not found with slug (server-status) and domainId (2)
php-fpm-1  | resolveFriendlyUrl: 404 Not Found because friendly URL not found with slug (s/830313e21393e2238313e2439313/_/;/META-INF/maven/com.atlassian.jira/jira-webapp-dist/pom.properties) and domainId (1)
php-fpm-1  | {"message":"[GraphQL] Elasticsearch\\Common\\Exceptions\\Missing404Exception: {\"error\":{\"root_cause\":[{\"type\":\"index_not_found_exception\",\"reason\":\"no such index [jm-after-build-bug-fix-ssp-3495-f8_article_2]\",\"resource.type\":\"index_or_alias\",\"resource.id\":\"jm-after-build-bug-fix-ssp-3495-f8_article_2\",\"index_uuid\":\"_na_\",\"index\":\"jm-after-build-bug-fix-ssp-3495-f8_article_2\"}],\"type\":\"index_not_found_exception\",\"reason\":\"no such index [jm-after-build-bug-fix-ssp-3495-f8_article_2]\",\"resource.type\":\"index_or_alias\",\"resource.id\":\"jm-after-build-bug-fix-ssp-3495-f8_article_2\",\"index_uuid\":\"_na_\",\"index\":\"jm-after-build-bug-fix-ssp-3495-f8_article_2\"},\"status\":404}[404] (caught throwable) at /var/www/html/vendor/elasticsearch/elasticsearch/src/Elasticsearch/Connections/Connection.php line 685.","context":{"exception":{"class":"Elasticsearch\\Common\\Exceptions\\Missing404Exception","message":"{\"error\":{\"root_cause\":[{\"type\":\"index_not_found_exception\",\"reason\":\"no such index [jm-after-build-bug-fix-ssp-3495-f8_article_2]\",\"resource.type\":\"index_or_alias\",\"resource.id\":\"jm-after-build-bug-fix-ssp-3495-f8_article_2\",\"index_uuid\":\"_na_\",\"index\":\"jm-after-build-bug-fix-ssp-3495-f8_article_2\"}],\"type\":\"index_not_found_exception\",\"reason\":\"no such index [jm-after-build-bug-fix-ssp-3495-f8_article_2]\",\"resource.type\":\"index_or_alias\",\"resource.id\":\"jm-after-build-bug-fix-ssp-3495-f8_article_2\",\"index_uuid\":\"_na_\",\"index\":\"jm-after-build-bug-fix-ssp-3495-f8_article_2\"},\"status\":404}","code":404,"file":"/var/www/html/vendor/elasticsearch/elasticsearch/src/Elasticsearch/Connections/Connection.php:685"}},"level":500,"level_name":"CRITICAL","channel":"app","datetime":"2025-07-18T17:35:58.875671+00:00","extra":{}}
php-fpm-1  | {"message":"[GraphQL] Elasticsearch\\Common\\Exceptions\\Missing404Exception: {\"error\":{\"root_cause\":[{\"type\":\"index_not_found_exception\",\"reason\":\"no such index [jm-after-build-bug-fix-ssp-3495-f8_article_1]\",\"resource.type\":\"index_or_alias\",\"resource.id\":\"jm-after-build-bug-fix-ssp-3495-f8_article_1\",\"index_uuid\":\"_na_\",\"index\":\"jm-after-build-bug-fix-ssp-3495-f8_article_1\"}],\"type\":\"index_not_found_exception\",\"reason\":\"no such index [jm-after-build-bug-fix-ssp-3495-f8_article_1]\",\"resource.type\":\"index_or_alias\",\"resource.id\":\"jm-after-build-bug-fix-ssp-3495-f8_article_1\",\"index_uuid\":\"_na_\",\"index\":\"jm-after-build-bug-fix-ssp-3495-f8_article_1\"},\"status\":404}[404] (caught throwable) at /var/www/html/vendor/elasticsearch/elasticsearch/src/Elasticsearch/Connections/Connection.php line 685.","context":{"exception":{"class":"Elasticsearch\\Common\\Exceptions\\Missing404Exception","message":"{\"error\":{\"root_cause\":[{\"type\":\"index_not_found_exception\",\"reason\":\"no such index [jm-after-build-bug-fix-ssp-3495-f8_article_1]\",\"resource.type\":\"index_or_alias\",\"resource.id\":\"jm-after-build-bug-fix-ssp-3495-f8_article_1\",\"index_uuid\":\"_na_\",\"index\":\"jm-after-build-bug-fix-ssp-3495-f8_article_1\"}],\"type\":\"index_not_found_exception\",\"reason\":\"no such index [jm-after-build-bug-fix-ssp-3495-f8_article_1]\",\"resource.type\":\"index_or_alias\",\"resource.id\":\"jm-after-build-bug-fix-ssp-3495-f8_article_1\",\"index_uuid\":\"_na_\",\"index\":\"jm-after-build-bug-fix-ssp-3495-f8_article_1\"},\"status\":404}","code":404,"file":"/var/www/html/vendor/elasticsearch/elasticsearch/src/Elasticsearch/Connections/Connection.php:685"}},"level":500,"level_name":"CRITICAL","channel":"app","datetime":"2025-07-18T17:35:59.014016+00:00","extra":{}}
php-fpm-1  | resolveFriendlyUrl: 404 Not Found because friendly URL not found with slug (login.action) and domainId (2)
php-fpm-1  | {"message":"[GraphQL] Elasticsearch\\Common\\Exceptions\\Missing404Exception: {\"error\":{\"root_cause\":[{\"type\":\"index_not_found_exception\",\"reason\":\"no such index [jm-after-build-bug-fix-ssp-3495-f8_article_2]\",\"resource.type\":\"index_or_alias\",\"resource.id\":\"jm-after-build-bug-fix-ssp-3495-f8_article_2\",\"index_uuid\":\"_na_\",\"index\":\"jm-after-build-bug-fix-ssp-3495-f8_article_2\"}],\"type\":\"index_not_found_exception\",\"reason\":\"no such index [jm-after-build-bug-fix-ssp-3495-f8_article_2]\",\"resource.type\":\"index_or_alias\",\"resource.id\":\"jm-after-build-bug-fix-ssp-3495-f8_article_2\",\"index_uuid\":\"_na_\",\"index\":\"jm-after-build-bug-fix-ssp-3495-f8_article_2\"},\"status\":404}[404] (caught throwable) at /var/www/html/vendor/elasticsearch/elasticsearch/src/Elasticsearch/Connections/Connection.php line 685.","context":{"exception":{"class":"Elasticsearch\\Common\\Exceptions\\Missing404Exception","message":"{\"error\":{\"root_cause\":[{\"type\":\"index_not_found_exception\",\"reason\":\"no such index [jm-after-build-bug-fix-ssp-3495-f8_article_2]\",\"resource.type\":\"index_or_alias\",\"resource.id\":\"jm-after-build-bug-fix-ssp-3495-f8_article_2\",\"index_uuid\":\"_na_\",\"index\":\"jm-after-build-bug-fix-ssp-3495-f8_article_2\"}],\"type\":\"index_not_found_exception\",\"reason\":\"no such index [jm-after-build-bug-fix-ssp-3495-f8_article_2]\",\"resource.type\":\"index_or_alias\",\"resource.id\":\"jm-after-build-bug-fix-ssp-3495-f8_article_2\",\"index_uuid\":\"_na_\",\"index\":\"jm-after-build-bug-fix-ssp-3495-f8_article_2\"},\"status\":404}","code":404,"file":"/var/www/html/vendor/elasticsearch/elasticsearch/src/Elasticsearch/Connections/Connection.php:685"}},"level":500,"level_name":"CRITICAL","channel":"app","datetime":"2025-07-18T17:35:59.392759+00:00","extra":{}}
php-fpm-1  | resolveFriendlyUrl: 404 Not Found because friendly URL not found with slug (config.json) and domainId (1)
php-fpm-1  | {"message":"[GraphQL] Elasticsearch\\Common\\Exceptions\\Missing404Exception: {\"error\":{\"root_cause\":[{\"type\":\"index_not_found_exception\",\"reason\":\"no such index [jm-after-build-bug-fix-ssp-3495-f8_article_1]\",\"resource.type\":\"index_or_alias\",\"resource.id\":\"jm-after-build-bug-fix-ssp-3495-f8_article_1\",\"index_uuid\":\"_na_\",\"index\":\"jm-after-build-bug-fix-ssp-3495-f8_article_1\"}],\"type\":\"index_not_found_exception\",\"reason\":\"no such index [jm-after-build-bug-fix-ssp-3495-f8_article_1]\",\"resource.type\":\"index_or_alias\",\"resource.id\":\"jm-after-build-bug-fix-ssp-3495-f8_article_1\",\"index_uuid\":\"_na_\",\"index\":\"jm-after-build-bug-fix-ssp-3495-f8_article_1\"},\"status\":404}[404] (caught throwable) at /var/www/html/vendor/elasticsearch/elasticsearch/src/Elasticsearch/Connections/Connection.php line 685.","context":{"exception":{"class":"Elasticsearch\\Common\\Exceptions\\Missing404Exception","message":"{\"error\":{\"root_cause\":[{\"type\":\"index_not_found_exception\",\"reason\":\"no such index [jm-after-build-bug-fix-ssp-3495-f8_article_1]\",\"resource.type\":\"index_or_alias\",\"resource.id\":\"jm-after-build-bug-fix-ssp-3495-f8_article_1\",\"index_uuid\":\"_na_\",\"index\":\"jm-after-build-bug-fix-ssp-3495-f8_article_1\"}],\"type\":\"index_not_found_exception\",\"reason\":\"no such index [jm-after-build-bug-fix-ssp-3495-f8_article_1]\",\"resource.type\":\"index_or_alias\",\"resource.id\":\"jm-after-build-bug-fix-ssp-3495-f8_article_1\",\"index_uuid\":\"_na_\",\"index\":\"jm-after-build-bug-fix-ssp-3495-f8_article_1\"},\"status\":404}","code":404,"file":"/var/www/html/vendor/elasticsearch/elasticsearch/src/Elasticsearch/Connections/Connection.php:685"}},"level":500,"level_name":"CRITICAL","channel":"app","datetime":"2025-07-18T17:35:59.608588+00:00","extra":{}}
php-fpm-1  | resolveFriendlyUrl: 404 Not Found because friendly URL not found with slug (_all_dbs) and domainId (2)
php-fpm-1  | resolveFriendlyUrl: 404 Not Found because friendly URL not found with slug (telescope/requests) and domainId (1)
php-fpm-1  | {"message":"[GraphQL] Elasticsearch\\Common\\Exceptions\\Missing404Exception: {\"error\":{\"root_cause\":[{\"type\":\"index_not_found_exception\",\"reason\":\"no such index [jm-after-build-bug-fix-ssp-3495-f8_article_2]\",\"resource.type\":\"index_or_alias\",\"resource.id\":\"jm-after-build-bug-fix-ssp-3495-f8_article_2\",\"index_uuid\":\"_na_\",\"index\":\"jm-after-build-bug-fix-ssp-3495-f8_article_2\"}],\"type\":\"index_not_found_exception\",\"reason\":\"no such index [jm-after-build-bug-fix-ssp-3495-f8_article_2]\",\"resource.type\":\"index_or_alias\",\"resource.id\":\"jm-after-build-bug-fix-ssp-3495-f8_article_2\",\"index_uuid\":\"_na_\",\"index\":\"jm-after-build-bug-fix-ssp-3495-f8_article_2\"},\"status\":404}[404] (caught throwable) at /var/www/html/vendor/elasticsearch/elasticsearch/src/Elasticsearch/Connections/Connection.php line 685.","context":{"exception":{"class":"Elasticsearch\\Common\\Exceptions\\Missing404Exception","message":"{\"error\":{\"root_cause\":[{\"type\":\"index_not_found_exception\",\"reason\":\"no such index [jm-after-build-bug-fix-ssp-3495-f8_article_2]\",\"resource.type\":\"index_or_alias\",\"resource.id\":\"jm-after-build-bug-fix-ssp-3495-f8_article_2\",\"index_uuid\":\"_na_\",\"index\":\"jm-after-build-bug-fix-ssp-3495-f8_article_2\"}],\"type\":\"index_not_found_exception\",\"reason\":\"no such index [jm-after-build-bug-fix-ssp-3495-f8_article_2]\",\"resource.type\":\"index_or_alias\",\"resource.id\":\"jm-after-build-bug-fix-ssp-3495-f8_article_2\",\"index_uuid\":\"_na_\",\"index\":\"jm-after-build-bug-fix-ssp-3495-f8_article_2\"},\"status\":404}","code":404,"file":"/var/www/html/vendor/elasticsearch/elasticsearch/src/Elasticsearch/Connections/Connection.php:685"}},"level":500,"level_name":"CRITICAL","channel":"app","datetime":"2025-07-18T17:35:59.956930+00:00","extra":{}}
php-fpm-1  | {"message":"[GraphQL] Elasticsearch\\Common\\Exceptions\\Missing404Exception: {\"error\":{\"root_cause\":[{\"type\":\"index_not_found_exception\",\"reason\":\"no such index [jm-after-build-bug-fix-ssp-3495-f8_article_1]\",\"resource.type\":\"index_or_alias\",\"resource.id\":\"jm-after-build-bug-fix-ssp-3495-f8_article_1\",\"index_uuid\":\"_na_\",\"index\":\"jm-after-build-bug-fix-ssp-3495-f8_article_1\"}],\"type\":\"index_not_found_exception\",\"reason\":\"no such index [jm-after-build-bug-fix-ssp-3495-f8_article_1]\",\"resource.type\":\"index_or_alias\",\"resource.id\":\"jm-after-build-bug-fix-ssp-3495-f8_article_1\",\"index_uuid\":\"_na_\",\"index\":\"jm-after-build-bug-fix-ssp-3495-f8_article_1\"},\"status\":404}[404] (caught throwable) at /var/www/html/vendor/elasticsearch/elasticsearch/src/Elasticsearch/Connections/Connection.php line 685.","context":{"exception":{"class":"Elasticsearch\\Common\\Exceptions\\Missing404Exception","message":"{\"error\":{\"root_cause\":[{\"type\":\"index_not_found_exception\",\"reason\":\"no such index [jm-after-build-bug-fix-ssp-3495-f8_article_1]\",\"resource.type\":\"index_or_alias\",\"resource.id\":\"jm-after-build-bug-fix-ssp-3495-f8_article_1\",\"index_uuid\":\"_na_\",\"index\":\"jm-after-build-bug-fix-ssp-3495-f8_article_1\"}],\"type\":\"index_not_found_exception\",\"reason\":\"no such index [jm-after-build-bug-fix-ssp-3495-f8_article_1]\",\"resource.type\":\"index_or_alias\",\"resource.id\":\"jm-after-build-bug-fix-ssp-3495-f8_article_1\",\"index_uuid\":\"_na_\",\"index\":\"jm-after-build-bug-fix-ssp-3495-f8_article_1\"},\"status\":404}","code":404,"file":"/var/www/html/vendor/elasticsearch/elasticsearch/src/Elasticsearch/Connections/Connection.php:685"}},"level":500,"level_name":"CRITICAL","channel":"app","datetime":"2025-07-18T17:36:00.059169+00:00","extra":{}}
php-fpm-1  | resolveFriendlyUrl: 404 Not Found because friendly URL not found with slug (info.php) and domainId (1)
php-fpm-1  | resolveFriendlyUrl: 404 Not Found because friendly URL not found with slug (.DS_Store) and domainId (2)
php-fpm-1  | {"message":"[GraphQL] Elasticsearch\\Common\\Exceptions\\Missing404Exception: {\"error\":{\"root_cause\":[{\"type\":\"index_not_found_exception\",\"reason\":\"no such index [jm-after-build-bug-fix-ssp-3495-f8_article_1]\",\"resource.type\":\"index_or_alias\",\"resource.id\":\"jm-after-build-bug-fix-ssp-3495-f8_article_1\",\"index_uuid\":\"_na_\",\"index\":\"jm-after-build-bug-fix-ssp-3495-f8_article_1\"}],\"type\":\"index_not_found_exception\",\"reason\":\"no such index [jm-after-build-bug-fix-ssp-3495-f8_article_1]\",\"resource.type\":\"index_or_alias\",\"resource.id\":\"jm-after-build-bug-fix-ssp-3495-f8_article_1\",\"index_uuid\":\"_na_\",\"index\":\"jm-after-build-bug-fix-ssp-3495-f8_article_1\"},\"status\":404}[404] (caught throwable) at /var/www/html/vendor/elasticsearch/elasticsearch/src/Elasticsearch/Connections/Connection.php line 685.","context":{"exception":{"class":"Elasticsearch\\Common\\Exceptions\\Missing404Exception","message":"{\"error\":{\"root_cause\":[{\"type\":\"index_not_found_exception\",\"reason\":\"no such index [jm-after-build-bug-fix-ssp-3495-f8_article_1]\",\"resource.type\":\"index_or_alias\",\"resource.id\":\"jm-after-build-bug-fix-ssp-3495-f8_article_1\",\"index_uuid\":\"_na_\",\"index\":\"jm-after-build-bug-fix-ssp-3495-f8_article_1\"}],\"type\":\"index_not_found_exception\",\"reason\":\"no such index [jm-after-build-bug-fix-ssp-3495-f8_article_1]\",\"resource.type\":\"index_or_alias\",\"resource.id\":\"jm-after-build-bug-fix-ssp-3495-f8_article_1\",\"index_uuid\":\"_na_\",\"index\":\"jm-after-build-bug-fix-ssp-3495-f8_article_1\"},\"status\":404}","code":404,"file":"/var/www/html/vendor/elasticsearch/elasticsearch/src/Elasticsearch/Connections/Connection.php:685"}},"level":500,"level_name":"CRITICAL","channel":"app","datetime":"2025-07-18T17:36:00.459262+00:00","extra":{}}
php-fpm-1  | {"message":"[GraphQL] Elasticsearch\\Common\\Exceptions\\Missing404Exception: {\"error\":{\"root_cause\":[{\"type\":\"index_not_found_exception\",\"reason\":\"no such index [jm-after-build-bug-fix-ssp-3495-f8_article_2]\",\"resource.type\":\"index_or_alias\",\"resource.id\":\"jm-after-build-bug-fix-ssp-3495-f8_article_2\",\"index_uuid\":\"_na_\",\"index\":\"jm-after-build-bug-fix-ssp-3495-f8_article_2\"}],\"type\":\"index_not_found_exception\",\"reason\":\"no such index [jm-after-build-bug-fix-ssp-3495-f8_article_2]\",\"resource.type\":\"index_or_alias\",\"resource.id\":\"jm-after-build-bug-fix-ssp-3495-f8_article_2\",\"index_uuid\":\"_na_\",\"index\":\"jm-after-build-bug-fix-ssp-3495-f8_article_2\"},\"status\":404}[404] (caught throwable) at /var/www/html/vendor/elasticsearch/elasticsearch/src/Elasticsearch/Connections/Connection.php line 685.","context":{"exception":{"class":"Elasticsearch\\Common\\Exceptions\\Missing404Exception","message":"{\"error\":{\"root_cause\":[{\"type\":\"index_not_found_exception\",\"reason\":\"no such index [jm-after-build-bug-fix-ssp-3495-f8_article_2]\",\"resource.type\":\"index_or_alias\",\"resource.id\":\"jm-after-build-bug-fix-ssp-3495-f8_article_2\",\"index_uuid\":\"_na_\",\"index\":\"jm-after-build-bug-fix-ssp-3495-f8_article_2\"}],\"type\":\"index_not_found_exception\",\"reason\":\"no such index [jm-after-build-bug-fix-ssp-3495-f8_article_2]\",\"resource.type\":\"index_or_alias\",\"resource.id\":\"jm-after-build-bug-fix-ssp-3495-f8_article_2\",\"index_uuid\":\"_na_\",\"index\":\"jm-after-build-bug-fix-ssp-3495-f8_article_2\"},\"status\":404}","code":404,"file":"/var/www/html/vendor/elasticsearch/elasticsearch/src/Elasticsearch/Connections/Connection.php:685"}},"level":500,"level_name":"CRITICAL","channel":"app","datetime":"2025-07-18T17:36:00.539916+00:00","extra":{}}
php-fpm-1  | {"message":"[GraphQL] Elasticsearch\\Common\\Exceptions\\Missing404Exception: {\"error\":{\"root_cause\":[{\"type\":\"index_not_found_exception\",\"reason\":\"no such index [jm-after-build-bug-fix-ssp-3495-f8_article_1]\",\"resource.type\":\"index_or_alias\",\"resource.id\":\"jm-after-build-bug-fix-ssp-3495-f8_article_1\",\"index_uuid\":\"_na_\",\"index\":\"jm-after-build-bug-fix-ssp-3495-f8_article_1\"}],\"type\":\"index_not_found_exception\",\"reason\":\"no such index [jm-after-build-bug-fix-ssp-3495-f8_article_1]\",\"resource.type\":\"index_or_alias\",\"resource.id\":\"jm-after-build-bug-fix-ssp-3495-f8_article_1\",\"index_uuid\":\"_na_\",\"index\":\"jm-after-build-bug-fix-ssp-3495-f8_article_1\"},\"status\":404}[404] (caught throwable) at /var/www/html/vendor/elasticsearch/elasticsearch/src/Elasticsearch/Connections/Connection.php line 685.","context":{"exception":{"class":"Elasticsearch\\Common\\Exceptions\\Missing404Exception","message":"{\"error\":{\"root_cause\":[{\"type\":\"index_not_found_exception\",\"reason\":\"no such index [jm-after-build-bug-fix-ssp-3495-f8_article_1]\",\"resource.type\":\"index_or_alias\",\"resource.id\":\"jm-after-build-bug-fix-ssp-3495-f8_article_1\",\"index_uuid\":\"_na_\",\"index\":\"jm-after-build-bug-fix-ssp-3495-f8_article_1\"}],\"type\":\"index_not_found_exception\",\"reason\":\"no such index [jm-after-build-bug-fix-ssp-3495-f8_article_1]\",\"resource.type\":\"index_or_alias\",\"resource.id\":\"jm-after-build-bug-fix-ssp-3495-f8_article_1\",\"index_uuid\":\"_na_\",\"index\":\"jm-after-build-bug-fix-ssp-3495-f8_article_1\"},\"status\":404}","code":404,"file":"/var/www/html/vendor/elasticsearch/elasticsearch/src/Elasticsearch/Connections/Connection.php:685"}},"level":500,"level_name":"CRITICAL","channel":"app","datetime":"2025-07-18T17:36:00.729218+00:00","extra":{}}
php-fpm-1  | {"message":"[GraphQL] Elasticsearch\\Common\\Exceptions\\Missing404Exception: {\"error\":{\"root_cause\":[{\"type\":\"index_not_found_exception\",\"reason\":\"no such index [jm-after-build-bug-fix-ssp-3495-f8_product_1]\",\"resource.type\":\"index_or_alias\",\"resource.id\":\"jm-after-build-bug-fix-ssp-3495-f8_product_1\",\"index_uuid\":\"_na_\",\"index\":\"jm-after-build-bug-fix-ssp-3495-f8_product_1\"}],\"type\":\"index_not_found_exception\",\"reason\":\"no such index [jm-after-build-bug-fix-ssp-3495-f8_product_1]\",\"resource.type\":\"index_or_alias\",\"resource.id\":\"jm-after-build-bug-fix-ssp-3495-f8_product_1\",\"index_uuid\":\"_na_\",\"index\":\"jm-after-build-bug-fix-ssp-3495-f8_product_1\"},\"status\":404}[404] (caught throwable) at /var/www/html/vendor/elasticsearch/elasticsearch/src/Elasticsearch/Connections/Connection.php line 685.","context":{"exception":{"class":"Elasticsearch\\Common\\Exceptions\\Missing404Exception","message":"{\"error\":{\"root_cause\":[{\"type\":\"index_not_found_exception\",\"reason\":\"no such index [jm-after-build-bug-fix-ssp-3495-f8_product_1]\",\"resource.type\":\"index_or_alias\",\"resource.id\":\"jm-after-build-bug-fix-ssp-3495-f8_product_1\",\"index_uuid\":\"_na_\",\"index\":\"jm-after-build-bug-fix-ssp-3495-f8_product_1\"}],\"type\":\"index_not_found_exception\",\"reason\":\"no such index [jm-after-build-bug-fix-ssp-3495-f8_product_1]\",\"resource.type\":\"index_or_alias\",\"resource.id\":\"jm-after-build-bug-fix-ssp-3495-f8_product_1\",\"index_uuid\":\"_na_\",\"index\":\"jm-after-build-bug-fix-ssp-3495-f8_product_1\"},\"status\":404}","code":404,"file":"/var/www/html/vendor/elasticsearch/elasticsearch/src/Elasticsearch/Connections/Connection.php:685"}},"level":500,"level_name":"CRITICAL","channel":"app","datetime":"2025-07-18T17:36:00.775853+00:00","extra":{}}
php-fpm-1  | {"message":"[GraphQL] Elasticsearch\\Common\\Exceptions\\Missing404Exception: {\"error\":{\"root_cause\":[{\"type\":\"index_not_found_exception\",\"reason\":\"no such index [jm-after-build-bug-fix-ssp-3495-f8_blog_article_1]\",\"resource.type\":\"index_or_alias\",\"resource.id\":\"jm-after-build-bug-fix-ssp-3495-f8_blog_article_1\",\"index_uuid\":\"_na_\",\"index\":\"jm-after-build-bug-fix-ssp-3495-f8_blog_article_1\"}],\"type\":\"index_not_found_exception\",\"reason\":\"no such index [jm-after-build-bug-fix-ssp-3495-f8_blog_article_1]\",\"resource.type\":\"index_or_alias\",\"resource.id\":\"jm-after-build-bug-fix-ssp-3495-f8_blog_article_1\",\"index_uuid\":\"_na_\",\"index\":\"jm-after-build-bug-fix-ssp-3495-f8_blog_article_1\"},\"status\":404}[404] (caught throwable) at /var/www/html/vendor/elasticsearch/elasticsearch/src/Elasticsearch/Connections/Connection.php line 685.","context":{"exception":{"class":"Elasticsearch\\Common\\Exceptions\\Missing404Exception","message":"{\"error\":{\"root_cause\":[{\"type\":\"index_not_found_exception\",\"reason\":\"no such index [jm-after-build-bug-fix-ssp-3495-f8_blog_article_1]\",\"resource.type\":\"index_or_alias\",\"resource.id\":\"jm-after-build-bug-fix-ssp-3495-f8_blog_article_1\",\"index_uuid\":\"_na_\",\"index\":\"jm-after-build-bug-fix-ssp-3495-f8_blog_article_1\"}],\"type\":\"index_not_found_exception\",\"reason\":\"no such index [jm-after-build-bug-fix-ssp-3495-f8_blog_article_1]\",\"resource.type\":\"index_or_alias\",\"resource.id\":\"jm-after-build-bug-fix-ssp-3495-f8_blog_article_1\",\"index_uuid\":\"_na_\",\"index\":\"jm-after-build-bug-fix-ssp-3495-f8_blog_article_1\"},\"status\":404}","code":404,"file":"/var/www/html/vendor/elasticsearch/elasticsearch/src/Elasticsearch/Connections/Connection.php:685"}},"level":500,"level_name":"CRITICAL","channel":"app","datetime":"2025-07-18T17:36:00.808110+00:00","extra":{}}
php-fpm-1  | resolveFriendlyUrl: 404 Not Found because friendly URL not found with slug (.env) and domainId (2)
php-fpm-1  | {"message":"[GraphQL] Elasticsearch\\Common\\Exceptions\\Missing404Exception: {\"error\":{\"root_cause\":[{\"type\":\"index_not_found_exception\",\"reason\":\"no such index [jm-after-build-bug-fix-ssp-3495-f8_article_2]\",\"resource.type\":\"index_or_alias\",\"resource.id\":\"jm-after-build-bug-fix-ssp-3495-f8_article_2\",\"index_uuid\":\"_na_\",\"index\":\"jm-after-build-bug-fix-ssp-3495-f8_article_2\"}],\"type\":\"index_not_found_exception\",\"reason\":\"no such index [jm-after-build-bug-fix-ssp-3495-f8_article_2]\",\"resource.type\":\"index_or_alias\",\"resource.id\":\"jm-after-build-bug-fix-ssp-3495-f8_article_2\",\"index_uuid\":\"_na_\",\"index\":\"jm-after-build-bug-fix-ssp-3495-f8_article_2\"},\"status\":404}[404] (caught throwable) at /var/www/html/vendor/elasticsearch/elasticsearch/src/Elasticsearch/Connections/Connection.php line 685.","context":{"exception":{"class":"Elasticsearch\\Common\\Exceptions\\Missing404Exception","message":"{\"error\":{\"root_cause\":[{\"type\":\"index_not_found_exception\",\"reason\":\"no such index [jm-after-build-bug-fix-ssp-3495-f8_article_2]\",\"resource.type\":\"index_or_alias\",\"resource.id\":\"jm-after-build-bug-fix-ssp-3495-f8_article_2\",\"index_uuid\":\"_na_\",\"index\":\"jm-after-build-bug-fix-ssp-3495-f8_article_2\"}],\"type\":\"index_not_found_exception\",\"reason\":\"no such index [jm-after-build-bug-fix-ssp-3495-f8_article_2]\",\"resource.type\":\"index_or_alias\",\"resource.id\":\"jm-after-build-bug-fix-ssp-3495-f8_article_2\",\"index_uuid\":\"_na_\",\"index\":\"jm-after-build-bug-fix-ssp-3495-f8_article_2\"},\"status\":404}","code":404,"file":"/var/www/html/vendor/elasticsearch/elasticsearch/src/Elasticsearch/Connections/Connection.php:685"}},"level":500,"level_name":"CRITICAL","channel":"app","datetime":"2025-07-18T17:36:01.220633+00:00","extra":{}}
php-fpm-1  | resolveFriendlyUrl: 404 Not Found because friendly URL not found with slug (.git/config) and domainId (2)
php-fpm-1  | {"message":"[GraphQL] Elasticsearch\\Common\\Exceptions\\Missing404Exception: {\"error\":{\"root_cause\":[{\"type\":\"index_not_found_exception\",\"reason\":\"no such index [jm-after-build-bug-fix-ssp-3495-f8_article_2]\",\"resource.type\":\"index_or_alias\",\"resource.id\":\"jm-after-build-bug-fix-ssp-3495-f8_article_2\",\"index_uuid\":\"_na_\",\"index\":\"jm-after-build-bug-fix-ssp-3495-f8_article_2\"}],\"type\":\"index_not_found_exception\",\"reason\":\"no such index [jm-after-build-bug-fix-ssp-3495-f8_article_2]\",\"resource.type\":\"index_or_alias\",\"resource.id\":\"jm-after-build-bug-fix-ssp-3495-f8_article_2\",\"index_uuid\":\"_na_\",\"index\":\"jm-after-build-bug-fix-ssp-3495-f8_article_2\"},\"status\":404}[404] (caught throwable) at /var/www/html/vendor/elasticsearch/elasticsearch/src/Elasticsearch/Connections/Connection.php line 685.","context":{"exception":{"class":"Elasticsearch\\Common\\Exceptions\\Missing404Exception","message":"{\"error\":{\"root_cause\":[{\"type\":\"index_not_found_exception\",\"reason\":\"no such index [jm-after-build-bug-fix-ssp-3495-f8_article_2]\",\"resource.type\":\"index_or_alias\",\"resource.id\":\"jm-after-build-bug-fix-ssp-3495-f8_article_2\",\"index_uuid\":\"_na_\",\"index\":\"jm-after-build-bug-fix-ssp-3495-f8_article_2\"}],\"type\":\"index_not_found_exception\",\"reason\":\"no such index [jm-after-build-bug-fix-ssp-3495-f8_article_2]\",\"resource.type\":\"index_or_alias\",\"resource.id\":\"jm-after-build-bug-fix-ssp-3495-f8_article_2\",\"index_uuid\":\"_na_\",\"index\":\"jm-after-build-bug-fix-ssp-3495-f8_article_2\"},\"status\":404}","code":404,"file":"/var/www/html/vendor/elasticsearch/elasticsearch/src/Elasticsearch/Connections/Connection.php:685"}},"level":500,"level_name":"CRITICAL","channel":"app","datetime":"2025-07-18T17:36:01.789078+00:00","extra":{}}
php-fpm-1  | resolveFriendlyUrl: 404 Not Found because friendly URL not found with slug (s/830313e21393e2238313e2439313/_/;/META-INF/maven/com.atlassian.jira/jira-webapp-dist/pom.properties) and domainId (2)
php-fpm-1  | {"message":"[GraphQL] Elasticsearch\\Common\\Exceptions\\Missing404Exception: {\"error\":{\"root_cause\":[{\"type\":\"index_not_found_exception\",\"reason\":\"no such index [jm-after-build-bug-fix-ssp-3495-f8_article_2]\",\"resource.type\":\"index_or_alias\",\"resource.id\":\"jm-after-build-bug-fix-ssp-3495-f8_article_2\",\"index_uuid\":\"_na_\",\"index\":\"jm-after-build-bug-fix-ssp-3495-f8_article_2\"}],\"type\":\"index_not_found_exception\",\"reason\":\"no such index [jm-after-build-bug-fix-ssp-3495-f8_article_2]\",\"resource.type\":\"index_or_alias\",\"resource.id\":\"jm-after-build-bug-fix-ssp-3495-f8_article_2\",\"index_uuid\":\"_na_\",\"index\":\"jm-after-build-bug-fix-ssp-3495-f8_article_2\"},\"status\":404}[404] (caught throwable) at /var/www/html/vendor/elasticsearch/elasticsearch/src/Elasticsearch/Connections/Connection.php line 685.","context":{"exception":{"class":"Elasticsearch\\Common\\Exceptions\\Missing404Exception","message":"{\"error\":{\"root_cause\":[{\"type\":\"index_not_found_exception\",\"reason\":\"no such index [jm-after-build-bug-fix-ssp-3495-f8_article_2]\",\"resource.type\":\"index_or_alias\",\"resource.id\":\"jm-after-build-bug-fix-ssp-3495-f8_article_2\",\"index_uuid\":\"_na_\",\"index\":\"jm-after-build-bug-fix-ssp-3495-f8_article_2\"}],\"type\":\"index_not_found_exception\",\"reason\":\"no such index [jm-after-build-bug-fix-ssp-3495-f8_article_2]\",\"resource.type\":\"index_or_alias\",\"resource.id\":\"jm-after-build-bug-fix-ssp-3495-f8_article_2\",\"index_uuid\":\"_na_\",\"index\":\"jm-after-build-bug-fix-ssp-3495-f8_article_2\"},\"status\":404}","code":404,"file":"/var/www/html/vendor/elasticsearch/elasticsearch/src/Elasticsearch/Connections/Connection.php:685"}},"level":500,"level_name":"CRITICAL","channel":"app","datetime":"2025-07-18T17:36:02.279974+00:00","extra":{}}
php-fpm-1  | resolveFriendlyUrl: 404 Not Found because friendly URL not found with slug (config.json) and domainId (2)
php-fpm-1  | {"message":"[GraphQL] Elasticsearch\\Common\\Exceptions\\Missing404Exception: {\"error\":{\"root_cause\":[{\"type\":\"index_not_found_exception\",\"reason\":\"no such index [jm-after-build-bug-fix-ssp-3495-f8_article_2]\",\"resource.type\":\"index_or_alias\",\"resource.id\":\"jm-after-build-bug-fix-ssp-3495-f8_article_2\",\"index_uuid\":\"_na_\",\"index\":\"jm-after-build-bug-fix-ssp-3495-f8_article_2\"}],\"type\":\"index_not_found_exception\",\"reason\":\"no such index [jm-after-build-bug-fix-ssp-3495-f8_article_2]\",\"resource.type\":\"index_or_alias\",\"resource.id\":\"jm-after-build-bug-fix-ssp-3495-f8_article_2\",\"index_uuid\":\"_na_\",\"index\":\"jm-after-build-bug-fix-ssp-3495-f8_article_2\"},\"status\":404}[404] (caught throwable) at /var/www/html/vendor/elasticsearch/elasticsearch/src/Elasticsearch/Connections/Connection.php line 685.","context":{"exception":{"class":"Elasticsearch\\Common\\Exceptions\\Missing404Exception","message":"{\"error\":{\"root_cause\":[{\"type\":\"index_not_found_exception\",\"reason\":\"no such index [jm-after-build-bug-fix-ssp-3495-f8_article_2]\",\"resource.type\":\"index_or_alias\",\"resource.id\":\"jm-after-build-bug-fix-ssp-3495-f8_article_2\",\"index_uuid\":\"_na_\",\"index\":\"jm-after-build-bug-fix-ssp-3495-f8_article_2\"}],\"type\":\"index_not_found_exception\",\"reason\":\"no such index [jm-after-build-bug-fix-ssp-3495-f8_article_2]\",\"resource.type\":\"index_or_alias\",\"resource.id\":\"jm-after-build-bug-fix-ssp-3495-f8_article_2\",\"index_uuid\":\"_na_\",\"index\":\"jm-after-build-bug-fix-ssp-3495-f8_article_2\"},\"status\":404}","code":404,"file":"/var/www/html/vendor/elasticsearch/elasticsearch/src/Elasticsearch/Connections/Connection.php:685"}},"level":500,"level_name":"CRITICAL","channel":"app","datetime":"2025-07-18T17:36:02.814197+00:00","extra":{}}
php-fpm-1  | resolveFriendlyUrl: 404 Not Found because friendly URL not found with slug (telescope/requests) and domainId (2)
php-fpm-1  | {"message":"[GraphQL] Elasticsearch\\Common\\Exceptions\\Missing404Exception: {\"error\":{\"root_cause\":[{\"type\":\"index_not_found_exception\",\"reason\":\"no such index [jm-after-build-bug-fix-ssp-3495-f8_article_2]\",\"resource.type\":\"index_or_alias\",\"resource.id\":\"jm-after-build-bug-fix-ssp-3495-f8_article_2\",\"index_uuid\":\"_na_\",\"index\":\"jm-after-build-bug-fix-ssp-3495-f8_article_2\"}],\"type\":\"index_not_found_exception\",\"reason\":\"no such index [jm-after-build-bug-fix-ssp-3495-f8_article_2]\",\"resource.type\":\"index_or_alias\",\"resource.id\":\"jm-after-build-bug-fix-ssp-3495-f8_article_2\",\"index_uuid\":\"_na_\",\"index\":\"jm-after-build-bug-fix-ssp-3495-f8_article_2\"},\"status\":404}[404] (caught throwable) at /var/www/html/vendor/elasticsearch/elasticsearch/src/Elasticsearch/Connections/Connection.php line 685.","context":{"exception":{"class":"Elasticsearch\\Common\\Exceptions\\Missing404Exception","message":"{\"error\":{\"root_cause\":[{\"type\":\"index_not_found_exception\",\"reason\":\"no such index [jm-after-build-bug-fix-ssp-3495-f8_article_2]\",\"resource.type\":\"index_or_alias\",\"resource.id\":\"jm-after-build-bug-fix-ssp-3495-f8_article_2\",\"index_uuid\":\"_na_\",\"index\":\"jm-after-build-bug-fix-ssp-3495-f8_article_2\"}],\"type\":\"index_not_found_exception\",\"reason\":\"no such index [jm-after-build-bug-fix-ssp-3495-f8_article_2]\",\"resource.type\":\"index_or_alias\",\"resource.id\":\"jm-after-build-bug-fix-ssp-3495-f8_article_2\",\"index_uuid\":\"_na_\",\"index\":\"jm-after-build-bug-fix-ssp-3495-f8_article_2\"},\"status\":404}","code":404,"file":"/var/www/html/vendor/elasticsearch/elasticsearch/src/Elasticsearch/Connections/Connection.php:685"}},"level":500,"level_name":"CRITICAL","channel":"app","datetime":"2025-07-18T17:36:03.437909+00:00","extra":{}}
php-fpm-1  | resolveFriendlyUrl: 404 Not Found because friendly URL not found with slug (info.php) and domainId (2)
php-fpm-1  | {"message":"[GraphQL] Elasticsearch\\Common\\Exceptions\\Missing404Exception: {\"error\":{\"root_cause\":[{\"type\":\"index_not_found_exception\",\"reason\":\"no such index [jm-after-build-bug-fix-ssp-3495-f8_article_2]\",\"resource.type\":\"index_or_alias\",\"resource.id\":\"jm-after-build-bug-fix-ssp-3495-f8_article_2\",\"index_uuid\":\"_na_\",\"index\":\"jm-after-build-bug-fix-ssp-3495-f8_article_2\"}],\"type\":\"index_not_found_exception\",\"reason\":\"no such index [jm-after-build-bug-fix-ssp-3495-f8_article_2]\",\"resource.type\":\"index_or_alias\",\"resource.id\":\"jm-after-build-bug-fix-ssp-3495-f8_article_2\",\"index_uuid\":\"_na_\",\"index\":\"jm-after-build-bug-fix-ssp-3495-f8_article_2\"},\"status\":404}[404] (caught throwable) at /var/www/html/vendor/elasticsearch/elasticsearch/src/Elasticsearch/Connections/Connection.php line 685.","context":{"exception":{"class":"Elasticsearch\\Common\\Exceptions\\Missing404Exception","message":"{\"error\":{\"root_cause\":[{\"type\":\"index_not_found_exception\",\"reason\":\"no such index [jm-after-build-bug-fix-ssp-3495-f8_article_2]\",\"resource.type\":\"index_or_alias\",\"resource.id\":\"jm-after-build-bug-fix-ssp-3495-f8_article_2\",\"index_uuid\":\"_na_\",\"index\":\"jm-after-build-bug-fix-ssp-3495-f8_article_2\"}],\"type\":\"index_not_found_exception\",\"reason\":\"no such index [jm-after-build-bug-fix-ssp-3495-f8_article_2]\",\"resource.type\":\"index_or_alias\",\"resource.id\":\"jm-after-build-bug-fix-ssp-3495-f8_article_2\",\"index_uuid\":\"_na_\",\"index\":\"jm-after-build-bug-fix-ssp-3495-f8_article_2\"},\"status\":404}","code":404,"file":"/var/www/html/vendor/elasticsearch/elasticsearch/src/Elasticsearch/Connections/Connection.php:685"}},"level":500,"level_name":"CRITICAL","channel":"app","datetime":"2025-07-18T17:36:03.999495+00:00","extra":{}}
php-fpm-1  | {"message":"[GraphQL] Elasticsearch\\Common\\Exceptions\\Missing404Exception: {\"error\":{\"root_cause\":[{\"type\":\"index_not_found_exception\",\"reason\":\"no such index [jm-after-build-bug-fix-ssp-3495-f8_product_2]\",\"resource.type\":\"index_or_alias\",\"resource.id\":\"jm-after-build-bug-fix-ssp-3495-f8_product_2\",\"index_uuid\":\"_na_\",\"index\":\"jm-after-build-bug-fix-ssp-3495-f8_product_2\"}],\"type\":\"index_not_found_exception\",\"reason\":\"no such index [jm-after-build-bug-fix-ssp-3495-f8_product_2]\",\"resource.type\":\"index_or_alias\",\"resource.id\":\"jm-after-build-bug-fix-ssp-3495-f8_product_2\",\"index_uuid\":\"_na_\",\"index\":\"jm-after-build-bug-fix-ssp-3495-f8_product_2\"},\"status\":404}[404] (caught throwable) at /var/www/html/vendor/elasticsearch/elasticsearch/src/Elasticsearch/Connections/Connection.php line 685.","context":{"exception":{"class":"Elasticsearch\\Common\\Exceptions\\Missing404Exception","message":"{\"error\":{\"root_cause\":[{\"type\":\"index_not_found_exception\",\"reason\":\"no such index [jm-after-build-bug-fix-ssp-3495-f8_product_2]\",\"resource.type\":\"index_or_alias\",\"resource.id\":\"jm-after-build-bug-fix-ssp-3495-f8_product_2\",\"index_uuid\":\"_na_\",\"index\":\"jm-after-build-bug-fix-ssp-3495-f8_product_2\"}],\"type\":\"index_not_found_exception\",\"reason\":\"no such index [jm-after-build-bug-fix-ssp-3495-f8_product_2]\",\"resource.type\":\"index_or_alias\",\"resource.id\":\"jm-after-build-bug-fix-ssp-3495-f8_product_2\",\"index_uuid\":\"_na_\",\"index\":\"jm-after-build-bug-fix-ssp-3495-f8_product_2\"},\"status\":404}","code":404,"file":"/var/www/html/vendor/elasticsearch/elasticsearch/src/Elasticsearch/Connections/Connection.php:685"}},"level":500,"level_name":"CRITICAL","channel":"app","datetime":"2025-07-18T17:36:04.459953+00:00","extra":{}}
php-fpm-1  | {"message":"[GraphQL] Elasticsearch\\Common\\Exceptions\\Missing404Exception: {\"error\":{\"root_cause\":[{\"type\":\"index_not_found_exception\",\"reason\":\"no such index [jm-after-build-bug-fix-ssp-3495-f8_article_2]\",\"resource.type\":\"index_or_alias\",\"resource.id\":\"jm-after-build-bug-fix-ssp-3495-f8_article_2\",\"index_uuid\":\"_na_\",\"index\":\"jm-after-build-bug-fix-ssp-3495-f8_article_2\"}],\"type\":\"index_not_found_exception\",\"reason\":\"no such index [jm-after-build-bug-fix-ssp-3495-f8_article_2]\",\"resource.type\":\"index_or_alias\",\"resource.id\":\"jm-after-build-bug-fix-ssp-3495-f8_article_2\",\"index_uuid\":\"_na_\",\"index\":\"jm-after-build-bug-fix-ssp-3495-f8_article_2\"},\"status\":404}[404] (caught throwable) at /var/www/html/vendor/elasticsearch/elasticsearch/src/Elasticsearch/Connections/Connection.php line 685.","context":{"exception":{"class":"Elasticsearch\\Common\\Exceptions\\Missing404Exception","message":"{\"error\":{\"root_cause\":[{\"type\":\"index_not_found_exception\",\"reason\":\"no such index [jm-after-build-bug-fix-ssp-3495-f8_article_2]\",\"resource.type\":\"index_or_alias\",\"resource.id\":\"jm-after-build-bug-fix-ssp-3495-f8_article_2\",\"index_uuid\":\"_na_\",\"index\":\"jm-after-build-bug-fix-ssp-3495-f8_article_2\"}],\"type\":\"index_not_found_exception\",\"reason\":\"no such index [jm-after-build-bug-fix-ssp-3495-f8_article_2]\",\"resource.type\":\"index_or_alias\",\"resource.id\":\"jm-after-build-bug-fix-ssp-3495-f8_article_2\",\"index_uuid\":\"_na_\",\"index\":\"jm-after-build-bug-fix-ssp-3495-f8_article_2\"},\"status\":404}","code":404,"file":"/var/www/html/vendor/elasticsearch/elasticsearch/src/Elasticsearch/Connections/Connection.php:685"}},"level":500,"level_name":"CRITICAL","channel":"app","datetime":"2025-07-18T17:36:04.476524+00:00","extra":{}}
php-fpm-1  | {"message":"[GraphQL] Elasticsearch\\Common\\Exceptions\\Missing404Exception: {\"error\":{\"root_cause\":[{\"type\":\"index_not_found_exception\",\"reason\":\"no such index [jm-after-build-bug-fix-ssp-3495-f8_blog_article_2]\",\"resource.type\":\"index_or_alias\",\"resource.id\":\"jm-after-build-bug-fix-ssp-3495-f8_blog_article_2\",\"index_uuid\":\"_na_\",\"index\":\"jm-after-build-bug-fix-ssp-3495-f8_blog_article_2\"}],\"type\":\"index_not_found_exception\",\"reason\":\"no such index [jm-after-build-bug-fix-ssp-3495-f8_blog_article_2]\",\"resource.type\":\"index_or_alias\",\"resource.id\":\"jm-after-build-bug-fix-ssp-3495-f8_blog_article_2\",\"index_uuid\":\"_na_\",\"index\":\"jm-after-build-bug-fix-ssp-3495-f8_blog_article_2\"},\"status\":404}[404] (caught throwable) at /var/www/html/vendor/elasticsearch/elasticsearch/src/Elasticsearch/Connections/Connection.php line 685.","context":{"exception":{"class":"Elasticsearch\\Common\\Exceptions\\Missing404Exception","message":"{\"error\":{\"root_cause\":[{\"type\":\"index_not_found_exception\",\"reason\":\"no such index [jm-after-build-bug-fix-ssp-3495-f8_blog_article_2]\",\"resource.type\":\"index_or_alias\",\"resource.id\":\"jm-after-build-bug-fix-ssp-3495-f8_blog_article_2\",\"index_uuid\":\"_na_\",\"index\":\"jm-after-build-bug-fix-ssp-3495-f8_blog_article_2\"}],\"type\":\"index_not_found_exception\",\"reason\":\"no such index [jm-after-build-bug-fix-ssp-3495-f8_blog_article_2]\",\"resource.type\":\"index_or_alias\",\"resource.id\":\"jm-after-build-bug-fix-ssp-3495-f8_blog_article_2\",\"index_uuid\":\"_na_\",\"index\":\"jm-after-build-bug-fix-ssp-3495-f8_blog_article_2\"},\"status\":404}","code":404,"file":"/var/www/html/vendor/elasticsearch/elasticsearch/src/Elasticsearch/Connections/Connection.php:685"}},"level":500,"level_name":"CRITICAL","channel":"app","datetime":"2025-07-18T17:36:04.478740+00:00","extra":{}}
php-fpm-1  | {"message":"[GraphQL] Elasticsearch\\Common\\Exceptions\\Missing404Exception: {\"error\":{\"root_cause\":[{\"type\":\"index_not_found_exception\",\"reason\":\"no such index [jm-after-build-bug-fix-ssp-3495-f8_product_2]\",\"resource.type\":\"index_or_alias\",\"resource.id\":\"jm-after-build-bug-fix-ssp-3495-f8_product_2\",\"index_uuid\":\"_na_\",\"index\":\"jm-after-build-bug-fix-ssp-3495-f8_product_2\"}],\"type\":\"index_not_found_exception\",\"reason\":\"no such index [jm-after-build-bug-fix-ssp-3495-f8_product_2]\",\"resource.type\":\"index_or_alias\",\"resource.id\":\"jm-after-build-bug-fix-ssp-3495-f8_product_2\",\"index_uuid\":\"_na_\",\"index\":\"jm-after-build-bug-fix-ssp-3495-f8_product_2\"},\"status\":404}[404] (caught throwable) at /var/www/html/vendor/elasticsearch/elasticsearch/src/Elasticsearch/Connections/Connection.php line 685.","context":{"exception":{"class":"Elasticsearch\\Common\\Exceptions\\Missing404Exception","message":"{\"error\":{\"root_cause\":[{\"type\":\"index_not_found_exception\",\"reason\":\"no such index [jm-after-build-bug-fix-ssp-3495-f8_product_2]\",\"resource.type\":\"index_or_alias\",\"resource.id\":\"jm-after-build-bug-fix-ssp-3495-f8_product_2\",\"index_uuid\":\"_na_\",\"index\":\"jm-after-build-bug-fix-ssp-3495-f8_product_2\"}],\"type\":\"index_not_found_exception\",\"reason\":\"no such index [jm-after-build-bug-fix-ssp-3495-f8_product_2]\",\"resource.type\":\"index_or_alias\",\"resource.id\":\"jm-after-build-bug-fix-ssp-3495-f8_product_2\",\"index_uuid\":\"_na_\",\"index\":\"jm-after-build-bug-fix-ssp-3495-f8_product_2\"},\"status\":404}","code":404,"file":"/var/www/html/vendor/elasticsearch/elasticsearch/src/Elasticsearch/Connections/Connection.php:685"}},"level":500,"level_name":"CRITICAL","channel":"app","datetime":"2025-07-18T17:36:33.820183+00:00","extra":{}}
php-fpm-1  | NOTICE: PHP message: 🔍 [SLIDER_SERVICE] Starting query execution
php-fpm-1  | NOTICE: PHP message: 🔍 [SLIDER_SERVICE] SliderItemFacade available: YES
php-fpm-1  | NOTICE: PHP message: 🔍 [SLIDER_CONN] Connection established: YES
php-fpm-1  | NOTICE: PHP message: 🔍 [SLIDER_PING] Connection test successful: YES
php-fpm-1  | NOTICE: PHP message: 🔍 [SLIDER] Domain ID: 2
php-fpm-1  | NOTICE: PHP message: 🔍 [SLIDER] Date filter: 2025-07-18 00:00:00
php-fpm-1  | NOTICE: PHP message: 🔍 [SLIDER] Current time: 2025-07-18 17:36:34
php-fpm-1  | NOTICE: PHP message: 🔍 [SLIDER_SQL] Generated SQL: SELECT s0_.gtm_id AS gtm_id_0, s0_.gtm_creative AS gtm_creative_1, s0_.uuid AS uuid_2, s0_.id AS id_3, s0_.name AS name_4, s0_.link AS link_5, s0_.domain_id AS domain_id_6, s0_.position AS position_7, s0_.hidden AS hidden_8, s0_.description AS description_9, s0_.rgb_background_color AS rgb_background_color_10, s0_.opacity AS opacity_11, s0_.datetime_visible_from AS datetime_visible_from_12, s0_.datetime_visible_to AS datetime_visible_to_13 FROM slider_items s0_ WHERE s0_.domain_id = ? AND s0_.hidden = ? AND (s0_.datetime_visible_from IS NULL OR s0_.datetime_visible_from <= ?) AND (s0_.datetime_visible_to IS NULL OR s0_.datetime_visible_to >= ?) ORDER BY s0_.position ASC, s0_.id ASC
php-fpm-1  | NOTICE: PHP message: 🔍 [SLIDER_SQL] Parameters: [{},{},{}]
php-fpm-1  | NOTICE: PHP message: 🔍 [SLIDER_TIMING] Query execution time: 3.9689540863037ms
php-fpm-1  | NOTICE: PHP message: 🔍 [SLIDER_RESULT] Query returned: 0 records
php-fpm-1  | NOTICE: PHP message: ⚠️ [SLIDER_ISSUE] EMPTY RESULT - This is the issue!
php-fpm-1  | NOTICE: PHP message: 🔍 [SLIDER_DIAG] Testing raw SQL equivalent...
php-fpm-1  | NOTICE: PHP message: 🔍 [SLIDER_DIAG] Raw SQL count: 0
php-fpm-1  | NOTICE: PHP message: 🔍 [SLIDER_TIMING] Facade query execution: 7.9360008239746ms
php-fpm-1  | NOTICE: PHP message: 🔍 [SLIDER_RESULT] Final result count: 0
php-fpm-1  | {"message":"[GraphQL] Elasticsearch\\Common\\Exceptions\\Missing404Exception: {\"error\":{\"root_cause\":[{\"type\":\"index_not_found_exception\",\"reason\":\"no such index [jm-after-build-bug-fix-ssp-3495-f8_article_2]\",\"resource.type\":\"index_or_alias\",\"resource.id\":\"jm-after-build-bug-fix-ssp-3495-f8_article_2\",\"index_uuid\":\"_na_\",\"index\":\"jm-after-build-bug-fix-ssp-3495-f8_article_2\"}],\"type\":\"index_not_found_exception\",\"reason\":\"no such index [jm-after-build-bug-fix-ssp-3495-f8_article_2]\",\"resource.type\":\"index_or_alias\",\"resource.id\":\"jm-after-build-bug-fix-ssp-3495-f8_article_2\",\"index_uuid\":\"_na_\",\"index\":\"jm-after-build-bug-fix-ssp-3495-f8_article_2\"},\"status\":404}[404] (caught throwable) at /var/www/html/vendor/elasticsearch/elasticsearch/src/Elasticsearch/Connections/Connection.php line 685.","context":{"exception":{"class":"Elasticsearch\\Common\\Exceptions\\Missing404Exception","message":"{\"error\":{\"root_cause\":[{\"type\":\"index_not_found_exception\",\"reason\":\"no such index [jm-after-build-bug-fix-ssp-3495-f8_article_2]\",\"resource.type\":\"index_or_alias\",\"resource.id\":\"jm-after-build-bug-fix-ssp-3495-f8_article_2\",\"index_uuid\":\"_na_\",\"index\":\"jm-after-build-bug-fix-ssp-3495-f8_article_2\"}],\"type\":\"index_not_found_exception\",\"reason\":\"no such index [jm-after-build-bug-fix-ssp-3495-f8_article_2]\",\"resource.type\":\"index_or_alias\",\"resource.id\":\"jm-after-build-bug-fix-ssp-3495-f8_article_2\",\"index_uuid\":\"_na_\",\"index\":\"jm-after-build-bug-fix-ssp-3495-f8_article_2\"},\"status\":404}","code":404,"file":"/var/www/html/vendor/elasticsearch/elasticsearch/src/Elasticsearch/Connections/Connection.php:685"}},"level":500,"level_name":"CRITICAL","channel":"app","datetime":"2025-07-18T17:36:34.067867+00:00","extra":{}}
php-fpm-1  | {"message":"[GraphQL] Elasticsearch\\Common\\Exceptions\\Missing404Exception: {\"error\":{\"root_cause\":[{\"type\":\"index_not_found_exception\",\"reason\":\"no such index [jm-after-build-bug-fix-ssp-3495-f8_blog_article_2]\",\"resource.type\":\"index_or_alias\",\"resource.id\":\"jm-after-build-bug-fix-ssp-3495-f8_blog_article_2\",\"index_uuid\":\"_na_\",\"index\":\"jm-after-build-bug-fix-ssp-3495-f8_blog_article_2\"}],\"type\":\"index_not_found_exception\",\"reason\":\"no such index [jm-after-build-bug-fix-ssp-3495-f8_blog_article_2]\",\"resource.type\":\"index_or_alias\",\"resource.id\":\"jm-after-build-bug-fix-ssp-3495-f8_blog_article_2\",\"index_uuid\":\"_na_\",\"index\":\"jm-after-build-bug-fix-ssp-3495-f8_blog_article_2\"},\"status\":404}[404] (caught throwable) at /var/www/html/vendor/elasticsearch/elasticsearch/src/Elasticsearch/Connections/Connection.php line 685.","context":{"exception":{"class":"Elasticsearch\\Common\\Exceptions\\Missing404Exception","message":"{\"error\":{\"root_cause\":[{\"type\":\"index_not_found_exception\",\"reason\":\"no such index [jm-after-build-bug-fix-ssp-3495-f8_blog_article_2]\",\"resource.type\":\"index_or_alias\",\"resource.id\":\"jm-after-build-bug-fix-ssp-3495-f8_blog_article_2\",\"index_uuid\":\"_na_\",\"index\":\"jm-after-build-bug-fix-ssp-3495-f8_blog_article_2\"}],\"type\":\"index_not_found_exception\",\"reason\":\"no such index [jm-after-build-bug-fix-ssp-3495-f8_blog_article_2]\",\"resource.type\":\"index_or_alias\",\"resource.id\":\"jm-after-build-bug-fix-ssp-3495-f8_blog_article_2\",\"index_uuid\":\"_na_\",\"index\":\"jm-after-build-bug-fix-ssp-3495-f8_blog_article_2\"},\"status\":404}","code":404,"file":"/var/www/html/vendor/elasticsearch/elasticsearch/src/Elasticsearch/Connections/Connection.php:685"}},"level":500,"level_name":"CRITICAL","channel":"app","datetime":"2025-07-18T17:36:34.656780+00:00","extra":{}}
php-fpm-1  | resolveFriendlyUrl: 404 Not Found because friendly URL not found with slug (.git/config) and domainId (2)
php-fpm-1  | {"message":"[GraphQL] Elasticsearch\\Common\\Exceptions\\Missing404Exception: {\"error\":{\"root_cause\":[{\"type\":\"index_not_found_exception\",\"reason\":\"no such index [jm-after-build-bug-fix-ssp-3495-f8_article_2]\",\"resource.type\":\"index_or_alias\",\"resource.id\":\"jm-after-build-bug-fix-ssp-3495-f8_article_2\",\"index_uuid\":\"_na_\",\"index\":\"jm-after-build-bug-fix-ssp-3495-f8_article_2\"}],\"type\":\"index_not_found_exception\",\"reason\":\"no such index [jm-after-build-bug-fix-ssp-3495-f8_article_2]\",\"resource.type\":\"index_or_alias\",\"resource.id\":\"jm-after-build-bug-fix-ssp-3495-f8_article_2\",\"index_uuid\":\"_na_\",\"index\":\"jm-after-build-bug-fix-ssp-3495-f8_article_2\"},\"status\":404}[404] (caught throwable) at /var/www/html/vendor/elasticsearch/elasticsearch/src/Elasticsearch/Connections/Connection.php line 685.","context":{"exception":{"class":"Elasticsearch\\Common\\Exceptions\\Missing404Exception","message":"{\"error\":{\"root_cause\":[{\"type\":\"index_not_found_exception\",\"reason\":\"no such index [jm-after-build-bug-fix-ssp-3495-f8_article_2]\",\"resource.type\":\"index_or_alias\",\"resource.id\":\"jm-after-build-bug-fix-ssp-3495-f8_article_2\",\"index_uuid\":\"_na_\",\"index\":\"jm-after-build-bug-fix-ssp-3495-f8_article_2\"}],\"type\":\"index_not_found_exception\",\"reason\":\"no such index [jm-after-build-bug-fix-ssp-3495-f8_article_2]\",\"resource.type\":\"index_or_alias\",\"resource.id\":\"jm-after-build-bug-fix-ssp-3495-f8_article_2\",\"index_uuid\":\"_na_\",\"index\":\"jm-after-build-bug-fix-ssp-3495-f8_article_2\"},\"status\":404}","code":404,"file":"/var/www/html/vendor/elasticsearch/elasticsearch/src/Elasticsearch/Connections/Connection.php:685"}},"level":500,"level_name":"CRITICAL","channel":"app","datetime":"2025-07-18T17:36:36.579635+00:00","extra":{}}
php-fpm-1  | NOTICE: PHP message: 🔍 [SLIDER_SERVICE] Starting query execution
php-fpm-1  | NOTICE: PHP message: 🔍 [SLIDER_SERVICE] SliderItemFacade available: YES
php-fpm-1  | NOTICE: PHP message: 🔍 [SLIDER_CONN] Connection established: YES
php-fpm-1  | NOTICE: PHP message: 🔍 [SLIDER_PING] Connection test successful: YES
php-fpm-1  | NOTICE: PHP message: 🔍 [SLIDER] Domain ID: 1
php-fpm-1  | NOTICE: PHP message: 🔍 [SLIDER] Date filter: 2025-07-18 00:00:00
php-fpm-1  | NOTICE: PHP message: 🔍 [SLIDER] Current time: 2025-07-18 17:36:43
php-fpm-1  | NOTICE: PHP message: 🔍 [SLIDER_SQL] Generated SQL: SELECT s0_.gtm_id AS gtm_id_0, s0_.gtm_creative AS gtm_creative_1, s0_.uuid AS uuid_2, s0_.id AS id_3, s0_.name AS name_4, s0_.link AS link_5, s0_.domain_id AS domain_id_6, s0_.position AS position_7, s0_.hidden AS hidden_8, s0_.description AS description_9, s0_.rgb_background_color AS rgb_background_color_10, s0_.opacity AS opacity_11, s0_.datetime_visible_from AS datetime_visible_from_12, s0_.datetime_visible_to AS datetime_visible_to_13 FROM slider_items s0_ WHERE s0_.domain_id = ? AND s0_.hidden = ? AND (s0_.datetime_visible_from IS NULL OR s0_.datetime_visible_from <= ?) AND (s0_.datetime_visible_to IS NULL OR s0_.datetime_visible_to >= ?) ORDER BY s0_.position ASC, s0_.id ASC
php-fpm-1  | NOTICE: PHP message: 🔍 [SLIDER_SQL] Parameters: [{},{},{}]
php-fpm-1  | NOTICE: PHP message: 🔍 [SLIDER_TIMING] Query execution time: 2.9749870300293ms
php-fpm-1  | NOTICE: PHP message: 🔍 [SLIDER_RESULT] Query returned: 3 records
php-fpm-1  | NOTICE: PHP message: 🔍 [SLIDER_TIMING] Facade query execution: 5.403995513916ms
php-fpm-1  | NOTICE: PHP message: 🔍 [SLIDER_RESULT] Final result count: 3
php-fpm-1  | resolveFriendlyUrl: 404 Not Found because friendly URL not found with slug (.git/config) and domainId (1)
php-fpm-1  | resolveFriendlyUrl: 404 Not Found because friendly URL not found with slug (.git/config) and domainId (2)
php-fpm-1  | resolveFriendlyUrl: 404 Not Found because friendly URL not found with slug (.git/config) and domainId (1)
php-fpm-1  | resolveFriendlyUrl: 404 Not Found because friendly URL not found with slug (.git/config) and domainId (2)
php-fpm-1  | resolveFriendlyUrl: 404 Not Found because friendly URL not found with slug (.git/config) and domainId (1)
php-fpm-1  | resolveFriendlyUrl: 404 Not Found because friendly URL not found with slug (.git/config) and domainId (2)
php-fpm-1  | {"message":"Error thrown while running command \"shopsys:cron --instance-name=export\". Message: \"An exception occurred while executing a query: SQLSTATE[23505]: Unique violation: 7 ERROR:  duplicate key value violates unique constraint \"cron_modules_pkey\"\nDETAIL:  Key (service_id)=(Shopsys\\FrameworkBundle\\Model\\Watchdog\\WatchdogCronModule) already exists.\"","context":{"exception":{"class":"Doctrine\\DBAL\\Exception\\UniqueConstraintViolationException","message":"An exception occurred while executing a query: SQLSTATE[23505]: Unique violation: 7 ERROR:  duplicate key value violates unique constraint \"cron_modules_pkey\"\nDETAIL:  Key (service_id)=(Shopsys\\FrameworkBundle\\Model\\Watchdog\\WatchdogCronModule) already exists.","code":7,"file":"/var/www/html/vendor/doctrine/dbal/src/Driver/API/PostgreSQL/ExceptionConverter.php:53","previous":{"class":"Doctrine\\DBAL\\Driver\\PDO\\Exception","message":"SQLSTATE[23505]: Unique violation: 7 ERROR:  duplicate key value violates unique constraint \"cron_modules_pkey\"\nDETAIL:  Key (service_id)=(Shopsys\\FrameworkBundle\\Model\\Watchdog\\WatchdogCronModule) already exists.","code":7,"file":"/var/www/html/vendor/doctrine/dbal/src/Driver/PDO/Exception.php:24","previous":{"class":"PDOException","message":"SQLSTATE[23505]: Unique violation: 7 ERROR:  duplicate key value violates unique constraint \"cron_modules_pkey\"\nDETAIL:  Key (service_id)=(Shopsys\\FrameworkBundle\\Model\\Watchdog\\WatchdogCronModule) already exists.","code":23505,"file":"/var/www/html/vendor/doctrine/dbal/src/Driver/PDO/Statement.php:130"}}},"command":"shopsys:cron --instance-name=export","message":"An exception occurred while executing a query: SQLSTATE[23505]: Unique violation: 7 ERROR:  duplicate key value violates unique constraint \"cron_modules_pkey\"\nDETAIL:  Key (service_id)=(Shopsys\\FrameworkBundle\\Model\\Watchdog\\WatchdogCronModule) already exists."},"level":500,"level_name":"CRITICAL","channel":"console","datetime":"2025-07-18T17:40:31.665765+00:00","extra":{}}
php-fpm-1  | {"message":"Error thrown while running command \"shopsys:cron --instance-name=products\". Message: \"An exception occurred while executing a query: SQLSTATE[23505]: Unique violation: 7 ERROR:  duplicate key value violates unique constraint \"cron_modules_pkey\"\nDETAIL:  Key (service_id)=(Shopsys\\FrameworkBundle\\Model\\Watchdog\\WatchdogCronModule) already exists.\"","context":{"exception":{"class":"Doctrine\\DBAL\\Exception\\UniqueConstraintViolationException","message":"An exception occurred while executing a query: SQLSTATE[23505]: Unique violation: 7 ERROR:  duplicate key value violates unique constraint \"cron_modules_pkey\"\nDETAIL:  Key (service_id)=(Shopsys\\FrameworkBundle\\Model\\Watchdog\\WatchdogCronModule) already exists.","code":7,"file":"/var/www/html/vendor/doctrine/dbal/src/Driver/API/PostgreSQL/ExceptionConverter.php:53","previous":{"class":"Doctrine\\DBAL\\Driver\\PDO\\Exception","message":"SQLSTATE[23505]: Unique violation: 7 ERROR:  duplicate key value violates unique constraint \"cron_modules_pkey\"\nDETAIL:  Key (service_id)=(Shopsys\\FrameworkBundle\\Model\\Watchdog\\WatchdogCronModule) already exists.","code":7,"file":"/var/www/html/vendor/doctrine/dbal/src/Driver/PDO/Exception.php:24","previous":{"class":"PDOException","message":"SQLSTATE[23505]: Unique violation: 7 ERROR:  duplicate key value violates unique constraint \"cron_modules_pkey\"\nDETAIL:  Key (service_id)=(Shopsys\\FrameworkBundle\\Model\\Watchdog\\WatchdogCronModule) already exists.","code":23505,"file":"/var/www/html/vendor/doctrine/dbal/src/Driver/PDO/Statement.php:130"}}},"command":"shopsys:cron --instance-name=products","message":"An exception occurred while executing a query: SQLSTATE[23505]: Unique violation: 7 ERROR:  duplicate key value violates unique constraint \"cron_modules_pkey\"\nDETAIL:  Key (service_id)=(Shopsys\\FrameworkBundle\\Model\\Watchdog\\WatchdogCronModule) already exists."},"level":500,"level_name":"CRITICAL","channel":"console","datetime":"2025-07-18T17:40:31.669269+00:00","extra":{}}
php-fpm-1  | {"message":"Start of cron instance","context":{},"level":200,"level_name":"INFO","channel":"cron","datetime":"2025-07-18T17:40:31.678250+00:00","extra":{"instance":"dataBridgeImport","runId":"687a870fa59508.42140058"}}
php-fpm-1  | {"message":"Cron module started","context":{},"level":200,"level_name":"INFO","channel":"cron","datetime":"2025-07-18T17:40:31.682812+00:00","extra":{"module":"DummyCronModule","instance":"dataBridgeImport","runId":"687a870fa59508.42140058"}}
php-fpm-1  | {"message":"Skipping transfer, data bridge is disabled from parameters.yml","context":{},"level":300,"level_name":"WARNING","channel":"cron","datetime":"2025-07-18T17:40:31.686874+00:00","extra":{"module":"DummyCronModule","instance":"dataBridgeImport","runId":"687a870fa59508.42140058"}}
php-fpm-1  | {"message":"Cron module ended","context":{"status":"ok"},"level":200,"level_name":"INFO","channel":"cron","datetime":"2025-07-18T17:40:31.696835+00:00","extra":{"module":"DummyCronModule","instance":"dataBridgeImport","runId":"687a870fa59508.42140058"}}
php-fpm-1  | {"message":"End of cron instance","context":{},"level":200,"level_name":"INFO","channel":"cron","datetime":"2025-07-18T17:40:31.697253+00:00","extra":{"instance":"dataBridgeImport","runId":"687a870fa59508.42140058"}}
php-fpm-1  | {"message":"Start of cron instance","context":{},"level":200,"level_name":"INFO","channel":"cron","datetime":"2025-07-18T17:40:31.721428+00:00","extra":{"instance":"gopay","runId":"687a870fb01fd7.06228285"}}
php-fpm-1  | {"message":"End of cron instance","context":{},"level":200,"level_name":"INFO","channel":"cron","datetime":"2025-07-18T17:40:31.725593+00:00","extra":{"instance":"gopay","runId":"687a870fb01fd7.06228285"}}
php-fpm-1  | {"message":"Start of cron instance","context":{},"level":200,"level_name":"INFO","channel":"cron","datetime":"2025-07-18T17:40:31.726418+00:00","extra":{"instance":"packetery","runId":"687a870fb15706.50750788"}}
php-fpm-1  | {"message":"Cron module started","context":{},"level":200,"level_name":"INFO","channel":"cron","datetime":"2025-07-18T17:40:31.730931+00:00","extra":{"module":"PacketeryCronModule","instance":"packetery","runId":"687a870fb15706.50750788"}}
php-fpm-1  | {"message":"Start of cron instance","context":{},"level":200,"level_name":"INFO","channel":"cron","datetime":"2025-07-18T17:40:31.732280+00:00","extra":{"instance":"service","runId":"687a870fb2c516.59283065"}}
php-fpm-1  | {"message":"Cron module started","context":{},"level":200,"level_name":"INFO","channel":"cron","datetime":"2025-07-18T17:40:31.736140+00:00","extra":{"module":"VatDeletionCronModule","instance":"service","runId":"687a870fb2c516.59283065"}}
php-fpm-1  | {"message":"Deleted 0 vats","context":{},"level":200,"level_name":"INFO","channel":"cron","datetime":"2025-07-18T17:40:31.765059+00:00","extra":{"module":"VatDeletionCronModule","instance":"service","runId":"687a870fb2c516.59283065"}}
php-fpm-1  | {"message":"No orders to send to Packetery.","context":{},"level":200,"level_name":"INFO","channel":"cron","datetime":"2025-07-18T17:40:31.773688+00:00","extra":{"module":"PacketeryCronModule","instance":"packetery","runId":"687a870fb15706.50750788"}}
php-fpm-1  | {"message":"Cron module ended","context":{"status":"ok"},"level":200,"level_name":"INFO","channel":"cron","datetime":"2025-07-18T17:40:31.775214+00:00","extra":{"module":"VatDeletionCronModule","instance":"service","runId":"687a870fb2c516.59283065"}}
php-fpm-1  | {"message":"Cron module started","context":{},"level":200,"level_name":"INFO","channel":"cron","datetime":"2025-07-18T17:40:31.776105+00:00","extra":{"module":"DeleteOldCronModuleRunsCronModule","instance":"service","runId":"687a870fb2c516.59283065"}}
php-fpm-1  | {"message":"Cron module ended","context":{"status":"ok"},"level":200,"level_name":"INFO","channel":"cron","datetime":"2025-07-18T17:40:31.828275+00:00","extra":{"module":"PacketeryCronModule","instance":"packetery","runId":"687a870fb15706.50750788"}}
php-fpm-1  | {"message":"End of cron instance","context":{},"level":200,"level_name":"INFO","channel":"cron","datetime":"2025-07-18T17:40:31.828641+00:00","extra":{"instance":"packetery","runId":"687a870fb15706.50750788"}}
php-fpm-1  | {"message":"Cron module ended","context":{"status":"ok"},"level":200,"level_name":"INFO","channel":"cron","datetime":"2025-07-18T17:40:31.829455+00:00","extra":{"module":"DeleteOldCronModuleRunsCronModule","instance":"service","runId":"687a870fb2c516.59283065"}}
php-fpm-1  | {"message":"End of cron instance","context":{},"level":200,"level_name":"INFO","channel":"cron","datetime":"2025-07-18T17:40:31.829789+00:00","extra":{"instance":"service","runId":"687a870fb2c516.59283065"}}
github-runner@odin:~/actions-runner/_work/shopsys/shopsys/jm-after-build-bug-fix-ssp-3495-f8$
