id,origin,name,code,valid_from,valid_to,usage_date
welcome,"sconto_cz","Sleva 30% na prvni nakup","SC-LGZF-EWNX","2019-05-01","2019-12-31",""
welcome,"sconto_cz","Sleva 30% na prvni nakup","SC-LFZF-HCGC","2019-05-01","2019-12-31",""
welcome,"sconto_cz","Sleva 30% na prvni nakup","SC-LKZF-DKW8","2019-05-01","2019-12-31",""
welcome,"sconto_cz","Sleva 30% na prvni nakup","SC-LNZF-P8FZ","2019-05-01","2019-12-31",""
welcome,"sconto_cz","Sleva 30% na prvni nakup","SC-LCZF-WLEZ","2019-05-01","2019-12-31",""
welcome,"sconto_cz","Sleva 30% na prvni nakup","SC-L5ZF-9XDH","2019-05-01","2019-12-31",""
welcome,"sconto_cz","Sleva 30% na prvni nakup","SC-LDZF-C9LN","2019-05-01","2019-12-31",""
welcome,"sconto_cz","Sleva 30% na prvni nakup","SC-LXZF-NE95","2019-05-01","2019-12-31",""
welcome,"sconto_cz","Sleva 30% na prvni nakup","SC-LWZF-FLHE","2019-05-01","2019-12-31",""
welcome,"sconto_cz","Sleva 30% na prvni nakup","SC-LEZF-PC9P","2019-05-01","2019-12-31",""
welcome,"sconto_cz","Sleva 30% na prvni nakup","SC-L9ZF-DFDF","2019-05-01","2019-12-31",""
welcome,"sconto_cz","Sleva 30% na prvni nakup","SC-LLZF-KLHP","2019-05-01","2019-12-31",""
welcome,"sconto_cz","Sleva 30% na prvni nakup","SC-LPZF-EKFN","2019-05-01","2019-12-31",""
welcome,"sconto_cz","Sleva 30% na prvni nakup","SC-LZZF-EZWF","2019-05-01","2019-12-31",""
welcome,"sconto_cz","Sleva 30% na prvni nakup","SC-LHZF-HCXD","2019-05-01","2019-12-31",""
welcome,"sconto_cz","Sleva 30% na prvni nakup","SC-P8ZF-NZNH","2019-05-01","2019-12-31",""
welcome,"sconto_cz","Sleva 30% na prvni nakup","SC-PGZF-XW9E","2019-05-01","2019-12-31",""
welcome,"sconto_cz","Sleva 30% na prvni nakup","SC-PFZF-ZPXE","2019-05-01","2019-12-31",""
welcome,"sconto_cz","Sleva 30% na prvni nakup","SC-PKZF-NWEL","2019-05-01","2019-12-31",""
welcome,"sconto_cz","Sleva 30% na prvni nakup","SC-PNZF-KFW5","2019-05-01","2019-12-31",""
welcome,"sconto_cz","Sleva 30% na prvni nakup","SC-PCZF-G8ZW","2019-05-01","2019-12-31",""
welcome,"sconto_cz","Sleva 30% na prvni nakup","SC-P5ZF-KGWG","2019-05-01","2019-12-31",""
welcome,"sconto_cz","Sleva 30% na prvni nakup","SC-PDZF-G9HZ","2019-05-01","2019-12-31",""
welcome,"sconto_cz","Sleva 30% na prvni nakup","SC-PXZF-ZECG","2019-05-01","2019-12-31",""
welcome,"sconto_cz","Sleva 30% na prvni nakup","SC-PWZF-XNLX","2019-05-01","2019-12-31",""
welcome,"sconto_cz","Sleva 30% na prvni nakup","SC-PEZF-EK5N","2019-05-01","2019-12-31",""
welcome,"sconto_cz","Sleva 30% na prvni nakup","SC-P9ZF-5DCK","2019-05-01","2019-12-31",""
welcome,"sconto_cz","Sleva 30% na prvni nakup","SC-PLZF-9ENN","2019-05-01","2019-12-31",""
welcome,"sconto_cz","Sleva 30% na prvni nakup","SC-PPZF-LZEX","2019-05-01","2019-12-31",""
welcome,"sconto_cz","Sleva 30% na prvni nakup","SC-PZZF-FGK8","2019-05-01","2019-12-31",""
welcome,"sconto_cz","Sleva 30% na prvni nakup","SC-PHZF-55EW","2019-05-01","2019-12-31",""
welcome,"sconto_cz","Sleva 30% na prvni nakup","SC-Z8ZF-WFGD","2019-05-01","2019-12-31",""
welcome,"sconto_cz","Sleva 30% na prvni nakup","SC-ZGZF-K5CD","2019-05-01","2019-12-31",""
welcome,"sconto_cz","Sleva 30% na prvni nakup","SC-ZFZF-LWZ9","2019-05-01","2019-12-31",""
welcome,"sconto_cz","Sleva 30% na prvni nakup","SC-ZKZF-5NNX","2019-05-01","2019-12-31",""
welcome,"sconto_cz","Sleva 30% na prvni nakup","SC-ZNZF-P5HX","2019-05-01","2019-12-31",""
welcome,"sconto_cz","Sleva 30% na prvni nakup","SC-ZCZF-FELD","2019-05-01","2019-12-31",""
welcome,"sconto_cz","Sleva 30% na prvni nakup","SC-Z5ZF-C9FK","2019-05-01","2019-12-31",""
welcome,"sconto_cz","Sleva 30% na prvni nakup","SC-ZDZF-H8KL","2019-05-01","2019-12-31",""
welcome,"sconto_cz","Sleva 30% na prvni nakup","SC-ZXZF-NCCK","2019-05-01","2019-12-31",""
welcome,"sconto_cz","Sleva 30% na prvni nakup","SC-ZWZF-ZHZH","2019-05-01","2019-12-31",""
welcome,"sconto_cz","Sleva 30% na prvni nakup","SC-ZEZF-DE9F","2019-05-01","2019-12-31",""
welcome,"sconto_cz","Sleva 30% na prvni nakup","SC-Z9ZF-W9C8","2019-05-01","2019-12-31",""
welcome,"sconto_cz","Sleva 30% na prvni nakup","SC-ZLZF-WPHZ","2019-05-01","2019-12-31",""
welcome,"sconto_cz","Sleva 30% na prvni nakup","SC-ZPZF-NHKH","2019-05-01","2019-12-31",""
welcome,"sconto_cz","Sleva 30% na prvni nakup","SC-ZZZF-PGKL","2019-05-01","2019-12-31",""
welcome,"sconto_cz","Sleva 30% na prvni nakup","SC-ZHZF-N99H","2019-05-01","2019-12-31",""
welcome,"sconto_cz","Sleva 30% na prvni nakup","SC-H8ZF-ZCCX","2019-05-01","2019-12-31",""
welcome,"sconto_cz","Sleva 30% na prvni nakup","SC-HGZF-NWWC","2019-05-01","2019-12-31",""
welcome,"sconto_cz","Sleva 30% na prvni nakup","SC-HFZF-XZ9H","2019-05-01","2019-12-31",""
welcome,"sconto_cz","Sleva 30% na prvni nakup","SC-HKZF-WNCK","2019-05-01","2019-12-31",""
welcome,"sconto_cz","Sleva 30% na prvni nakup","SC-HNZF-L5N9","2019-05-01","2019-12-31",""
welcome,"sconto_cz","Sleva 30% na prvni nakup","SC-HCZF-XDFD","2019-05-01","2019-12-31",""
welcome,"sconto_cz","Sleva 30% na prvni nakup","SC-H5ZF-DHXE","2019-05-01","2019-12-31",""
welcome,"sconto_cz","Sleva 30% na prvni nakup","SC-HDZF-85ZN","2019-05-01","2019-12-31",""
welcome,"sconto_cz","Sleva 30% na prvni nakup","SC-HXZF-NEZW","2019-05-01","2019-12-31",""
welcome,"sconto_cz","Sleva 30% na prvni nakup","SC-HWZF-LN5P","2019-05-01","2019-12-31",""
welcome,"sconto_cz","Sleva 30% na prvni nakup","SC-HEZF-ZZ9Z","2019-05-01","2019-12-31",""
welcome,"sconto_cz","Sleva 30% na prvni nakup","SC-H9ZF-LC5P","2019-05-01","2019-12-31",""
welcome,"sconto_cz","Sleva 30% na prvni nakup","SC-HLZF-8FZZ","2019-05-01","2019-12-31",""
welcome,"sconto_cz","Sleva 30% na prvni nakup","SC-HPZF-PLXW","2019-05-01","2019-12-31",""
welcome,"sconto_cz","Sleva 30% na prvni nakup","SC-HZZF-GXP8","2019-05-01","2019-12-31",""
welcome,"sconto_cz","Sleva 30% na prvni nakup","SC-HHZF-CCXZ","2019-05-01","2019-12-31",""
welcome,"sconto_cz","Sleva 30% na prvni nakup","SC-88ZF-88PN","2019-05-01","2019-12-31",""
welcome,"sconto_cz","Sleva 30% na prvni nakup","SC-8GZF-DW89","2019-05-01","2019-12-31",""
welcome,"sconto_cz","Sleva 30% na prvni nakup","SC-8FZF-GW89","2019-05-01","2019-12-31",""
welcome,"sconto_cz","Sleva 30% na prvni nakup","SC-8KZF-HGXD","2019-05-01","2019-12-31",""
welcome,"sconto_cz","Sleva 30% na prvni nakup","SC-8NZF-8GZC","2019-05-01","2019-12-31",""
welcome,"sconto_cz","Sleva 30% na prvni nakup","SC-8CZF-PC95","2019-05-01","2019-12-31",""
welcome,"sconto_cz","Sleva 30% na prvni nakup","SC-85ZF-WLHK","2019-05-01","2019-12-31",""
welcome,"sconto_cz","Sleva 30% na prvni nakup","SC-8DZF-8ENC","2019-05-01","2019-12-31",""
welcome,"sconto_cz","Sleva 30% na prvni nakup","SC-8XZF-EF8P","2019-05-01","2019-12-31",""
welcome,"sconto_cz","Sleva 30% na prvni nakup","SC-8WZF-GHE9","2019-05-01","2019-12-31",""
welcome,"sconto_cz","Sleva 30% na prvni nakup","SC-8EZF-XLH9","2019-05-01","2019-12-31",""
welcome,"sconto_cz","Sleva 30% na prvni nakup","SC-89ZF-DW9W","2019-05-01","2019-12-31",""
welcome,"sconto_cz","Sleva 30% na prvni nakup","SC-8LZF-EKNH","2019-05-01","2019-12-31",""
welcome,"sconto_cz","Sleva 30% na prvni nakup","SC-8PZF-X85X","2019-05-01","2019-12-31",""
welcome,"sconto_cz","Sleva 30% na prvni nakup","SC-8ZZF-ZCNW","2019-05-01","2019-12-31",""
welcome,"sconto_cz","Sleva 30% na prvni nakup","SC-8HZF-E8KN","2019-05-01","2019-12-31",""
welcome,"sconto_cz","Sleva 30% na prvni nakup","SC-G8ZF-HXP5","2019-05-01","2019-12-31",""
welcome,"sconto_cz","Sleva 30% na prvni nakup","SC-GGZF-GFCF","2019-05-01","2019-12-31",""
welcome,"sconto_cz","Sleva 30% na prvni nakup","SC-GFZF-L8L8","2019-05-01","2019-12-31",""
welcome,"sconto_cz","Sleva 30% na prvni nakup","SC-GKZF-KHDZ","2019-05-01","2019-12-31",""
welcome,"sconto_cz","Sleva 30% na prvni nakup","SC-GNZF-KHHX","2019-05-01","2019-12-31",""
welcome,"sconto_cz","Sleva 30% na prvni nakup","SC-GCZF-H5HD","2019-05-01","2019-12-31",""
welcome,"sconto_cz","Sleva 30% na prvni nakup","SC-G5ZF-PHFW","2019-05-01","2019-12-31",""
welcome,"sconto_cz","Sleva 30% na prvni nakup","SC-GDZF-55KW","2019-05-01","2019-12-31",""
welcome,"sconto_cz","Sleva 30% na prvni nakup","SC-GXZF-5WXH","2019-05-01","2019-12-31",""
welcome,"sconto_cz","Sleva 30% na prvni nakup","SC-GWZF-FWDD","2019-05-01","2019-12-31",""
welcome,"sconto_cz","Sleva 30% na prvni nakup","SC-GEZF-NLKK","2019-05-01","2019-12-31",""
welcome,"sconto_cz","Sleva 30% na prvni nakup","SC-G9ZF-EDE8","2019-05-01","2019-12-31",""
welcome,"sconto_cz","Sleva 30% na prvni nakup","SC-GLZF-CZEF","2019-05-01","2019-12-31",""
welcome,"sconto_cz","Sleva 30% na prvni nakup","SC-GPZF-XDZ5","2019-05-01","2019-12-31",""
welcome,"sconto_cz","Sleva 30% na prvni nakup","SC-GZZF-XWGX","2019-05-01","2019-12-31",""
welcome,"sconto_cz","Sleva 30% na prvni nakup","SC-GHZF-PKHK","2019-05-01","2019-12-31",""
welcome,"sconto_cz","Sleva 30% na prvni nakup","SC-F8ZF-WWXL","2019-05-01","2019-12-31",""
welcome,"sconto_cz","Sleva 30% na prvni nakup","SC-FGZF-ZL9Z","2019-05-01","2019-12-31",""
welcome,"sconto_cz","Sleva 30% na prvni nakup","SC-FFZF-5F8E","2019-05-01","2019-12-31",""
welcome,"sconto_cz","Sleva 30% na prvni nakup","SC-FKZF-ZH8W","2019-05-01","2019-12-31",""
welcome,"sconto_cz","Sleva 30% na prvni nakup","SC-FNZF-G88P","2019-05-01","2019-12-31",""
welcome,"sconto_cz","Sleva 30% na prvni nakup","SC-FCZF-PNFC","2019-05-01","2019-12-31",""
welcome,"sconto_cz","Sleva 30% na prvni nakup","SC-F5ZF-FXCZ","2019-05-01","2019-12-31",""
welcome,"sconto_cz","Sleva 30% na prvni nakup","SC-FDZF-N9N5","2019-05-01","2019-12-31",""
welcome,"sconto_cz","Sleva 30% na prvni nakup","SC-FXZF-9ZHE","2019-05-01","2019-12-31",""
welcome,"sconto_cz","Sleva 30% na prvni nakup","SC-FWZF-LDGK","2019-05-01","2019-12-31",""
welcome,"sconto_cz","Sleva 30% na prvni nakup","SC-FEZF-98XD","2019-05-01","2019-12-31",""
welcome,"sconto_cz","Sleva 30% na prvni nakup","SC-F9ZF-PWPF","2019-05-01","2019-12-31",""
welcome,"sconto_cz","Sleva 30% na prvni nakup","SC-FLZF-5EH8","2019-05-01","2019-12-31",""
welcome,"sconto_cz","Sleva 30% na prvni nakup","SC-FPZF-PKEP","2019-05-01","2019-12-31",""
welcome,"sconto_cz","Sleva 30% na prvni nakup","SC-FZZF-KDGP","2019-05-01","2019-12-31",""
welcome,"sconto_cz","Sleva 30% na prvni nakup","SC-FHZF-5C9C","2019-05-01","2019-12-31",""
welcome,"sconto_cz","Sleva 30% na prvni nakup","SC-K8ZF-W88L","2019-05-01","2019-12-31",""
welcome,"sconto_cz","Sleva 30% na prvni nakup","SC-KGZF-PCXD","2019-05-01","2019-12-31",""
welcome,"sconto_cz","Sleva 30% na prvni nakup","SC-KFZF-ELZZ","2019-05-01","2019-12-31",""
welcome,"sconto_cz","Sleva 30% na prvni nakup","SC-KKZF-G8DK","2019-05-01","2019-12-31",""
welcome,"sconto_cz","Sleva 30% na prvni nakup","SC-KNZF-5CFN","2019-05-01","2019-12-31",""
welcome,"sconto_cz","Sleva 30% na prvni nakup","SC-KCZF-GK8L","2019-05-01","2019-12-31",""
welcome,"sconto_cz","Sleva 30% na prvni nakup","SC-K5ZF-XE95","2019-05-01","2019-12-31",""
welcome,"sconto_cz","Sleva 30% na prvni nakup","SC-KDZF-CFNK","2019-05-01","2019-12-31",""
welcome,"sconto_cz","Sleva 30% na prvni nakup","SC-KXZF-HWCH","2019-05-01","2019-12-31",""
welcome,"sconto_cz","Sleva 30% na prvni nakup","SC-KWZF-EPEN","2019-05-01","2019-12-31",""
welcome,"sconto_cz","Sleva 30% na prvni nakup","SC-KEZF-XCEG","2019-05-01","2019-12-31",""
welcome,"sconto_cz","Sleva 30% na prvni nakup","SC-K9ZF-9LFP","2019-05-01","2019-12-31",""
welcome,"sconto_cz","Sleva 30% na prvni nakup","SC-KLZF-ZECH","2019-05-01","2019-12-31",""
welcome,"sconto_cz","Sleva 30% na prvni nakup","SC-KPZF-ZGHG","2019-05-01","2019-12-31",""
welcome,"sconto_cz","Sleva 30% na prvni nakup","SC-KZZF-NNPE","2019-05-01","2019-12-31",""
welcome,"sconto_cz","Sleva 30% na prvni nakup","SC-KHZF-PZ95","2019-05-01","2019-12-31",""
welcome,"sconto_cz","Sleva 30% na prvni nakup","SC-N8ZF-5Z5Z","2019-05-01","2019-12-31",""
welcome,"sconto_cz","Sleva 30% na prvni nakup","SC-NGZF-LHFP","2019-05-01","2019-12-31",""
welcome,"sconto_cz","Sleva 30% na prvni nakup","SC-NFZF-NZF8","2019-05-01","2019-12-31",""
welcome,"sconto_cz","Sleva 30% na prvni nakup","SC-NKZF-XEEL","2019-05-01","2019-12-31",""
welcome,"sconto_cz","Sleva 30% na prvni nakup","SC-NNZF-5WWL","2019-05-01","2019-12-31",""
welcome,"sconto_cz","Sleva 30% na prvni nakup","SC-NCZF-9NDF","2019-05-01","2019-12-31",""
welcome,"sconto_cz","Sleva 30% na prvni nakup","SC-N5ZF-HW59","2019-05-01","2019-12-31",""
welcome,"sconto_cz","Sleva 30% na prvni nakup","SC-NDZF-KLHX","2019-05-01","2019-12-31",""
welcome,"sconto_cz","Sleva 30% na prvni nakup","SC-NXZF-ECFW","2019-05-01","2019-12-31",""
welcome,"sconto_cz","Sleva 30% na prvni nakup","SC-NWZF-PF5G","2019-05-01","2019-12-31",""
welcome,"sconto_cz","Sleva 30% na prvni nakup","SC-NEZF-HH5P","2019-05-01","2019-12-31",""
welcome,"sconto_cz","Sleva 30% na prvni nakup","SC-N9ZF-G5PH","2019-05-01","2019-12-31",""
welcome,"sconto_cz","Sleva 30% na prvni nakup","SC-NLZF-WWKX","2019-05-01","2019-12-31",""
welcome,"sconto_cz","Sleva 30% na prvni nakup","SC-NPZF-HDHH","2019-05-01","2019-12-31",""
welcome,"sconto_cz","Sleva 30% na prvni nakup","SC-NZZF-8E99","2019-05-01","2019-12-31",""
welcome,"sconto_cz","Sleva 30% na prvni nakup","SC-NHZF-EHGF","2019-05-01","2019-12-31",""
welcome,"sconto_cz","Sleva 30% na prvni nakup","SC-C8ZF-PEPC","2019-05-01","2019-12-31",""
welcome,"sconto_cz","Sleva 30% na prvni nakup","SC-CGZF-5PPP","2019-05-01","2019-12-31",""
welcome,"sconto_cz","Sleva 30% na prvni nakup","SC-CFZF-XKLF","2019-05-01","2019-12-31",""
welcome,"sconto_cz","Sleva 30% na prvni nakup","SC-CKZF-HP9E","2019-05-01","2019-12-31",""
welcome,"sconto_cz","Sleva 30% na prvni nakup","SC-CNZF-XLE8","2019-05-01","2019-12-31",""
welcome,"sconto_cz","Sleva 30% na prvni nakup","SC-CCZF-WWLD","2019-05-01","2019-12-31",""
welcome,"sconto_cz","Sleva 30% na prvni nakup","SC-C5ZF-G9LP","2019-05-01","2019-12-31",""
welcome,"sconto_cz","Sleva 30% na prvni nakup","SC-CDZF-C5DZ","2019-05-01","2019-12-31",""
welcome,"sconto_cz","Sleva 30% na prvni nakup","SC-CXZF-EZEK","2019-05-01","2019-12-31",""
welcome,"sconto_cz","Sleva 30% na prvni nakup","SC-CWZF-XFK8","2019-05-01","2019-12-31",""
welcome,"sconto_cz","Sleva 30% na prvni nakup","SC-CEZF-E5K5","2019-05-01","2019-12-31",""
welcome,"sconto_cz","Sleva 30% na prvni nakup","SC-C9ZF-DW98","2019-05-01","2019-12-31",""
welcome,"sconto_cz","Sleva 30% na prvni nakup","SC-CLZF-9EW8","2019-05-01","2019-12-31",""
welcome,"sconto_cz","Sleva 30% na prvni nakup","SC-CPZF-LP9F","2019-05-01","2019-12-31",""
welcome,"sconto_cz","Sleva 30% na prvni nakup","SC-CZZF-85NF","2019-05-01","2019-12-31",""
welcome,"sconto_cz","Sleva 30% na prvni nakup","SC-CHZF-GZHK","2019-05-01","2019-12-31",""
welcome,"sconto_cz","Sleva 30% na prvni nakup","SC-58ZF-5DNK","2019-05-01","2019-12-31",""
welcome,"sconto_cz","Sleva 30% na prvni nakup","SC-5GZF-FKDH","2019-05-01","2019-12-31",""
welcome,"sconto_cz","Sleva 30% na prvni nakup","SC-5FZF-N88X","2019-05-01","2019-12-31",""
welcome,"sconto_cz","Sleva 30% na prvni nakup","SC-5KZF-HL8G","2019-05-01","2019-12-31",""
welcome,"sconto_cz","Sleva 30% na prvni nakup","SC-5NZF-XGFF","2019-05-01","2019-12-31",""
welcome,"sconto_cz","Sleva 30% na prvni nakup","SC-5CZF-XDPN","2019-05-01","2019-12-31",""
welcome,"sconto_cz","Sleva 30% na prvni nakup","SC-55ZF-ZKFD","2019-05-01","2019-12-31",""
welcome,"sconto_cz","Sleva 30% na prvni nakup","SC-5DZF-F5ZZ","2019-05-01","2019-12-31",""
welcome,"sconto_cz","Sleva 30% na prvni nakup","SC-5XZF-XPNX","2019-05-01","2019-12-31",""
welcome,"sconto_cz","Sleva 30% na prvni nakup","SC-5WZF-ZHWZ","2019-05-01","2019-12-31",""
welcome,"sconto_cz","Sleva 30% na prvni nakup","SC-5EZF-DEK9","2019-05-01","2019-12-31",""
welcome,"sconto_cz","Sleva 30% na prvni nakup","SC-59ZF-CGEK","2019-05-01","2019-12-31",""
welcome,"sconto_cz","Sleva 30% na prvni nakup","SC-5LZF-FFFW","2019-05-01","2019-12-31",""
welcome,"sconto_cz","Sleva 30% na prvni nakup","SC-5PZF-DZWF","2019-05-01","2019-12-31",""
welcome,"sconto_cz","Sleva 30% na prvni nakup","SC-5ZZF-8ZKG","2019-05-01","2019-12-31",""
welcome,"sconto_cz","Sleva 30% na prvni nakup","SC-5HZF-D9NN","2019-05-01","2019-12-31",""
welcome,"sconto_cz","Sleva 30% na prvni nakup","SC-D8ZF-XZWH","2019-05-01","2019-12-31",""
welcome,"sconto_cz","Sleva 30% na prvni nakup","SC-DGZF-NN5F","2019-05-01","2019-12-31",""
welcome,"sconto_cz","Sleva 30% na prvni nakup","SC-DFZF-9ZLZ","2019-05-01","2019-12-31",""
welcome,"sconto_cz","Sleva 30% na prvni nakup","SC-DKZF-G9F9","2019-05-01","2019-12-31",""
welcome,"sconto_cz","Sleva 30% na prvni nakup","SC-DNZF-5FWK","2019-05-01","2019-12-31",""
welcome,"sconto_cz","Sleva 30% na prvni nakup","SC-DCZF-EXPC","2019-05-01","2019-12-31",""
welcome,"sconto_cz","Sleva 30% na prvni nakup","SC-D5ZF-9EPH","2019-05-01","2019-12-31",""
welcome,"sconto_cz","Sleva 30% na prvni nakup","SC-DDZF-GLDW","2019-05-01","2019-12-31",""
welcome,"sconto_cz","Sleva 30% na prvni nakup","SC-DXZF-XWHF","2019-05-01","2019-12-31",""
welcome,"sconto_cz","Sleva 30% na prvni nakup","SC-DWZF-8W5H","2019-05-01","2019-12-31",""
welcome,"sconto_cz","Sleva 30% na prvni nakup","SC-DEZF-KP5L","2019-05-01","2019-12-31",""
welcome,"sconto_cz","Sleva 30% na prvni nakup","SC-D9ZF-XZFE","2019-05-01","2019-12-31",""
welcome,"sconto_cz","Sleva 30% na prvni nakup","SC-DLZF-WD95","2019-05-01","2019-12-31",""
welcome,"sconto_cz","Sleva 30% na prvni nakup","SC-DPZF-WC8G","2019-05-01","2019-12-31",""
welcome,"sconto_cz","Sleva 30% na prvni nakup","SC-DZZF-NZCD","2019-05-01","2019-12-31",""
welcome,"sconto_cz","Sleva 30% na prvni nakup","SC-DHZF-GED8","2019-05-01","2019-12-31",""
welcome,"sconto_cz","Sleva 30% na prvni nakup","SC-X8ZF-KDWW","2019-05-01","2019-12-31",""
welcome,"sconto_cz","Sleva 30% na prvni nakup","SC-XGZF-PXKN","2019-05-01","2019-12-31",""
welcome,"sconto_cz","Sleva 30% na prvni nakup","SC-XFZF-FXCL","2019-05-01","2019-12-31",""
welcome,"sconto_cz","Sleva 30% na prvni nakup","SC-XKZF-9GPH","2019-05-01","2019-12-31",""
welcome,"sconto_cz","Sleva 30% na prvni nakup","SC-XNZF-ZKPN","2019-05-01","2019-12-31",""
welcome,"sconto_cz","Sleva 30% na prvni nakup","SC-XCZF-NCXD","2019-05-01","2019-12-31",""
welcome,"sconto_cz","Sleva 30% na prvni nakup","SC-X5ZF-EGEG","2019-05-01","2019-12-31",""
welcome,"sconto_cz","Sleva 30% na prvni nakup","SC-XDZF-NHZN","2019-05-01","2019-12-31",""
welcome,"sconto_cz","Sleva 30% na prvni nakup","SC-XXZF-KKKE","2019-05-01","2019-12-31",""
welcome,"sconto_cz","Sleva 30% na prvni nakup","SC-XWZF-HHP9","2019-05-01","2019-12-31",""
welcome,"sconto_cz","Sleva 30% na prvni nakup","SC-XEZF-WZFD","2019-05-01","2019-12-31",""
welcome,"sconto_cz","Sleva 30% na prvni nakup","SC-X9ZF-9LWK","2019-05-01","2019-12-31",""
welcome,"sconto_cz","Sleva 30% na prvni nakup","SC-XLZF-HPGG","2019-05-01","2019-12-31",""
welcome,"sconto_cz","Sleva 30% na prvni nakup","SC-XPZF-XDLN","2019-05-01","2019-12-31",""
welcome,"sconto_cz","Sleva 30% na prvni nakup","SC-XZZF-ZLGW","2019-05-01","2019-12-31",""
welcome,"sconto_cz","Sleva 30% na prvni nakup","SC-XHZF-HE8L","2019-05-01","2019-12-31",""
welcome,"sconto_cz","Sleva 30% na prvni nakup","SC-W8ZF-8ZDN","2019-05-01","2019-12-31",""
welcome,"sconto_cz","Sleva 30% na prvni nakup","SC-WGZF-KNG5","2019-05-01","2019-12-31",""
welcome,"sconto_cz","Sleva 30% na prvni nakup","SC-WFZF-GPD5","2019-05-01","2019-12-31",""
welcome,"sconto_cz","Sleva 30% na prvni nakup","SC-WKZF-L8CE","2019-05-01","2019-12-31",""
welcome,"sconto_cz","Sleva 30% na prvni nakup","SC-WNZF-N5CD","2019-05-01","2019-12-31",""
welcome,"sconto_cz","Sleva 30% na prvni nakup","SC-WCZF-GL5C","2019-05-01","2019-12-31",""
welcome,"sconto_cz","Sleva 30% na prvni nakup","SC-W5ZF-N98H","2019-05-01","2019-12-31",""
welcome,"sconto_cz","Sleva 30% na prvni nakup","SC-WDZF-5NW9","2019-05-01","2019-12-31",""
welcome,"sconto_cz","Sleva 30% na prvni nakup","SC-WXZF-N9CZ","2019-05-01","2019-12-31",""
welcome,"sconto_cz","Sleva 30% na prvni nakup","SC-WWZF-ENKE","2019-05-01","2019-12-31",""
welcome,"sconto_cz","Sleva 30% na prvni nakup","SC-WEZF-KZ5C","2019-05-01","2019-12-31",""
welcome,"sconto_cz","Sleva 30% na prvni nakup","SC-W9ZF-9C9F","2019-05-01","2019-12-31",""
welcome,"sconto_cz","Sleva 30% na prvni nakup","SC-WLZF-L8CF","2019-05-01","2019-12-31",""
welcome,"sconto_cz","Sleva 30% na prvni nakup","SC-WPZF-K8DK","2019-05-01","2019-12-31",""
welcome,"sconto_cz","Sleva 30% na prvni nakup","SC-WZZF-PZEE","2019-05-01","2019-12-31",""
welcome,"sconto_cz","Sleva 30% na prvni nakup","SC-WHZF-EHK5","2019-05-01","2019-12-31",""
welcome,"sconto_cz","Sleva 30% na prvni nakup","SC-E8ZF-LFDL","2019-05-01","2019-12-31",""
welcome,"sconto_cz","Sleva 30% na prvni nakup","SC-EGZF-Z58Z","2019-05-01","2019-12-31",""
welcome,"sconto_cz","Sleva 30% na prvni nakup","SC-EFZF-LPDZ","2019-05-01","2019-12-31",""
welcome,"sconto_cz","Sleva 30% na prvni nakup","SC-EKZF-GKZZ","2019-05-01","2019-12-31",""
welcome,"sconto_cz","Sleva 30% na prvni nakup","SC-ENZF-LELD","2019-05-01","2019-12-31",""
welcome,"sconto_cz","Sleva 30% na prvni nakup","SC-ECZF-KFGW","2019-05-01","2019-12-31",""
welcome,"sconto_cz","Sleva 30% na prvni nakup","SC-E5ZF-DG5D","2019-05-01","2019-12-31",""
welcome,"sconto_cz","Sleva 30% na prvni nakup","SC-EDZF-WLLX","2019-05-01","2019-12-31",""
welcome,"sconto_cz","Sleva 30% na prvni nakup","SC-EXZF-WZZX","2019-05-01","2019-12-31",""
welcome,"sconto_cz","Sleva 30% na prvni nakup","SC-EWZF-ZWDN","2019-05-01","2019-12-31",""
welcome,"sconto_cz","Sleva 30% na prvni nakup","SC-EEZF-KDPP","2019-05-01","2019-12-31",""
welcome,"sconto_cz","Sleva 30% na prvni nakup","SC-E9ZF-FFLP","2019-05-01","2019-12-31",""
welcome,"sconto_cz","Sleva 30% na prvni nakup","SC-ELZF-Z9DF","2019-05-01","2019-12-31",""
welcome,"sconto_cz","Sleva 30% na prvni nakup","SC-EPZF-DK99","2019-05-01","2019-12-31",""
welcome,"sconto_cz","Sleva 30% na prvni nakup","SC-EZZF-DHLE","2019-05-01","2019-12-31",""
welcome,"sconto_cz","Sleva 30% na prvni nakup","SC-EHZF-Z99Z","2019-05-01","2019-12-31",""
welcome,"sconto_cz","Sleva 30% na prvni nakup","SC-98ZF-GCWN","2019-05-01","2019-12-31",""
welcome,"sconto_cz","Sleva 30% na prvni nakup","SC-9GZF-LP9L","2019-05-01","2019-12-31",""
welcome,"sconto_cz","Sleva 30% na prvni nakup","SC-9FZF-WEP5","2019-05-01","2019-12-31",""
welcome,"sconto_cz","Sleva 30% na prvni nakup","SC-9KZF-GN5G","2019-05-01","2019-12-31",""
welcome,"sconto_cz","Sleva 30% na prvni nakup","SC-9NZF-DWFF","2019-05-01","2019-12-31",""
welcome,"sconto_cz","Sleva 30% na prvni nakup","SC-9CZF-5N9N","2019-05-01","2019-12-31",""
welcome,"sconto_cz","Sleva 30% na prvni nakup","SC-95ZF-NKFW","2019-05-01","2019-12-31",""
welcome,"sconto_cz","Sleva 30% na prvni nakup","SC-9DZF-88DN","2019-05-01","2019-12-31",""
welcome,"sconto_cz","Sleva 30% na prvni nakup","SC-9XZF-58ZG","2019-05-01","2019-12-31",""
welcome,"sconto_cz","Sleva 30% na prvni nakup","SC-9WZF-P5P5","2019-05-01","2019-12-31",""
welcome,"sconto_cz","Sleva 30% na prvni nakup","SC-9EZF-HKEG","2019-05-01","2019-12-31",""
welcome,"sconto_cz","Sleva 30% na prvni nakup","SC-99ZF-XHDD","2019-05-01","2019-12-31",""
welcome,"sconto_cz","Sleva 30% na prvni nakup","SC-9LZF-CLZX","2019-05-01","2019-12-31",""
welcome,"sconto_cz","Sleva 30% na prvni nakup","SC-9PZF-PGZ9","2019-05-01","2019-12-31",""
welcome,"sconto_cz","Sleva 30% na prvni nakup","SC-9ZZF-LKZE","2019-05-01","2019-12-31",""
welcome,"sconto_cz","Sleva 30% na prvni nakup","SC-9HZF-9LGN","2019-05-01","2019-12-31",""
welcome,"sconto_cz","Sleva 30% na prvni nakup","SC-L8ZK-L55D","2019-05-01","2019-12-31",""
welcome,"sconto_cz","Sleva 30% na prvni nakup","SC-LGZK-HLND","2019-05-01","2019-12-31",""
welcome,"sconto_cz","Sleva 30% na prvni nakup","SC-LFZK-WDEZ","2019-05-01","2019-12-31",""
welcome,"sconto_cz","Sleva 30% na prvni nakup","SC-LKZK-WGKZ","2019-05-01","2019-12-31",""
welcome,"sconto_cz","Sleva 30% na prvni nakup","SC-LNZK-H9X9","2019-05-01","2019-12-31",""
welcome,"sconto_cz","Sleva 30% na prvni nakup","SC-LCZK-9999","2019-05-01","2019-12-31",""
welcome,"sconto_cz","Sleva 30% na prvni nakup","SC-L5ZK-N5G5","2019-05-01","2019-12-31",""
welcome,"sconto_cz","Sleva 30% na prvni nakup","SC-LDZK-C9NN","2019-05-01","2019-12-31",""
welcome,"sconto_cz","Sleva 30% na prvni nakup","SC-LXZK-ENGC","2019-05-01","2019-12-31",""
welcome,"sconto_cz","Sleva 30% na prvni nakup","SC-LWZK-KGDD","2019-05-01","2019-12-31",""
welcome,"sconto_cz","Sleva 30% na prvni nakup","SC-LEZK-HCNN","2019-05-01","2019-12-31",""
welcome,"sconto_cz","Sleva 30% na prvni nakup","SC-L9ZK-8E8X","2019-05-01","2019-12-31",""
welcome,"sconto_cz","Sleva 30% na prvni nakup","SC-LLZK-K8CD","2019-05-01","2019-12-31",""
welcome,"sconto_cz","Sleva 30% na prvni nakup","SC-LPZK-Z5LH","2019-05-01","2019-12-31",""
welcome,"sconto_cz","Sleva 30% na prvni nakup","SC-LZZK-HKLF","2019-05-01","2019-12-31",""
welcome,"sconto_cz","Sleva 30% na prvni nakup","SC-LHZK-DKDC","2019-05-01","2019-12-31",""
welcome,"sconto_cz","Sleva 30% na prvni nakup","SC-P8ZK-GW5L","2019-05-01","2019-12-31",""
welcome,"sconto_cz","Sleva 30% na prvni nakup","SC-PGZK-FXDN","2019-05-01","2019-12-31",""
welcome,"sconto_cz","Sleva 30% na prvni nakup","SC-PFZK-DNKZ","2019-05-01","2019-12-31",""
welcome,"sconto_cz","Sleva 30% na prvni nakup","SC-PKZK-FE5P","2019-05-01","2019-12-31",""
welcome,"sconto_cz","Sleva 30% na prvni nakup","SC-PNZK-GZNX","2019-05-01","2019-12-31",""
welcome,"sconto_cz","Sleva 30% na prvni nakup","SC-PCZK-9PFN","2019-05-01","2019-12-31",""
welcome,"sconto_cz","Sleva 30% na prvni nakup","SC-P5ZK-WW9E","2019-05-01","2019-12-31",""
welcome,"sconto_cz","Sleva 30% na prvni nakup","SC-PDZK-H9KG","2019-05-01","2019-12-31",""
welcome,"sconto_cz","Sleva 30% na prvni nakup","SC-PXZK-F8N9","2019-05-01","2019-12-31",""
welcome,"sconto_cz","Sleva 30% na prvni nakup","SC-PWZK-PC8Z","2019-05-01","2019-12-31",""
welcome,"sconto_cz","Sleva 30% na prvni nakup","SC-PEZK-WD8W","2019-05-01","2019-12-31",""
welcome,"sconto_cz","Sleva 30% na prvni nakup","SC-P9ZK-HKLX","2019-05-01","2019-12-31",""
welcome,"sconto_cz","Sleva 30% na prvni nakup","SC-PLZK-XNKW","2019-05-01","2019-12-31",""
welcome,"sconto_cz","Sleva 30% na prvni nakup","SC-PPZK-NF55","2019-05-01","2019-12-31",""
welcome,"sconto_cz","Sleva 30% na prvni nakup","SC-PZZK-P98H","2019-05-01","2019-12-31",""
welcome,"sconto_cz","Sleva 30% na prvni nakup","SC-PHZK-KDDE","2019-05-01","2019-12-31",""
welcome,"sconto_cz","Sleva 30% na prvni nakup","SC-Z8ZK-88ZF","2019-05-01","2019-12-31",""
welcome,"sconto_cz","Sleva 30% na prvni nakup","SC-ZGZK-ZHK8","2019-05-01","2019-12-31",""
welcome,"sconto_cz","Sleva 30% na prvni nakup","SC-ZFZK-GGFF","2019-05-01","2019-12-31",""
welcome,"sconto_cz","Sleva 30% na prvni nakup","SC-ZKZK-9EHG","2019-05-01","2019-12-31",""
welcome,"sconto_cz","Sleva 30% na prvni nakup","SC-ZNZK-X9G9","2019-05-01","2019-12-31",""
welcome,"sconto_cz","Sleva 30% na prvni nakup","SC-ZCZK-HHF9","2019-05-01","2019-12-31",""
welcome,"sconto_cz","Sleva 30% na prvni nakup","SC-Z5ZK-H5ND","2019-05-01","2019-12-31",""
welcome,"sconto_cz","Sleva 30% na prvni nakup","SC-ZDZK-GCGN","2019-05-01","2019-12-31",""
welcome,"sconto_cz","Sleva 30% na prvni nakup","SC-ZXZK-8HXG","2019-05-01","2019-12-31",""
welcome,"sconto_cz","Sleva 30% na prvni nakup","SC-ZWZK-K88G","2019-05-01","2019-12-31",""
welcome,"sconto_cz","Sleva 30% na prvni nakup","SC-ZEZK-L9CW","2019-05-01","2019-12-31",""
welcome,"sconto_cz","Sleva 30% na prvni nakup","SC-Z9ZK-X85W","2019-05-01","2019-12-31",""
welcome,"sconto_cz","Sleva 30% na prvni nakup","SC-ZLZK-HCP9","2019-05-01","2019-12-31",""
welcome,"sconto_cz","Sleva 30% na prvni nakup","SC-ZPZK-8FEK","2019-05-01","2019-12-31",""
welcome,"sconto_cz","Sleva 30% na prvni nakup","SC-ZZZK-N8CC","2019-05-01","2019-12-31",""
welcome,"sconto_cz","Sleva 30% na prvni nakup","SC-ZHZK-NHD9","2019-05-01","2019-12-31",""
welcome,"sconto_cz","Sleva 30% na prvni nakup","SC-H8ZK-9WWE","2019-05-01","2019-12-31",""
welcome,"sconto_cz","Sleva 30% na prvni nakup","SC-HGZK-LD5F","2019-05-01","2019-12-31",""
welcome,"sconto_cz","Sleva 30% na prvni nakup","SC-HFZK-DKFW","2019-05-01","2019-12-31",""
welcome,"sconto_cz","Sleva 30% na prvni nakup","SC-HKZK-EH5F","2019-05-01","2019-12-31",""
welcome,"sconto_cz","Sleva 30% na prvni nakup","SC-HNZK-XFZG","2019-05-01","2019-12-31",""
welcome,"sconto_cz","Sleva 30% na prvni nakup","SC-HCZK-DXPE","2019-05-01","2019-12-31",""
welcome,"sconto_cz","Sleva 30% na prvni nakup","SC-H5ZK-8XEL","2019-05-01","2019-12-31",""
welcome,"sconto_cz","Sleva 30% na prvni nakup","SC-HDZK-C9Z9","2019-05-01","2019-12-31",""
welcome,"sconto_cz","Sleva 30% na prvni nakup","SC-HXZK-GPE9","2019-05-01","2019-12-31",""
welcome,"sconto_cz","Sleva 30% na prvni nakup","SC-HWZK-9KG5","2019-05-01","2019-12-31",""
welcome,"sconto_cz","Sleva 30% na prvni nakup","SC-HEZK-E8HK","2019-05-01","2019-12-31",""
welcome,"sconto_cz","Sleva 30% na prvni nakup","SC-H9ZK-CWEW","2019-05-01","2019-12-31",""
welcome,"sconto_cz","Sleva 30% na prvni nakup","SC-HLZK-EKHK","2019-05-01","2019-12-31",""
welcome,"sconto_cz","Sleva 30% na prvni nakup","SC-HPZK-XPWW","2019-05-01","2019-12-31",""
welcome,"sconto_cz","Sleva 30% na prvni nakup","SC-HZZK-NLCH","2019-05-01","2019-12-31",""
welcome,"sconto_cz","Sleva 30% na prvni nakup","SC-HHZK-Z5LK","2019-05-01","2019-12-31",""
welcome,"sconto_cz","Sleva 30% na prvni nakup","SC-88ZK-8KCN","2019-05-01","2019-12-31",""
welcome,"sconto_cz","Sleva 30% na prvni nakup","SC-8GZK-XXDZ","2019-05-01","2019-12-31",""
welcome,"sconto_cz","Sleva 30% na prvni nakup","SC-8FZK-NZFX","2019-05-01","2019-12-31",""
welcome,"sconto_cz","Sleva 30% na prvni nakup","SC-8KZK-FKWX","2019-05-01","2019-12-31",""
welcome,"sconto_cz","Sleva 30% na prvni nakup","SC-8NZK-9CW9","2019-05-01","2019-12-31",""
welcome,"sconto_cz","Sleva 30% na prvni nakup","SC-8CZK-98PH","2019-05-01","2019-12-31",""
welcome,"sconto_cz","Sleva 30% na prvni nakup","SC-85ZK-LCZD","2019-05-01","2019-12-31",""
welcome,"sconto_cz","Sleva 30% na prvni nakup","SC-8DZK-PXXW","2019-05-01","2019-12-31",""
welcome,"sconto_cz","Sleva 30% na prvni nakup","SC-8XZK-55GE","2019-05-01","2019-12-31",""
welcome,"sconto_cz","Sleva 30% na prvni nakup","SC-8WZK-WGH5","2019-05-01","2019-12-31",""
welcome,"sconto_cz","Sleva 30% na prvni nakup","SC-8EZK-GNWP","2019-05-01","2019-12-31",""
welcome,"sconto_cz","Sleva 30% na prvni nakup","SC-89ZK-WHLK","2019-05-01","2019-12-31",""
welcome,"sconto_cz","Sleva 30% na prvni nakup","SC-8LZK-PL9Z","2019-05-01","2019-12-31",""
welcome,"sconto_cz","Sleva 30% na prvni nakup","SC-8PZK-LNGW","2019-05-01","2019-12-31",""
welcome,"sconto_cz","Sleva 30% na prvni nakup","SC-8ZZK-XN9C","2019-05-01","2019-12-31",""
welcome,"sconto_cz","Sleva 30% na prvni nakup","SC-8HZK-XZFD","2019-05-01","2019-12-31",""
welcome,"sconto_cz","Sleva 30% na prvni nakup","SC-G8ZK-HFFL","2019-05-01","2019-12-31",""
welcome,"sconto_cz","Sleva 30% na prvni nakup","SC-GGZK-XEZ9","2019-05-01","2019-12-31",""
welcome,"sconto_cz","Sleva 30% na prvni nakup","SC-GFZK-D5KW","2019-05-01","2019-12-31",""
welcome,"sconto_cz","Sleva 30% na prvni nakup","SC-GKZK-DZPF","2019-05-01","2019-12-31",""
welcome,"sconto_cz","Sleva 30% na prvni nakup","SC-GNZK-9FFL","2019-05-01","2019-12-31",""
welcome,"sconto_cz","Sleva 30% na prvni nakup","SC-GCZK-FXP5","2019-05-01","2019-12-31",""
welcome,"sconto_cz","Sleva 30% na prvni nakup","SC-G5ZK-ZL98","2019-05-01","2019-12-31",""
welcome,"sconto_cz","Sleva 30% na prvni nakup","SC-GDZK-WNDD","2019-05-01","2019-12-31",""
welcome,"sconto_cz","Sleva 30% na prvni nakup","SC-GXZK-DX9Z","2019-05-01","2019-12-31",""
welcome,"sconto_cz","Sleva 30% na prvni nakup","SC-GWZK-8HPL","2019-05-01","2019-12-31",""
welcome,"sconto_cz","Sleva 30% na prvni nakup","SC-GEZK-8LH8","2019-05-01","2019-12-31",""
welcome,"sconto_cz","Sleva 30% na prvni nakup","SC-G9ZK-9E5X","2019-05-01","2019-12-31",""
welcome,"sconto_cz","Sleva 30% na prvni nakup","SC-GLZK-PWXN","2019-05-01","2019-12-31",""
welcome,"sconto_cz","Sleva 30% na prvni nakup","SC-GPZK-EHNC","2019-05-01","2019-12-31",""
welcome,"sconto_cz","Sleva 30% na prvni nakup","SC-GZZK-P8HN","2019-05-01","2019-12-31",""
welcome,"sconto_cz","Sleva 30% na prvni nakup","SC-GHZK-LLKF","2019-05-01","2019-12-31",""
welcome,"sconto_cz","Sleva 30% na prvni nakup","SC-F8ZK-FLE9","2019-05-01","2019-12-31",""
welcome,"sconto_cz","Sleva 30% na prvni nakup","SC-FGZK-GCZW","2019-05-01","2019-12-31",""
welcome,"sconto_cz","Sleva 30% na prvni nakup","SC-FFZK-9LKG","2019-05-01","2019-12-31",""
welcome,"sconto_cz","Sleva 30% na prvni nakup","SC-FKZK-PKXH","2019-05-01","2019-12-31",""
welcome,"sconto_cz","Sleva 30% na prvni nakup","SC-FNZK-Z9HW","2019-05-01","2019-12-31",""
welcome,"sconto_cz","Sleva 30% na prvni nakup","SC-FCZK-HZGP","2019-05-01","2019-12-31",""
welcome,"sconto_cz","Sleva 30% na prvni nakup","SC-F5ZK-DWZW","2019-05-01","2019-12-31",""
welcome,"sconto_cz","Sleva 30% na prvni nakup","SC-FDZK-HCPF","2019-05-01","2019-12-31",""
welcome,"sconto_cz","Sleva 30% na prvni nakup","SC-FXZK-X58E","2019-05-01","2019-12-31",""
welcome,"sconto_cz","Sleva 30% na prvni nakup","SC-FWZK-GFDG","2019-05-01","2019-12-31",""
welcome,"sconto_cz","Sleva 30% na prvni nakup","SC-FEZK-XDP8","2019-05-01","2019-12-31",""
welcome,"sconto_cz","Sleva 30% na prvni nakup","SC-F9ZK-GCDK","2019-05-01","2019-12-31",""
welcome,"sconto_cz","Sleva 30% na prvni nakup","SC-FLZK-WGZZ","2019-05-01","2019-12-31",""
welcome,"sconto_cz","Sleva 30% na prvni nakup","SC-FPZK-88KE","2019-05-01","2019-12-31",""
welcome,"sconto_cz","Sleva 30% na prvni nakup","SC-FZZK-5LDZ","2019-05-01","2019-12-31",""
welcome,"sconto_cz","Sleva 30% na prvni nakup","SC-FHZK-GGWW","2019-05-01","2019-12-31",""
welcome,"sconto_cz","Sleva 30% na prvni nakup","SC-K8ZK-GD9P","2019-05-01","2019-12-31",""
welcome,"sconto_cz","Sleva 30% na prvni nakup","SC-KGZK-PWKE","2019-05-01","2019-12-31",""
welcome,"sconto_cz","Sleva 30% na prvni nakup","SC-KFZK-KDEZ","2019-05-01","2019-12-31",""
welcome,"sconto_cz","Sleva 30% na prvni nakup","SC-KKZK-LWK8","2019-05-01","2019-12-31",""
welcome,"sconto_cz","Sleva 30% na prvni nakup","SC-KNZK-DE9X","2019-05-01","2019-12-31",""
welcome,"sconto_cz","Sleva 30% na prvni nakup","SC-KCZK-GCEH","2019-05-01","2019-12-31",""
welcome,"sconto_cz","Sleva 30% na prvni nakup","SC-K5ZK-5PDL","2019-05-01","2019-12-31",""
welcome,"sconto_cz","Sleva 30% na prvni nakup","SC-KDZK-LEC8","2019-05-01","2019-12-31",""
welcome,"sconto_cz","Sleva 30% na prvni nakup","SC-KXZK-HEHW","2019-05-01","2019-12-31",""
welcome,"sconto_cz","Sleva 30% na prvni nakup","SC-KWZK-GWNH","2019-05-01","2019-12-31",""
welcome,"sconto_cz","Sleva 30% na prvni nakup","SC-KEZK-EWCP","2019-05-01","2019-12-31",""
welcome,"sconto_cz","Sleva 30% na prvni nakup","SC-K9ZK-ZZZK","2019-05-01","2019-12-31",""
welcome,"sconto_cz","Sleva 30% na prvni nakup","SC-KLZK-9C89","2019-05-01","2019-12-31",""
welcome,"sconto_cz","Sleva 30% na prvni nakup","SC-KPZK-5PXP","2019-05-01","2019-12-31",""
welcome,"sconto_cz","Sleva 30% na prvni nakup","SC-KZZK-NPWN","2019-05-01","2019-12-31",""
welcome,"sconto_cz","Sleva 30% na prvni nakup","SC-KHZK-9PG9","2019-05-01","2019-12-31",""
welcome,"sconto_cz","Sleva 30% na prvni nakup","SC-N8ZK-8PZF","2019-05-01","2019-12-31",""
welcome,"sconto_cz","Sleva 30% na prvni nakup","SC-NGZK-DWZD","2019-05-01","2019-12-31",""
welcome,"sconto_cz","Sleva 30% na prvni nakup","SC-NFZK-8DCL","2019-05-01","2019-12-31",""
welcome,"sconto_cz","Sleva 30% na prvni nakup","SC-NKZK-DL9W","2019-05-01","2019-12-31",""
welcome,"sconto_cz","Sleva 30% na prvni nakup","SC-NNZK-XLKC","2019-05-01","2019-12-31",""
welcome,"sconto_cz","Sleva 30% na prvni nakup","SC-NCZK-FWND","2019-05-01","2019-12-31",""
welcome,"sconto_cz","Sleva 30% na prvni nakup","SC-N5ZK-HFFW","2019-05-01","2019-12-31",""
welcome,"sconto_cz","Sleva 30% na prvni nakup","SC-NDZK-C5WK","2019-05-01","2019-12-31",""
welcome,"sconto_cz","Sleva 30% na prvni nakup","SC-NXZK-PDC8","2019-05-01","2019-12-31",""
welcome,"sconto_cz","Sleva 30% na prvni nakup","SC-NWZK-NKZN","2019-05-01","2019-12-31",""
welcome,"sconto_cz","Sleva 30% na prvni nakup","SC-NEZK-F9DL","2019-05-01","2019-12-31",""
welcome,"sconto_cz","Sleva 30% na prvni nakup","SC-N9ZK-ZHWN","2019-05-01","2019-12-31",""
welcome,"sconto_cz","Sleva 30% na prvni nakup","SC-NLZK-C9ZW","2019-05-01","2019-12-31",""
welcome,"sconto_cz","Sleva 30% na prvni nakup","SC-NPZK-8KZW","2019-05-01","2019-12-31",""
welcome,"sconto_cz","Sleva 30% na prvni nakup","SC-NZZK-8Z99","2019-05-01","2019-12-31",""
welcome,"sconto_cz","Sleva 30% na prvni nakup","SC-NHZK-HCFG","2019-05-01","2019-12-31",""
welcome,"sconto_cz","Sleva 30% na prvni nakup","SC-C8ZK-HHFF","2019-05-01","2019-12-31",""
welcome,"sconto_cz","Sleva 30% na prvni nakup","SC-CGZK-FZLF","2019-05-01","2019-12-31",""
welcome,"sconto_cz","Sleva 30% na prvni nakup","SC-CFZK-HXG8","2019-05-01","2019-12-31",""
welcome,"sconto_cz","Sleva 30% na prvni nakup","SC-CKZK-L58E","2019-05-01","2019-12-31",""
welcome,"sconto_cz","Sleva 30% na prvni nakup","SC-CNZK-FZWL","2019-05-01","2019-12-31",""
welcome,"sconto_cz","Sleva 30% na prvni nakup","SC-CCZK-NEGX","2019-05-01","2019-12-31",""
welcome,"sconto_cz","Sleva 30% na prvni nakup","SC-C5ZK-PNPC","2019-05-01","2019-12-31",""
welcome,"sconto_cz","Sleva 30% na prvni nakup","SC-CDZK-ZHKF","2019-05-01","2019-12-31",""
welcome,"sconto_cz","Sleva 30% na prvni nakup","SC-CXZK-ZH8N","2019-05-01","2019-12-31",""
welcome,"sconto_cz","Sleva 30% na prvni nakup","SC-CWZK-HH8P","2019-05-01","2019-12-31",""
welcome,"sconto_cz","Sleva 30% na prvni nakup","SC-CEZK-DCEC","2019-05-01","2019-12-31",""
welcome,"sconto_cz","Sleva 30% na prvni nakup","SC-C9ZK-WWDD","2019-05-01","2019-12-31",""
welcome,"sconto_cz","Sleva 30% na prvni nakup","SC-CLZK-CDEC","2019-05-01","2019-12-31",""
welcome,"sconto_cz","Sleva 30% na prvni nakup","SC-CPZK-HHLF","2019-05-01","2019-12-31",""
welcome,"sconto_cz","Sleva 30% na prvni nakup","SC-CZZK-EWEN","2019-05-01","2019-12-31",""
welcome,"sconto_cz","Sleva 30% na prvni nakup","SC-CHZK-GNEN","2019-05-01","2019-12-31",""
welcome,"sconto_cz","Sleva 30% na prvni nakup","SC-58ZK-EP5E","2019-05-01","2019-12-31",""
welcome,"sconto_cz","Sleva 30% na prvni nakup","SC-5GZK-LGXC","2019-05-01","2019-12-31",""
welcome,"sconto_cz","Sleva 30% na prvni nakup","SC-5FZK-FNGP","2019-05-01","2019-12-31",""
welcome,"sconto_cz","Sleva 30% na prvni nakup","SC-5KZK-KPPE","2019-05-01","2019-12-31",""
welcome,"sconto_cz","Sleva 30% na prvni nakup","SC-5NZK-CLK9","2019-05-01","2019-12-31",""
welcome,"sconto_cz","Sleva 30% na prvni nakup","SC-5CZK-FC5N","2019-05-01","2019-12-31",""
welcome,"sconto_cz","Sleva 30% na prvni nakup","SC-55ZK-DCH5","2019-05-01","2019-12-31",""
welcome,"sconto_cz","Sleva 30% na prvni nakup","SC-5DZK-85GX","2019-05-01","2019-12-31",""
welcome,"sconto_cz","Sleva 30% na prvni nakup","SC-5XZK-K5FW","2019-05-01","2019-12-31",""
welcome,"sconto_cz","Sleva 30% na prvni nakup","SC-5WZK-FPFX","2019-05-01","2019-12-31",""
welcome,"sconto_cz","Sleva 30% na prvni nakup","SC-5EZK-LGLK","2019-05-01","2019-12-31",""
welcome,"sconto_cz","Sleva 30% na prvni nakup","SC-59ZK-CXNH","2019-05-01","2019-12-31",""
welcome,"sconto_cz","Sleva 30% na prvni nakup","SC-5LZK-HHKC","2019-05-01","2019-12-31",""
welcome,"sconto_cz","Sleva 30% na prvni nakup","SC-5PZK-8NHP","2019-05-01","2019-12-31",""
welcome,"sconto_cz","Sleva 30% na prvni nakup","SC-5ZZK-NHLD","2019-05-01","2019-12-31",""
welcome,"sconto_cz","Sleva 30% na prvni nakup","SC-5HZK-K5XC","2019-05-01","2019-12-31",""
welcome,"sconto_cz","Sleva 30% na prvni nakup","SC-D8ZK-XEXL","2019-05-01","2019-12-31",""
welcome,"sconto_cz","Sleva 30% na prvni nakup","SC-DGZK-5LXZ","2019-05-01","2019-12-31",""
welcome,"sconto_cz","Sleva 30% na prvni nakup","SC-DFZK-Z99Z","2019-05-01","2019-12-31",""
welcome,"sconto_cz","Sleva 30% na prvni nakup","SC-DKZK-GN5G","2019-05-01","2019-12-31",""
welcome,"sconto_cz","Sleva 30% na prvni nakup","SC-DNZK-5NXC","2019-05-01","2019-12-31",""
welcome,"sconto_cz","Sleva 30% na prvni nakup","SC-DCZK-G5LD","2019-05-01","2019-12-31",""
welcome,"sconto_cz","Sleva 30% na prvni nakup","SC-D5ZK-ZHC5","2019-05-01","2019-12-31",""
welcome,"sconto_cz","Sleva 30% na prvni nakup","SC-DDZK-NXKE","2019-05-01","2019-12-31",""
welcome,"sconto_cz","Sleva 30% na prvni nakup","SC-DXZK-F9DL","2019-05-01","2019-12-31",""
welcome,"sconto_cz","Sleva 30% na prvni nakup","SC-DWZK-FDEP","2019-05-01","2019-12-31",""
welcome,"sconto_cz","Sleva 30% na prvni nakup","SC-DEZK-8HLG","2019-05-01","2019-12-31",""
welcome,"sconto_cz","Sleva 30% na prvni nakup","SC-D9ZK-PCND","2019-05-01","2019-12-31",""
welcome,"sconto_cz","Sleva 30% na prvni nakup","SC-DLZK-8E9X","2019-05-01","2019-12-31",""
welcome,"sconto_cz","Sleva 30% na prvni nakup","SC-DPZK-H8K8","2019-05-01","2019-12-31",""
welcome,"sconto_cz","Sleva 30% na prvni nakup","SC-DZZK-5P8Z","2019-05-01","2019-12-31",""
welcome,"sconto_cz","Sleva 30% na prvni nakup","SC-DHZK-9H9N","2019-05-01","2019-12-31",""
welcome,"sconto_cz","Sleva 30% na prvni nakup","SC-X8ZK-FGKL","2019-05-01","2019-12-31",""
welcome,"sconto_cz","Sleva 30% na prvni nakup","SC-XGZK-Z9LH","2019-05-01","2019-12-31",""
welcome,"sconto_cz","Sleva 30% na prvni nakup","SC-XFZK-ELDZ","2019-05-01","2019-12-31",""
welcome,"sconto_cz","Sleva 30% na prvni nakup","SC-XKZK-ZFLH","2019-05-01","2019-12-31",""
welcome,"sconto_cz","Sleva 30% na prvni nakup","SC-XNZK-PXC5","2019-05-01","2019-12-31",""
welcome,"sconto_cz","Sleva 30% na prvni nakup","SC-XCZK-9DKD","2019-05-01","2019-12-31",""
welcome,"sconto_cz","Sleva 30% na prvni nakup","SC-X5ZK-FPWW","2019-05-01","2019-12-31",""
welcome,"sconto_cz","Sleva 30% na prvni nakup","SC-XDZK-ENGL","2019-05-01","2019-12-31",""
welcome,"sconto_cz","Sleva 30% na prvni nakup","SC-XXZK-HXN8","2019-05-01","2019-12-31",""
welcome,"sconto_cz","Sleva 30% na prvni nakup","SC-XWZK-ZFZX","2019-05-01","2019-12-31",""
welcome,"sconto_cz","Sleva 30% na prvni nakup","SC-XEZK-59LP","2019-05-01","2019-12-31",""
welcome,"sconto_cz","Sleva 30% na prvni nakup","SC-X9ZK-F5CX","2019-05-01","2019-12-31",""
welcome,"sconto_cz","Sleva 30% na prvni nakup","SC-XLZK-HHK9","2019-05-01","2019-12-31",""
welcome,"sconto_cz","Sleva 30% na prvni nakup","SC-XPZK-N8GP","2019-05-01","2019-12-31",""
welcome,"sconto_cz","Sleva 30% na prvni nakup","SC-XZZK-P8D5","2019-05-01","2019-12-31",""
welcome,"sconto_cz","Sleva 30% na prvni nakup","SC-XHZK-EKHF","2019-05-01","2019-12-31",""
welcome,"sconto_cz","Sleva 30% na prvni nakup","SC-W8ZK-LFWE","2019-05-01","2019-12-31",""
welcome,"sconto_cz","Sleva 30% na prvni nakup","SC-WGZK-XF9N","2019-05-01","2019-12-31",""
welcome,"sconto_cz","Sleva 30% na prvni nakup","SC-WFZK-5GPG","2019-05-01","2019-12-31",""
welcome,"sconto_cz","Sleva 30% na prvni nakup","SC-WKZK-PX5C","2019-05-01","2019-12-31",""
welcome,"sconto_cz","Sleva 30% na prvni nakup","SC-WNZK-P9G8","2019-05-01","2019-12-31",""
welcome,"sconto_cz","Sleva 30% na prvni nakup","SC-WCZK-CEN5","2019-05-01","2019-12-31",""
welcome,"sconto_cz","Sleva 30% na prvni nakup","SC-W5ZK-GDDW","2019-05-01","2019-12-31",""
welcome,"sconto_cz","Sleva 30% na prvni nakup","SC-WDZK-EDDD","2019-05-01","2019-12-31",""
welcome,"sconto_cz","Sleva 30% na prvni nakup","SC-WXZK-5LFW","2019-05-01","2019-12-31",""
welcome,"sconto_cz","Sleva 30% na prvni nakup","SC-WWZK-GDEX","2019-05-01","2019-12-31",""
welcome,"sconto_cz","Sleva 30% na prvni nakup","SC-WEZK-H9WG","2019-05-01","2019-12-31",""
welcome,"sconto_cz","Sleva 30% na prvni nakup","SC-W9ZK-GF99","2019-05-01","2019-12-31",""
welcome,"sconto_cz","Sleva 30% na prvni nakup","SC-WLZK-5FX5","2019-05-01","2019-12-31",""
welcome,"sconto_cz","Sleva 30% na prvni nakup","SC-WPZK-WWLK","2019-05-01","2019-12-31",""
welcome,"sconto_cz","Sleva 30% na prvni nakup","SC-WZZK-ZGHL","2019-05-01","2019-12-31",""
welcome,"sconto_cz","Sleva 30% na prvni nakup","SC-WHZK-GN8Z","2019-05-01","2019-12-31",""
welcome,"sconto_cz","Sleva 30% na prvni nakup","SC-E8ZK-D5ZC","2019-05-01","2019-12-31",""
welcome,"sconto_cz","Sleva 30% na prvni nakup","SC-EGZK-PDFP","2019-05-01","2019-12-31",""
welcome,"sconto_cz","Sleva 30% na prvni nakup","SC-EFZK-F9KX","2019-05-01","2019-12-31",""
welcome,"sconto_cz","Sleva 30% na prvni nakup","SC-EKZK-9HCP","2019-05-01","2019-12-31",""
welcome,"sconto_cz","Sleva 30% na prvni nakup","SC-ENZK-XLPW","2019-05-01","2019-12-31",""
welcome,"sconto_cz","Sleva 30% na prvni nakup","SC-ECZK-GL88","2019-05-01","2019-12-31",""
welcome,"sconto_cz","Sleva 30% na prvni nakup","SC-E5ZK-HPDX","2019-05-01","2019-12-31",""
welcome,"sconto_cz","Sleva 30% na prvni nakup","SC-EDZK-99L9","2019-05-01","2019-12-31",""
welcome,"sconto_cz","Sleva 30% na prvni nakup","SC-EXZK-KZZH","2019-05-01","2019-12-31",""
welcome,"sconto_cz","Sleva 30% na prvni nakup","SC-EWZK-H5XE","2019-05-01","2019-12-31",""
welcome,"sconto_cz","Sleva 30% na prvni nakup","SC-EEZK-HGZ8","2019-05-01","2019-12-31",""
welcome,"sconto_cz","Sleva 30% na prvni nakup","SC-E9ZK-KHEG","2019-05-01","2019-12-31",""
welcome,"sconto_cz","Sleva 30% na prvni nakup","SC-ELZK-GK9L","2019-05-01","2019-12-31",""
welcome,"sconto_cz","Sleva 30% na prvni nakup","SC-EPZK-FCXN","2019-05-01","2019-12-31",""
welcome,"sconto_cz","Sleva 30% na prvni nakup","SC-EZZK-XGHE","2019-05-01","2019-12-31",""
welcome,"sconto_cz","Sleva 30% na prvni nakup","SC-EHZK-LC59","2019-05-01","2019-12-31",""
welcome,"sconto_cz","Sleva 30% na prvni nakup","SC-98ZK-5L8D","2019-05-01","2019-12-31",""
welcome,"sconto_cz","Sleva 30% na prvni nakup","SC-9GZK-GKWK","2019-05-01","2019-12-31",""
welcome,"sconto_cz","Sleva 30% na prvni nakup","SC-9FZK-5LXF","2019-05-01","2019-12-31",""
welcome,"sconto_cz","Sleva 30% na prvni nakup","SC-9KZK-HFLP","2019-05-01","2019-12-31",""
welcome,"sconto_cz","Sleva 30% na prvni nakup","SC-9NZK-5HHK","2019-05-01","2019-12-31",""
welcome,"sconto_cz","Sleva 30% na prvni nakup","SC-9CZK-XPKH","2019-05-01","2019-12-31",""
welcome,"sconto_cz","Sleva 30% na prvni nakup","SC-95ZK-KEZH","2019-05-01","2019-12-31",""
welcome,"sconto_cz","Sleva 30% na prvni nakup","SC-9DZK-PNZD","2019-05-01","2019-12-31",""
welcome,"sconto_cz","Sleva 30% na prvni nakup","SC-9XZK-ED5E","2019-05-01","2019-12-31",""
welcome,"sconto_cz","Sleva 30% na prvni nakup","SC-9WZK-NHPW","2019-05-01","2019-12-31",""
welcome,"sconto_cz","Sleva 30% na prvni nakup","SC-9EZK-GLKX","2019-05-01","2019-12-31",""
welcome,"sconto_cz","Sleva 30% na prvni nakup","SC-99ZK-DL9N","2019-05-01","2019-12-31",""
welcome,"sconto_cz","Sleva 30% na prvni nakup","SC-9LZK-XLXW","2019-05-01","2019-12-31",""
welcome,"sconto_cz","Sleva 30% na prvni nakup","SC-9PZK-GDKN","2019-05-01","2019-12-31",""
welcome,"sconto_cz","Sleva 30% na prvni nakup","SC-9ZZK-GEKP","2019-05-01","2019-12-31",""
welcome,"sconto_cz","Sleva 30% na prvni nakup","SC-9HZK-8NLD","2019-05-01","2019-12-31",""
welcome,"sconto_cz","Sleva 30% na prvni nakup","SC-L8ZN-89L5","2019-05-01","2019-12-31",""
welcome,"sconto_cz","Sleva 30% na prvni nakup","SC-LGZN-NX98","2019-05-01","2019-12-31",""
welcome,"sconto_cz","Sleva 30% na prvni nakup","SC-LFZN-WPCK","2019-05-01","2019-12-31",""
welcome,"sconto_cz","Sleva 30% na prvni nakup","SC-LKZN-KCE9","2019-05-01","2019-12-31",""
welcome,"sconto_cz","Sleva 30% na prvni nakup","SC-LNZN-KHGN","2019-05-01","2019-12-31",""
welcome,"sconto_cz","Sleva 30% na prvni nakup","SC-LCZN-FDCP","2019-05-01","2019-12-31",""
welcome,"sconto_cz","Sleva 30% na prvni nakup","SC-L5ZN-5EFF","2019-05-01","2019-12-31",""
welcome,"sconto_cz","Sleva 30% na prvni nakup","SC-LDZN-WHD8","2019-05-01","2019-12-31",""
welcome,"sconto_cz","Sleva 30% na prvni nakup","SC-LXZN-NGNF","2019-05-01","2019-12-31",""
welcome,"sconto_cz","Sleva 30% na prvni nakup","SC-LWZN-ZPXP","2019-05-01","2019-12-31",""
welcome,"sconto_cz","Sleva 30% na prvni nakup","SC-LEZN-GF8Z","2019-05-01","2019-12-31",""
welcome,"sconto_cz","Sleva 30% na prvni nakup","SC-L9ZN-N8LL","2019-05-01","2019-12-31",""
welcome,"sconto_cz","Sleva 30% na prvni nakup","SC-LLZN-X8PN","2019-05-01","2019-12-31",""
welcome,"sconto_cz","Sleva 30% na prvni nakup","SC-LPZN-K9DN","2019-05-01","2019-12-31",""
welcome,"sconto_cz","Sleva 30% na prvni nakup","SC-LZZN-H9CC","2019-05-01","2019-12-31",""
welcome,"sconto_cz","Sleva 30% na prvni nakup","SC-LHZN-XDGD","2019-05-01","2019-12-31",""
welcome,"sconto_cz","Sleva 30% na prvni nakup","SC-P8ZN-DG8P","2019-05-01","2019-12-31",""
welcome,"sconto_cz","Sleva 30% na prvni nakup","SC-PGZN-LKDL","2019-05-01","2019-12-31",""
welcome,"sconto_cz","Sleva 30% na prvni nakup","SC-PFZN-HELX","2019-05-01","2019-12-31",""
welcome,"sconto_cz","Sleva 30% na prvni nakup","SC-PKZN-CW9H","2019-05-01","2019-12-31",""
welcome,"sconto_cz","Sleva 30% na prvni nakup","SC-PNZN-PECD","2019-05-01","2019-12-31",""
welcome,"sconto_cz","Sleva 30% na prvni nakup","SC-PCZN-KFFN","2019-05-01","2019-12-31",""
welcome,"sconto_cz","Sleva 30% na prvni nakup","SC-P5ZN-8ZEF","2019-05-01","2019-12-31",""
welcome,"sconto_cz","Sleva 30% na prvni nakup","SC-PDZN-DC9E","2019-05-01","2019-12-31",""
welcome,"sconto_cz","Sleva 30% na prvni nakup","SC-PXZN-LGKD","2019-05-01","2019-12-31",""
welcome,"sconto_cz","Sleva 30% na prvni nakup","SC-PWZN-DZEW","2019-05-01","2019-12-31",""
welcome,"sconto_cz","Sleva 30% na prvni nakup","SC-PEZN-EPHX","2019-05-01","2019-12-31",""
welcome,"sconto_cz","Sleva 30% na prvni nakup","SC-P9ZN-GXCL","2019-05-01","2019-12-31",""
welcome,"sconto_cz","Sleva 30% na prvni nakup","SC-PLZN-N5DL","2019-05-01","2019-12-31",""
welcome,"sconto_cz","Sleva 30% na prvni nakup","SC-PPZN-5NWD","2019-05-01","2019-12-31",""
welcome,"sconto_cz","Sleva 30% na prvni nakup","SC-PZZN-GDPE","2019-05-01","2019-12-31",""
welcome,"sconto_cz","Sleva 30% na prvni nakup","SC-PHZN-DW5E","2019-05-01","2019-12-31",""
welcome,"sconto_cz","Sleva 30% na prvni nakup","SC-Z8ZN-DKLD","2019-05-01","2019-12-31",""
welcome,"sconto_cz","Sleva 30% na prvni nakup","SC-ZGZN-HGW9","2019-05-01","2019-12-31",""
welcome,"sconto_cz","Sleva 30% na prvni nakup","SC-ZFZN-FPDC","2019-05-01","2019-12-31",""
welcome,"sconto_cz","Sleva 30% na prvni nakup","SC-ZKZN-XLLW","2019-05-01","2019-12-31",""
welcome,"sconto_cz","Sleva 30% na prvni nakup","SC-ZNZN-XW8E","2019-05-01","2019-12-31",""
welcome,"sconto_cz","Sleva 30% na prvni nakup","SC-ZCZN-PCGP","2019-05-01","2019-12-31",""
welcome,"sconto_cz","Sleva 30% na prvni nakup","SC-Z5ZN-GFPW","2019-05-01","2019-12-31",""
welcome,"sconto_cz","Sleva 30% na prvni nakup","SC-ZDZN-FELW","2019-05-01","2019-12-31",""
welcome,"sconto_cz","Sleva 30% na prvni nakup","SC-ZXZN-PN8L","2019-05-01","2019-12-31",""
welcome,"sconto_cz","Sleva 30% na prvni nakup","SC-ZWZN-F899","2019-05-01","2019-12-31",""
welcome,"sconto_cz","Sleva 30% na prvni nakup","SC-ZEZN-ZHZK","2019-05-01","2019-12-31",""
welcome,"sconto_cz","Sleva 30% na prvni nakup","SC-Z9ZN-DHH9","2019-05-01","2019-12-31",""
welcome,"sconto_cz","Sleva 30% na prvni nakup","SC-ZLZN-KGGL","2019-05-01","2019-12-31",""
welcome,"sconto_cz","Sleva 30% na prvni nakup","SC-ZPZN-FGLZ","2019-05-01","2019-12-31",""
welcome,"sconto_cz","Sleva 30% na prvni nakup","SC-ZZZN-NZPZ","2019-05-01","2019-12-31",""
welcome,"sconto_cz","Sleva 30% na prvni nakup","SC-ZHZN-HWXD","2019-05-01","2019-12-31",""
welcome,"sconto_cz","Sleva 30% na prvni nakup","SC-H8ZN-WFXN","2019-05-01","2019-12-31",""
welcome,"sconto_cz","Sleva 30% na prvni nakup","SC-HGZN-GDXE","2019-05-01","2019-12-31",""
welcome,"sconto_cz","Sleva 30% na prvni nakup","SC-HFZN-EZKG","2019-05-01","2019-12-31",""
welcome,"sconto_cz","Sleva 30% na prvni nakup","SC-HKZN-988E","2019-05-01","2019-12-31",""
welcome,"sconto_cz","Sleva 30% na prvni nakup","SC-HNZN-HWLG","2019-05-01","2019-12-31",""
welcome,"sconto_cz","Sleva 30% na prvni nakup","SC-HCZN-DPZ5","2019-05-01","2019-12-31",""
welcome,"sconto_cz","Sleva 30% na prvni nakup","SC-H5ZN-E5FD","2019-05-01","2019-12-31",""
welcome,"sconto_cz","Sleva 30% na prvni nakup","SC-HDZN-NWLZ","2019-05-01","2019-12-31",""
welcome,"sconto_cz","Sleva 30% na prvni nakup","SC-HXZN-NPXK","2019-05-01","2019-12-31",""
welcome,"sconto_cz","Sleva 30% na prvni nakup","SC-HWZN-FPLF","2019-05-01","2019-12-31",""
welcome,"sconto_cz","Sleva 30% na prvni nakup","SC-HEZN-KPLF","2019-05-01","2019-12-31",""
welcome,"sconto_cz","Sleva 30% na prvni nakup","SC-H9ZN-8ZKX","2019-05-01","2019-12-31",""
welcome,"sconto_cz","Sleva 30% na prvni nakup","SC-HLZN-DH5G","2019-05-01","2019-12-31",""
welcome,"sconto_cz","Sleva 30% na prvni nakup","SC-HPZN-FHD9","2019-05-01","2019-12-31",""
welcome,"sconto_cz","Sleva 30% na prvni nakup","SC-HZZN-WKK5","2019-05-01","2019-12-31",""
welcome,"sconto_cz","Sleva 30% na prvni nakup","SC-HHZN-8GHF","2019-05-01","2019-12-31",""
welcome,"sconto_cz","Sleva 30% na prvni nakup","SC-88ZN-XWP8","2019-05-01","2019-12-31",""
welcome,"sconto_cz","Sleva 30% na prvni nakup","SC-8GZN-LF5Z","2019-05-01","2019-12-31",""
welcome,"sconto_cz","Sleva 30% na prvni nakup","SC-8FZN-F8LX","2019-05-01","2019-12-31",""
welcome,"sconto_cz","Sleva 30% na prvni nakup","SC-8KZN-GGGG","2019-05-01","2019-12-31",""
welcome,"sconto_cz","Sleva 30% na prvni nakup","SC-8NZN-55DZ","2019-05-01","2019-12-31",""
welcome,"sconto_cz","Sleva 30% na prvni nakup","SC-8CZN-FL9Z","2019-05-01","2019-12-31",""
welcome,"sconto_cz","Sleva 30% na prvni nakup","SC-85ZN-5C85","2019-05-01","2019-12-31",""
welcome,"sconto_cz","Sleva 30% na prvni nakup","SC-8DZN-HPPF","2019-05-01","2019-12-31",""
welcome,"sconto_cz","Sleva 30% na prvni nakup","SC-8XZN-ZKXZ","2019-05-01","2019-12-31",""
welcome,"sconto_cz","Sleva 30% na prvni nakup","SC-8WZN-EP8X","2019-05-01","2019-12-31",""
welcome,"sconto_cz","Sleva 30% na prvni nakup","SC-8EZN-G8DL","2019-05-01","2019-12-31",""
welcome,"sconto_cz","Sleva 30% na prvni nakup","SC-89ZN-X5NK","2019-05-01","2019-12-31",""
welcome,"sconto_cz","Sleva 30% na prvni nakup","SC-8LZN-FKZH","2019-05-01","2019-12-31",""
welcome,"sconto_cz","Sleva 30% na prvni nakup","SC-8PZN-CX8L","2019-05-01","2019-12-31",""
welcome,"sconto_cz","Sleva 30% na prvni nakup","SC-8ZZN-G5FE","2019-05-01","2019-12-31",""
welcome,"sconto_cz","Sleva 30% na prvni nakup","SC-8HZN-GZWW","2019-05-01","2019-12-31",""
welcome,"sconto_cz","Sleva 30% na prvni nakup","SC-G8ZN-GZZW","2019-05-01","2019-12-31",""
welcome,"sconto_cz","Sleva 30% na prvni nakup","SC-GGZN-9HW8","2019-05-01","2019-12-31",""
welcome,"sconto_cz","Sleva 30% na prvni nakup","SC-GFZN-NG99","2019-05-01","2019-12-31",""
welcome,"sconto_cz","Sleva 30% na prvni nakup","SC-GKZN-9CXF","2019-05-01","2019-12-31",""
welcome,"sconto_cz","Sleva 30% na prvni nakup","SC-GNZN-NPK8","2019-05-01","2019-12-31",""
welcome,"sconto_cz","Sleva 30% na prvni nakup","SC-GCZN-5CHZ","2019-05-01","2019-12-31",""
welcome,"sconto_cz","Sleva 30% na prvni nakup","SC-G5ZN-G8GD","2019-05-01","2019-12-31",""
welcome,"sconto_cz","Sleva 30% na prvni nakup","SC-GDZN-WLC8","2019-05-01","2019-12-31",""
welcome,"sconto_cz","Sleva 30% na prvni nakup","SC-GXZN-HPPE","2019-05-01","2019-12-31",""
welcome,"sconto_cz","Sleva 30% na prvni nakup","SC-GWZN-P58N","2019-05-01","2019-12-31",""
welcome,"sconto_cz","Sleva 30% na prvni nakup","SC-GEZN-HNPK","2019-05-01","2019-12-31",""
welcome,"sconto_cz","Sleva 30% na prvni nakup","SC-G9ZN-G59E","2019-05-01","2019-12-31",""
welcome,"sconto_cz","Sleva 30% na prvni nakup","SC-GLZN-XPFD","2019-05-01","2019-12-31",""
welcome,"sconto_cz","Sleva 30% na prvni nakup","SC-GPZN-FWX8","2019-05-01","2019-12-31",""
welcome,"sconto_cz","Sleva 30% na prvni nakup","SC-GZZN-L9Z5","2019-05-01","2019-12-31",""
welcome,"sconto_cz","Sleva 30% na prvni nakup","SC-GHZN-PD8W","2019-05-01","2019-12-31",""
welcome,"sconto_cz","Sleva 30% na prvni nakup","SC-F8ZN-KZ55","2019-05-01","2019-12-31",""
welcome,"sconto_cz","Sleva 30% na prvni nakup","SC-FGZN-CEZN","2019-05-01","2019-12-31",""
welcome,"sconto_cz","Sleva 30% na prvni nakup","SC-FFZN-HKFG","2019-05-01","2019-12-31",""
welcome,"sconto_cz","Sleva 30% na prvni nakup","SC-FKZN-ZLHG","2019-05-01","2019-12-31",""
welcome,"sconto_cz","Sleva 30% na prvni nakup","SC-FNZN-8NPF","2019-05-01","2019-12-31",""
welcome,"sconto_cz","Sleva 30% na prvni nakup","SC-FCZN-9XCF","2019-05-01","2019-12-31",""
welcome,"sconto_cz","Sleva 30% na prvni nakup","SC-F5ZN-WGC5","2019-05-01","2019-12-31",""
welcome,"sconto_cz","Sleva 30% na prvni nakup","SC-FDZN-5NWK","2019-05-01","2019-12-31",""
welcome,"sconto_cz","Sleva 30% na prvni nakup","SC-FXZN-DWKW","2019-05-01","2019-12-31",""
welcome,"sconto_cz","Sleva 30% na prvni nakup","SC-FWZN-ZNCP","2019-05-01","2019-12-31",""
welcome,"sconto_cz","Sleva 30% na prvni nakup","SC-FEZN-8NGZ","2019-05-01","2019-12-31",""
welcome,"sconto_cz","Sleva 30% na prvni nakup","SC-F9ZN-NZE8","2019-05-01","2019-12-31",""
welcome,"sconto_cz","Sleva 30% na prvni nakup","SC-FLZN-9HFF","2019-05-01","2019-12-31",""
welcome,"sconto_cz","Sleva 30% na prvni nakup","SC-FPZN-PGZW","2019-05-01","2019-12-31",""
welcome,"sconto_cz","Sleva 30% na prvni nakup","SC-FZZN-N8DH","2019-05-01","2019-12-31",""
welcome,"sconto_cz","Sleva 30% na prvni nakup","SC-FHZN-CNZX","2019-05-01","2019-12-31",""
welcome,"sconto_cz","Sleva 30% na prvni nakup","SC-K8ZN-LHGZ","2019-05-01","2019-12-31",""
welcome,"sconto_cz","Sleva 30% na prvni nakup","SC-KGZN-XKPN","2019-05-01","2019-12-31",""
welcome,"sconto_cz","Sleva 30% na prvni nakup","SC-KFZN-8WDX","2019-05-01","2019-12-31",""
welcome,"sconto_cz","Sleva 30% na prvni nakup","SC-KKZN-ZE9G","2019-05-01","2019-12-31",""
welcome,"sconto_cz","Sleva 30% na prvni nakup","SC-KNZN-PZDL","2019-05-01","2019-12-31",""
welcome,"sconto_cz","Sleva 30% na prvni nakup","SC-KCZN-GHCX","2019-05-01","2019-12-31",""
welcome,"sconto_cz","Sleva 30% na prvni nakup","SC-K5ZN-LGL5","2019-05-01","2019-12-31",""
welcome,"sconto_cz","Sleva 30% na prvni nakup","SC-KDZN-C8CE","2019-05-01","2019-12-31",""
welcome,"sconto_cz","Sleva 30% na prvni nakup","SC-KXZN-FF5C","2019-05-01","2019-12-31",""
welcome,"sconto_cz","Sleva 30% na prvni nakup","SC-KWZN-ZEKL","2019-05-01","2019-12-31",""
welcome,"sconto_cz","Sleva 30% na prvni nakup","SC-KEZN-D8XC","2019-05-01","2019-12-31",""
welcome,"sconto_cz","Sleva 30% na prvni nakup","SC-K9ZN-NKDE","2019-05-01","2019-12-31",""
welcome,"sconto_cz","Sleva 30% na prvni nakup","SC-KLZN-XWHW","2019-05-01","2019-12-31",""
welcome,"sconto_cz","Sleva 30% na prvni nakup","SC-KPZN-XD9L","2019-05-01","2019-12-31",""
welcome,"sconto_cz","Sleva 30% na prvni nakup","SC-KZZN-FP5Z","2019-05-01","2019-12-31",""
welcome,"sconto_cz","Sleva 30% na prvni nakup","SC-KHZN-9XGW","2019-05-01","2019-12-31",""
welcome,"sconto_cz","Sleva 30% na prvni nakup","SC-N8ZN-9LNL","2019-05-01","2019-12-31",""
welcome,"sconto_cz","Sleva 30% na prvni nakup","SC-NGZN-WCN9","2019-05-01","2019-12-31",""
welcome,"sconto_cz","Sleva 30% na prvni nakup","SC-NFZN-LWN5","2019-05-01","2019-12-31",""
welcome,"sconto_cz","Sleva 30% na prvni nakup","SC-NKZN-CFPX","2019-05-01","2019-12-31",""
welcome,"sconto_cz","Sleva 30% na prvni nakup","SC-NNZN-5EZC","2019-05-01","2019-12-31",""
welcome,"sconto_cz","Sleva 30% na prvni nakup","SC-NCZN-HCEP","2019-05-01","2019-12-31",""
welcome,"sconto_cz","Sleva 30% na prvni nakup","SC-N5ZN-LN88","2019-05-01","2019-12-31",""
welcome,"sconto_cz","Sleva 30% na prvni nakup","SC-NDZN-58KG","2019-05-01","2019-12-31",""
welcome,"sconto_cz","Sleva 30% na prvni nakup","SC-NXZN-ZLEF","2019-05-01","2019-12-31",""
welcome,"sconto_cz","Sleva 30% na prvni nakup","SC-NWZN-LLFF","2019-05-01","2019-12-31",""
welcome,"sconto_cz","Sleva 30% na prvni nakup","SC-NEZN-59WL","2019-05-01","2019-12-31",""
welcome,"sconto_cz","Sleva 30% na prvni nakup","SC-N9ZN-D9EC","2019-05-01","2019-12-31",""
welcome,"sconto_cz","Sleva 30% na prvni nakup","SC-NLZN-PLLF","2019-05-01","2019-12-31",""
welcome,"sconto_cz","Sleva 30% na prvni nakup","SC-NPZN-8GXK","2019-05-01","2019-12-31",""
welcome,"sconto_cz","Sleva 30% na prvni nakup","SC-NZZN-LZED","2019-05-01","2019-12-31",""
welcome,"sconto_cz","Sleva 30% na prvni nakup","SC-NHZN-9C5G","2019-05-01","2019-12-31",""
welcome,"sconto_cz","Sleva 30% na prvni nakup","SC-C8ZN-FZ88","2019-05-01","2019-12-31",""
welcome,"sconto_cz","Sleva 30% na prvni nakup","SC-CGZN-HCFK","2019-05-01","2019-12-31",""
welcome,"sconto_cz","Sleva 30% na prvni nakup","SC-CFZN-N5LN","2019-05-01","2019-12-31",""
welcome,"sconto_cz","Sleva 30% na prvni nakup","SC-CKZN-EZKF","2019-05-01","2019-12-31",""
welcome,"sconto_cz","Sleva 30% na prvni nakup","SC-CNZN-CKNW","2019-05-01","2019-12-31",""
welcome,"sconto_cz","Sleva 30% na prvni nakup","SC-CCZN-LW88","2019-05-01","2019-12-31",""
welcome,"sconto_cz","Sleva 30% na prvni nakup","SC-C5ZN-WLPL","2019-05-01","2019-12-31",""
welcome,"sconto_cz","Sleva 30% na prvni nakup","SC-CDZN-NEC5","2019-05-01","2019-12-31",""
welcome,"sconto_cz","Sleva 30% na prvni nakup","SC-CXZN-ZL5L","2019-05-01","2019-12-31",""
welcome,"sconto_cz","Sleva 30% na prvni nakup","SC-CWZN-CKGE","2019-05-01","2019-12-31",""
welcome,"sconto_cz","Sleva 30% na prvni nakup","SC-CEZN-5KWF","2019-05-01","2019-12-31",""
welcome,"sconto_cz","Sleva 30% na prvni nakup","SC-C9ZN-E9XH","2019-05-01","2019-12-31",""
welcome,"sconto_cz","Sleva 30% na prvni nakup","SC-CLZN-HWEG","2019-05-01","2019-12-31",""
welcome,"sconto_cz","Sleva 30% na prvni nakup","SC-CPZN-EWF9","2019-05-01","2019-12-31",""
welcome,"sconto_cz","Sleva 30% na prvni nakup","SC-CZZN-D5KN","2019-05-01","2019-12-31",""
welcome,"sconto_cz","Sleva 30% na prvni nakup","SC-CHZN-KDL5","2019-05-01","2019-12-31",""
welcome,"sconto_cz","Sleva 30% na prvni nakup","SC-58ZN-WLH5","2019-05-01","2019-12-31",""
welcome,"sconto_cz","Sleva 30% na prvni nakup","SC-5GZN-KP9Z","2019-05-01","2019-12-31",""
welcome,"sconto_cz","Sleva 30% na prvni nakup","SC-5FZN-EWH9","2019-05-01","2019-12-31",""
welcome,"sconto_cz","Sleva 30% na prvni nakup","SC-5KZN-XNZ8","2019-05-01","2019-12-31",""
welcome,"sconto_cz","Sleva 30% na prvni nakup","SC-5NZN-GN8K","2019-05-01","2019-12-31",""
welcome,"sconto_cz","Sleva 30% na prvni nakup","SC-5CZN-9EZH","2019-05-01","2019-12-31",""
welcome,"sconto_cz","Sleva 30% na prvni nakup","SC-55ZN-K9PP","2019-05-01","2019-12-31",""
welcome,"sconto_cz","Sleva 30% na prvni nakup","SC-5DZN-GL9F","2019-05-01","2019-12-31",""
welcome,"sconto_cz","Sleva 30% na prvni nakup","SC-5XZN-CX8D","2019-05-01","2019-12-31",""
welcome,"sconto_cz","Sleva 30% na prvni nakup","SC-5WZN-FGWK","2019-05-01","2019-12-31",""
welcome,"sconto_cz","Sleva 30% na prvni nakup","SC-5EZN-N5GW","2019-05-01","2019-12-31",""
welcome,"sconto_cz","Sleva 30% na prvni nakup","SC-59ZN-LL9W","2019-05-01","2019-12-31",""
welcome,"sconto_cz","Sleva 30% na prvni nakup","SC-5LZN-LW9H","2019-05-01","2019-12-31",""
welcome,"sconto_cz","Sleva 30% na prvni nakup","SC-5PZN-CPFK","2019-05-01","2019-12-31",""
welcome,"sconto_cz","Sleva 30% na prvni nakup","SC-5ZZN-9H9P","2019-05-01","2019-12-31",""
welcome,"sconto_cz","Sleva 30% na prvni nakup","SC-5HZN-CWD8","2019-05-01","2019-12-31",""
welcome,"sconto_cz","Sleva 30% na prvni nakup","SC-D8ZN-CCCG","2019-05-01","2019-12-31",""
welcome,"sconto_cz","Sleva 30% na prvni nakup","SC-DGZN-FFFL","2019-05-01","2019-12-31",""
welcome,"sconto_cz","Sleva 30% na prvni nakup","SC-DFZN-888P","2019-05-01","2019-12-31",""
welcome,"sconto_cz","Sleva 30% na prvni nakup","SC-DKZN-LNLF","2019-05-01","2019-12-31",""
welcome,"sconto_cz","Sleva 30% na prvni nakup","SC-DNZN-898G","2019-05-01","2019-12-31",""
welcome,"sconto_cz","Sleva 30% na prvni nakup","SC-DCZN-DNFF","2019-05-01","2019-12-31",""
welcome,"sconto_cz","Sleva 30% na prvni nakup","SC-D5ZN-PXKL","2019-05-01","2019-12-31",""
welcome,"sconto_cz","Sleva 30% na prvni nakup","SC-DDZN-9NEH","2019-05-01","2019-12-31",""
welcome,"sconto_cz","Sleva 30% na prvni nakup","SC-DXZN-KXEG","2019-05-01","2019-12-31",""
welcome,"sconto_cz","Sleva 30% na prvni nakup","SC-DWZN-LGXN","2019-05-01","2019-12-31",""
welcome,"sconto_cz","Sleva 30% na prvni nakup","SC-DEZN-FCEK","2019-05-01","2019-12-31",""
welcome,"sconto_cz","Sleva 30% na prvni nakup","SC-D9ZN-NLKN","2019-05-01","2019-12-31",""
welcome,"sconto_cz","Sleva 30% na prvni nakup","SC-DLZN-P5KG","2019-05-01","2019-12-31",""
welcome,"sconto_cz","Sleva 30% na prvni nakup","SC-DPZN-P5ZE","2019-05-01","2019-12-31",""
welcome,"sconto_cz","Sleva 30% na prvni nakup","SC-DZZN-NC8C","2019-05-01","2019-12-31",""
welcome,"sconto_cz","Sleva 30% na prvni nakup","SC-DHZN-9LEK","2019-05-01","2019-12-31",""
welcome,"sconto_cz","Sleva 30% na prvni nakup","SC-X8ZN-H5PF","2019-05-01","2019-12-31",""
welcome,"sconto_cz","Sleva 30% na prvni nakup","SC-XGZN-C85E","2019-05-01","2019-12-31",""
welcome,"sconto_cz","Sleva 30% na prvni nakup","SC-XFZN-9FGH","2019-05-01","2019-12-31",""
welcome,"sconto_cz","Sleva 30% na prvni nakup","SC-XKZN-8CXF","2019-05-01","2019-12-31",""
welcome,"sconto_cz","Sleva 30% na prvni nakup","SC-XNZN-K9LX","2019-05-01","2019-12-31",""
welcome,"sconto_cz","Sleva 30% na prvni nakup","SC-XCZN-DE5W","2019-05-01","2019-12-31",""
welcome,"sconto_cz","Sleva 30% na prvni nakup","SC-X5ZN-LL9P","2019-05-01","2019-12-31",""
welcome,"sconto_cz","Sleva 30% na prvni nakup","SC-XDZN-L9F9","2019-05-01","2019-12-31",""
welcome,"sconto_cz","Sleva 30% na prvni nakup","SC-XXZN-W9C5","2019-05-01","2019-12-31",""
welcome,"sconto_cz","Sleva 30% na prvni nakup","SC-XWZN-GKKW","2019-05-01","2019-12-31",""
welcome,"sconto_cz","Sleva 30% na prvni nakup","SC-XEZN-5ZL8","2019-05-01","2019-12-31",""
welcome,"sconto_cz","Sleva 30% na prvni nakup","SC-X9ZN-LD8F","2019-05-01","2019-12-31",""
welcome,"sconto_cz","Sleva 30% na prvni nakup","SC-XLZN-WPKE","2019-05-01","2019-12-31",""
welcome,"sconto_cz","Sleva 30% na prvni nakup","SC-XPZN-EFEZ","2019-05-01","2019-12-31",""
welcome,"sconto_cz","Sleva 30% na prvni nakup","SC-XZZN-K88E","2019-05-01","2019-12-31",""
welcome,"sconto_cz","Sleva 30% na prvni nakup","SC-XHZN-XXCL","2019-05-01","2019-12-31",""
welcome,"sconto_cz","Sleva 30% na prvni nakup","SC-W8ZN-NL9C","2019-05-01","2019-12-31",""
welcome,"sconto_cz","Sleva 30% na prvni nakup","SC-WGZN-ZWZK","2019-05-01","2019-12-31",""
welcome,"sconto_cz","Sleva 30% na prvni nakup","SC-WFZN-9FN8","2019-05-01","2019-12-31",""
welcome,"sconto_cz","Sleva 30% na prvni nakup","SC-WKZN-ZFPN","2019-05-01","2019-12-31",""
welcome,"sconto_cz","Sleva 30% na prvni nakup","SC-WNZN-FZNP","2019-05-01","2019-12-31",""
welcome,"sconto_cz","Sleva 30% na prvni nakup","SC-WCZN-GKWC","2019-05-01","2019-12-31",""
welcome,"sconto_cz","Sleva 30% na prvni nakup","SC-W5ZN-85CX","2019-05-01","2019-12-31",""
welcome,"sconto_cz","Sleva 30% na prvni nakup","SC-WDZN-NXNX","2019-05-01","2019-12-31",""
welcome,"sconto_cz","Sleva 30% na prvni nakup","SC-WXZN-H9GZ","2019-05-01","2019-12-31",""
welcome,"sconto_cz","Sleva 30% na prvni nakup","SC-WWZN-FCZG","2019-05-01","2019-12-31",""
welcome,"sconto_cz","Sleva 30% na prvni nakup","SC-WEZN-PDDW","2019-05-01","2019-12-31",""
welcome,"sconto_cz","Sleva 30% na prvni nakup","SC-W9ZN-9ZGE","2019-05-01","2019-12-31",""
welcome,"sconto_cz","Sleva 30% na prvni nakup","SC-WLZN-EKFL","2019-05-01","2019-12-31",""
welcome,"sconto_cz","Sleva 30% na prvni nakup","SC-WPZN-PNDH","2019-05-01","2019-12-31",""
welcome,"sconto_cz","Sleva 30% na prvni nakup","SC-WZZN-PEC8","2019-05-01","2019-12-31",""
welcome,"sconto_cz","Sleva 30% na prvni nakup","SC-WHZN-KKF8","2019-05-01","2019-12-31",""
welcome,"sconto_cz","Sleva 30% na prvni nakup","SC-E8ZN-89LP","2019-05-01","2019-12-31",""
welcome,"sconto_cz","Sleva 30% na prvni nakup","SC-EGZN-DFPG","2019-05-01","2019-12-31",""
welcome,"sconto_cz","Sleva 30% na prvni nakup","SC-EFZN-N9HH","2019-05-01","2019-12-31",""
welcome,"sconto_cz","Sleva 30% na prvni nakup","SC-EKZN-8FHX","2019-05-01","2019-12-31",""
welcome,"sconto_cz","Sleva 30% na prvni nakup","SC-ENZN-FGKN","2019-05-01","2019-12-31",""
welcome,"sconto_cz","Sleva 30% na prvni nakup","SC-ECZN-GH5L","2019-05-01","2019-12-31",""
welcome,"sconto_cz","Sleva 30% na prvni nakup","SC-E5ZN-G9XG","2019-05-01","2019-12-31",""
welcome,"sconto_cz","Sleva 30% na prvni nakup","SC-EDZN-NXFD","2019-05-01","2019-12-31",""
welcome,"sconto_cz","Sleva 30% na prvni nakup","SC-EXZN-ZLEX","2019-05-01","2019-12-31",""
welcome,"sconto_cz","Sleva 30% na prvni nakup","SC-EWZN-588Z","2019-05-01","2019-12-31",""
welcome,"sconto_cz","Sleva 30% na prvni nakup","SC-EEZN-PN55","2019-05-01","2019-12-31",""
welcome,"sconto_cz","Sleva 30% na prvni nakup","SC-E9ZN-WZHL","2019-05-01","2019-12-31",""
welcome,"sconto_cz","Sleva 30% na prvni nakup","SC-ELZN-NX8G","2019-05-01","2019-12-31",""
welcome,"sconto_cz","Sleva 30% na prvni nakup","SC-EPZN-8FWN","2019-05-01","2019-12-31",""
welcome,"sconto_cz","Sleva 30% na prvni nakup","SC-EZZN-EH8D","2019-05-01","2019-12-31",""
welcome,"sconto_cz","Sleva 30% na prvni nakup","SC-EHZN-H8NG","2019-05-01","2019-12-31",""
welcome,"sconto_cz","Sleva 30% na prvni nakup","SC-98ZN-DH8D","2019-05-01","2019-12-31",""
welcome,"sconto_cz","Sleva 30% na prvni nakup","SC-9GZN-ZGNK","2019-05-01","2019-12-31",""
welcome,"sconto_cz","Sleva 30% na prvni nakup","SC-9FZN-8EDH","2019-05-01","2019-12-31",""
welcome,"sconto_cz","Sleva 30% na prvni nakup","SC-9KZN-G8NP","2019-05-01","2019-12-31",""
welcome,"sconto_cz","Sleva 30% na prvni nakup","SC-9NZN-9X8L","2019-05-01","2019-12-31",""
welcome,"sconto_cz","Sleva 30% na prvni nakup","SC-9CZN-9C9E","2019-05-01","2019-12-31",""
welcome,"sconto_cz","Sleva 30% na prvni nakup","SC-95ZN-PNLF","2019-05-01","2019-12-31",""
welcome,"sconto_cz","Sleva 30% na prvni nakup","SC-9DZN-KENF","2019-05-01","2019-12-31",""
welcome,"sconto_cz","Sleva 30% na prvni nakup","SC-9XZN-FKWK","2019-05-01","2019-12-31",""
welcome,"sconto_cz","Sleva 30% na prvni nakup","SC-9WZN-XN5L","2019-05-01","2019-12-31",""
welcome,"sconto_cz","Sleva 30% na prvni nakup","SC-9EZN-G9PG","2019-05-01","2019-12-31",""
welcome,"sconto_cz","Sleva 30% na prvni nakup","SC-99ZN-8CCF","2019-05-01","2019-12-31",""
welcome,"sconto_cz","Sleva 30% na prvni nakup","SC-9LZN-H8WD","2019-05-01","2019-12-31",""
welcome,"sconto_cz","Sleva 30% na prvni nakup","SC-9PZN-NXKH","2019-05-01","2019-12-31",""
welcome,"sconto_cz","Sleva 30% na prvni nakup","SC-9ZZN-WH9P","2019-05-01","2019-12-31",""
welcome,"sconto_cz","Sleva 30% na prvni nakup","SC-9HZN-HHGD","2019-05-01","2019-12-31",""
welcome,"sconto_cz","Sleva 30% na prvni nakup","SC-L8ZC-NHP5","2019-05-01","2019-12-31",""
welcome,"sconto_cz","Sleva 30% na prvni nakup","SC-LGZC-ZDCD","2019-05-01","2019-12-31",""
welcome,"sconto_cz","Sleva 30% na prvni nakup","SC-LFZC-GXHD","2019-05-01","2019-12-31",""
welcome,"sconto_cz","Sleva 30% na prvni nakup","SC-LKZC-W9NX","2019-05-01","2019-12-31",""
welcome,"sconto_cz","Sleva 30% na prvni nakup","SC-LNZC-EFNL","2019-05-01","2019-12-31",""
welcome,"sconto_cz","Sleva 30% na prvni nakup","SC-LCZC-XZFX","2019-05-01","2019-12-31",""
welcome,"sconto_cz","Sleva 30% na prvni nakup","SC-L5ZC-PGDP","2019-05-01","2019-12-31",""
welcome,"sconto_cz","Sleva 30% na prvni nakup","SC-LDZC-PKZD","2019-05-01","2019-12-31",""
welcome,"sconto_cz","Sleva 30% na prvni nakup","SC-LXZC-DP5W","2019-05-01","2019-12-31",""
welcome,"sconto_cz","Sleva 30% na prvni nakup","SC-LWZC-NXPD","2019-05-01","2019-12-31",""
welcome,"sconto_cz","Sleva 30% na prvni nakup","SC-LEZC-CEPP","2019-05-01","2019-12-31",""
welcome,"sconto_cz","Sleva 30% na prvni nakup","SC-L9ZC-58F5","2019-05-01","2019-12-31",""
welcome,"sconto_cz","Sleva 30% na prvni nakup","SC-LLZC-XWWX","2019-05-01","2019-12-31",""
welcome,"sconto_cz","Sleva 30% na prvni nakup","SC-LPZC-85NZ","2019-05-01","2019-12-31",""
welcome,"sconto_cz","Sleva 30% na prvni nakup","SC-LZZC-FLHH","2019-05-01","2019-12-31",""
welcome,"sconto_cz","Sleva 30% na prvni nakup","SC-LHZC-X8HG","2019-05-01","2019-12-31",""
welcome,"sconto_cz","Sleva 30% na prvni nakup","SC-P8ZC-KNPN","2019-05-01","2019-12-31",""
welcome,"sconto_cz","Sleva 30% na prvni nakup","SC-PGZC-FN5X","2019-05-01","2019-12-31",""
welcome,"sconto_cz","Sleva 30% na prvni nakup","SC-PFZC-GZZG","2019-05-01","2019-12-31",""
welcome,"sconto_cz","Sleva 30% na prvni nakup","SC-PKZC-W8LN","2019-05-01","2019-12-31",""
welcome,"sconto_cz","Sleva 30% na prvni nakup","SC-PNZC-LZNK","2019-05-01","2019-12-31",""
welcome,"sconto_cz","Sleva 30% na prvni nakup","SC-PCZC-H9LL","2019-05-01","2019-12-31",""
welcome,"sconto_cz","Sleva 30% na prvni nakup","SC-P5ZC-N88D","2019-05-01","2019-12-31",""
welcome,"sconto_cz","Sleva 30% na prvni nakup","SC-PDZC-ZX9W","2019-05-01","2019-12-31",""
welcome,"sconto_cz","Sleva 30% na prvni nakup","SC-PXZC-F89F","2019-05-01","2019-12-31",""
welcome,"sconto_cz","Sleva 30% na prvni nakup","SC-PWZC-LE8N","2019-05-01","2019-12-31",""
welcome,"sconto_cz","Sleva 30% na prvni nakup","SC-PEZC-DGKW","2019-05-01","2019-12-31",""
welcome,"sconto_cz","Sleva 30% na prvni nakup","SC-P9ZC-CL9W","2019-05-01","2019-12-31",""
welcome,"sconto_cz","Sleva 30% na prvni nakup","SC-PLZC-NHGG","2019-05-01","2019-12-31",""
welcome,"sconto_cz","Sleva 30% na prvni nakup","SC-PPZC-H55P","2019-05-01","2019-12-31",""
welcome,"sconto_cz","Sleva 30% na prvni nakup","SC-PZZC-W8WC","2019-05-01","2019-12-31",""
welcome,"sconto_cz","Sleva 30% na prvni nakup","SC-PHZC-L5LK","2019-05-01","2019-12-31",""
welcome,"sconto_cz","Sleva 30% na prvni nakup","SC-Z8ZC-HXZX","2019-05-01","2019-12-31",""
welcome,"sconto_cz","Sleva 30% na prvni nakup","SC-ZGZC-WCWN","2019-05-01","2019-12-31",""
welcome,"sconto_cz","Sleva 30% na prvni nakup","SC-ZFZC-ZNEN","2019-05-01","2019-12-31",""
welcome,"sconto_cz","Sleva 30% na prvni nakup","SC-ZKZC-C9DG","2019-05-01","2019-12-31",""
welcome,"sconto_cz","Sleva 30% na prvni nakup","SC-ZNZC-WGGC","2019-05-01","2019-12-31",""
welcome,"sconto_cz","Sleva 30% na prvni nakup","SC-ZCZC-EPE5","2019-05-01","2019-12-31",""
welcome,"sconto_cz","Sleva 30% na prvni nakup","SC-Z5ZC-LLN5","2019-05-01","2019-12-31",""
welcome,"sconto_cz","Sleva 30% na prvni nakup","SC-ZDZC-HECD","2019-05-01","2019-12-31",""
welcome,"sconto_cz","Sleva 30% na prvni nakup","SC-ZXZC-FHX9","2019-05-01","2019-12-31",""
welcome,"sconto_cz","Sleva 30% na prvni nakup","SC-ZWZC-9F5E","2019-05-01","2019-12-31",""
welcome,"sconto_cz","Sleva 30% na prvni nakup","SC-ZEZC-ZKED","2019-05-01","2019-12-31",""
welcome,"sconto_cz","Sleva 30% na prvni nakup","SC-Z9ZC-EPLP","2019-05-01","2019-12-31",""
welcome,"sconto_cz","Sleva 30% na prvni nakup","SC-ZLZC-GPZH","2019-05-01","2019-12-31",""
welcome,"sconto_cz","Sleva 30% na prvni nakup","SC-ZPZC-NZCH","2019-05-01","2019-12-31",""
welcome,"sconto_cz","Sleva 30% na prvni nakup","SC-ZZZC-ZNGN","2019-05-01","2019-12-31",""
welcome,"sconto_cz","Sleva 30% na prvni nakup","SC-ZHZC-FKZC","2019-05-01","2019-12-31",""
welcome,"sconto_cz","Sleva 30% na prvni nakup","SC-H8ZC-GH9N","2019-05-01","2019-12-31",""
welcome,"sconto_cz","Sleva 30% na prvni nakup","SC-HGZC-NN9W","2019-05-01","2019-12-31",""
welcome,"sconto_cz","Sleva 30% na prvni nakup","SC-HFZC-ELPN","2019-05-01","2019-12-31",""
welcome,"sconto_cz","Sleva 30% na prvni nakup","SC-HKZC-958C","2019-05-01","2019-12-31",""
welcome,"sconto_cz","Sleva 30% na prvni nakup","SC-HNZC-DWXZ","2019-05-01","2019-12-31",""
welcome,"sconto_cz","Sleva 30% na prvni nakup","SC-HCZC-EFE8","2019-05-01","2019-12-31",""
welcome,"sconto_cz","Sleva 30% na prvni nakup","SC-H5ZC-95FF","2019-05-01","2019-12-31",""
welcome,"sconto_cz","Sleva 30% na prvni nakup","SC-HDZC-XZLK","2019-05-01","2019-12-31",""
welcome,"sconto_cz","Sleva 30% na prvni nakup","SC-HXZC-9WH8","2019-05-01","2019-12-31",""
welcome,"sconto_cz","Sleva 30% na prvni nakup","SC-HWZC-KLWH","2019-05-01","2019-12-31",""
welcome,"sconto_cz","Sleva 30% na prvni nakup","SC-HEZC-D9L8","2019-05-01","2019-12-31",""
welcome,"sconto_cz","Sleva 30% na prvni nakup","SC-H9ZC-EFWL","2019-05-01","2019-12-31",""
welcome,"sconto_cz","Sleva 30% na prvni nakup","SC-HLZC-GX8C","2019-05-01","2019-12-31",""
welcome,"sconto_cz","Sleva 30% na prvni nakup","SC-HPZC-5XXW","2019-05-01","2019-12-31",""
welcome,"sconto_cz","Sleva 30% na prvni nakup","SC-HZZC-ZZC9","2019-05-01","2019-12-31",""
welcome,"sconto_cz","Sleva 30% na prvni nakup","SC-HHZC-Z5LH","2019-05-01","2019-12-31",""
welcome,"sconto_cz","Sleva 30% na prvni nakup","SC-88ZC-8N8W","2019-05-01","2019-12-31",""
welcome,"sconto_cz","Sleva 30% na prvni nakup","SC-8GZC-FC9D","2019-05-01","2019-12-31",""
welcome,"sconto_cz","Sleva 30% na prvni nakup","SC-8FZC-FHDC","2019-05-01","2019-12-31",""
welcome,"sconto_cz","Sleva 30% na prvni nakup","SC-8KZC-XDP5","2019-05-01","2019-12-31",""
welcome,"sconto_cz","Sleva 30% na prvni nakup","SC-8NZC-KZDN","2019-05-01","2019-12-31",""
welcome,"sconto_cz","Sleva 30% na prvni nakup","SC-8CZC-H5P5","2019-05-01","2019-12-31",""
welcome,"sconto_cz","Sleva 30% na prvni nakup","SC-85ZC-KDDK","2019-05-01","2019-12-31",""
welcome,"sconto_cz","Sleva 30% na prvni nakup","SC-8DZC-KWNG","2019-05-01","2019-12-31",""
welcome,"sconto_cz","Sleva 30% na prvni nakup","SC-8XZC-DZPL","2019-05-01","2019-12-31",""
welcome,"sconto_cz","Sleva 30% na prvni nakup","SC-8WZC-CX5C","2019-05-01","2019-12-31",""
welcome,"sconto_cz","Sleva 30% na prvni nakup","SC-8EZC-EPLL","2019-05-01","2019-12-31",""
welcome,"sconto_cz","Sleva 30% na prvni nakup","SC-89ZC-5959","2019-05-01","2019-12-31",""
welcome,"sconto_cz","Sleva 30% na prvni nakup","SC-8LZC-FDCC","2019-05-01","2019-12-31",""
welcome,"sconto_cz","Sleva 30% na prvni nakup","SC-8PZC-LE5E","2019-05-01","2019-12-31",""
welcome,"sconto_cz","Sleva 30% na prvni nakup","SC-8ZZC-WLFW","2019-05-01","2019-12-31",""
welcome,"sconto_cz","Sleva 30% na prvni nakup","SC-8HZC-K555","2019-05-01","2019-12-31",""
welcome,"sconto_cz","Sleva 30% na prvni nakup","SC-G8ZC-HXCK","2019-05-01","2019-12-31",""
welcome,"sconto_cz","Sleva 30% na prvni nakup","SC-GGZC-W8KE","2019-05-01","2019-12-31",""
welcome,"sconto_cz","Sleva 30% na prvni nakup","SC-GFZC-F5FF","2019-05-01","2019-12-31",""
welcome,"sconto_cz","Sleva 30% na prvni nakup","SC-GKZC-EPKX","2019-05-01","2019-12-31",""
welcome,"sconto_cz","Sleva 30% na prvni nakup","SC-GNZC-XDCN","2019-05-01","2019-12-31",""
welcome,"sconto_cz","Sleva 30% na prvni nakup","SC-GCZC-CKNF","2019-05-01","2019-12-31",""
welcome,"sconto_cz","Sleva 30% na prvni nakup","SC-G5ZC-CDZZ","2019-05-01","2019-12-31",""
welcome,"sconto_cz","Sleva 30% na prvni nakup","SC-GDZC-LPHZ","2019-05-01","2019-12-31",""
welcome,"sconto_cz","Sleva 30% na prvni nakup","SC-GXZC-CKFF","2019-05-01","2019-12-31",""
welcome,"sconto_cz","Sleva 30% na prvni nakup","SC-GWZC-ZLN8","2019-05-01","2019-12-31",""
welcome,"sconto_cz","Sleva 30% na prvni nakup","SC-GEZC-KP8W","2019-05-01","2019-12-31",""
welcome,"sconto_cz","Sleva 30% na prvni nakup","SC-G9ZC-KH8K","2019-05-01","2019-12-31",""
welcome,"sconto_cz","Sleva 30% na prvni nakup","SC-GLZC-5DE9","2019-05-01","2019-12-31",""
welcome,"sconto_cz","Sleva 30% na prvni nakup","SC-GPZC-XPGP","2019-05-01","2019-12-31",""
welcome,"sconto_cz","Sleva 30% na prvni nakup","SC-GZZC-LX9L","2019-05-01","2019-12-31",""
welcome,"sconto_cz","Sleva 30% na prvni nakup","SC-GHZC-WC5F","2019-05-01","2019-12-31",""
welcome,"sconto_cz","Sleva 30% na prvni nakup","SC-F8ZC-LDZX","2019-05-01","2019-12-31",""
welcome,"sconto_cz","Sleva 30% na prvni nakup","SC-FGZC-NLXF","2019-05-01","2019-12-31",""
welcome,"sconto_cz","Sleva 30% na prvni nakup","SC-FFZC-HLNK","2019-05-01","2019-12-31",""
welcome,"sconto_cz","Sleva 30% na prvni nakup","SC-FKZC-E9K8","2019-05-01","2019-12-31",""
welcome,"sconto_cz","Sleva 30% na prvni nakup","SC-FNZC-H598","2019-05-01","2019-12-31",""
welcome,"sconto_cz","Sleva 30% na prvni nakup","SC-FCZC-NXWL","2019-05-01","2019-12-31",""
welcome,"sconto_cz","Sleva 30% na prvni nakup","SC-F5ZC-W99F","2019-05-01","2019-12-31",""
welcome,"sconto_cz","Sleva 30% na prvni nakup","SC-FDZC-CNK9","2019-05-01","2019-12-31",""
welcome,"sconto_cz","Sleva 30% na prvni nakup","SC-FXZC-9HW8","2019-05-01","2019-12-31",""
welcome,"sconto_cz","Sleva 30% na prvni nakup","SC-FWZC-DHZ8","2019-05-01","2019-12-31",""
welcome,"sconto_cz","Sleva 30% na prvni nakup","SC-FEZC-L9HK","2019-05-01","2019-12-31",""
welcome,"sconto_cz","Sleva 30% na prvni nakup","SC-F9ZC-CFPE","2019-05-01","2019-12-31",""
welcome,"sconto_cz","Sleva 30% na prvni nakup","SC-FLZC-F9HE","2019-05-01","2019-12-31",""
welcome,"sconto_cz","Sleva 30% na prvni nakup","SC-FPZC-L88F","2019-05-01","2019-12-31",""
welcome,"sconto_cz","Sleva 30% na prvni nakup","SC-FZZC-NHXL","2019-05-01","2019-12-31",""
welcome,"sconto_cz","Sleva 30% na prvni nakup","SC-FHZC-WXG9","2019-05-01","2019-12-31",""
welcome,"sconto_cz","Sleva 30% na prvni nakup","SC-K8ZC-8NPD","2019-05-01","2019-12-31",""
welcome,"sconto_cz","Sleva 30% na prvni nakup","SC-KGZC-DXHP","2019-05-01","2019-12-31",""
welcome,"sconto_cz","Sleva 30% na prvni nakup","SC-KFZC-HZEE","2019-05-01","2019-12-31",""
welcome,"sconto_cz","Sleva 30% na prvni nakup","SC-KKZC-CNZX","2019-05-01","2019-12-31",""
welcome,"sconto_cz","Sleva 30% na prvni nakup","SC-KNZC-PCX8","2019-05-01","2019-12-31",""
welcome,"sconto_cz","Sleva 30% na prvni nakup","SC-KCZC-XDLF","2019-05-01","2019-12-31",""
welcome,"sconto_cz","Sleva 30% na prvni nakup","SC-K5ZC-DZG5","2019-05-01","2019-12-31",""
welcome,"sconto_cz","Sleva 30% na prvni nakup","SC-KDZC-PE5G","2019-05-01","2019-12-31",""
welcome,"sconto_cz","Sleva 30% na prvni nakup","SC-KXZC-LNWK","2019-05-01","2019-12-31",""
welcome,"sconto_cz","Sleva 30% na prvni nakup","SC-KWZC-PNFW","2019-05-01","2019-12-31",""
welcome,"sconto_cz","Sleva 30% na prvni nakup","SC-KEZC-EL9X","2019-05-01","2019-12-31",""
welcome,"sconto_cz","Sleva 30% na prvni nakup","SC-K9ZC-EGE8","2019-05-01","2019-12-31",""
welcome,"sconto_cz","Sleva 30% na prvni nakup","SC-KLZC-K8CL","2019-05-01","2019-12-31",""
welcome,"sconto_cz","Sleva 30% na prvni nakup","SC-KPZC-DD9X","2019-05-01","2019-12-31",""
welcome,"sconto_cz","Sleva 30% na prvni nakup","SC-KZZC-LDXC","2019-05-01","2019-12-31",""
welcome,"sconto_cz","Sleva 30% na prvni nakup","SC-KHZC-DXXD","2019-05-01","2019-12-31",""
welcome,"sconto_cz","Sleva 30% na prvni nakup","SC-N8ZC-EGWZ","2019-05-01","2019-12-31",""
welcome,"sconto_cz","Sleva 30% na prvni nakup","SC-NGZC-PFZX","2019-05-01","2019-12-31",""
welcome,"sconto_cz","Sleva 30% na prvni nakup","SC-NFZC-KNFP","2019-05-01","2019-12-31",""
welcome,"sconto_cz","Sleva 30% na prvni nakup","SC-NKZC-DF85","2019-05-01","2019-12-31",""
welcome,"sconto_cz","Sleva 30% na prvni nakup","SC-NNZC-GDWD","2019-05-01","2019-12-31",""
welcome,"sconto_cz","Sleva 30% na prvni nakup","SC-NCZC-L55C","2019-05-01","2019-12-31",""
welcome,"sconto_cz","Sleva 30% na prvni nakup","SC-N5ZC-PNFG","2019-05-01","2019-12-31",""
welcome,"sconto_cz","Sleva 30% na prvni nakup","SC-NDZC-XPDG","2019-05-01","2019-12-31",""
welcome,"sconto_cz","Sleva 30% na prvni nakup","SC-NXZC-ELCL","2019-05-01","2019-12-31",""
welcome,"sconto_cz","Sleva 30% na prvni nakup","SC-NWZC-8FGZ","2019-05-01","2019-12-31",""
welcome,"sconto_cz","Sleva 30% na prvni nakup","SC-NEZC-C98W","2019-05-01","2019-12-31",""
welcome,"sconto_cz","Sleva 30% na prvni nakup","SC-N9ZC-ZEZC","2019-05-01","2019-12-31",""
welcome,"sconto_cz","Sleva 30% na prvni nakup","SC-NLZC-HD89","2019-05-01","2019-12-31",""
welcome,"sconto_cz","Sleva 30% na prvni nakup","SC-NPZC-CLLK","2019-05-01","2019-12-31",""
welcome,"sconto_cz","Sleva 30% na prvni nakup","SC-NZZC-WKDG","2019-05-01","2019-12-31",""
welcome,"sconto_cz","Sleva 30% na prvni nakup","SC-NHZC-55GP","2019-05-01","2019-12-31",""
welcome,"sconto_cz","Sleva 30% na prvni nakup","SC-C8ZC-EZHC","2019-05-01","2019-12-31",""
welcome,"sconto_cz","Sleva 30% na prvni nakup","SC-CGZC-GCP8","2019-05-01","2019-12-31",""
welcome,"sconto_cz","Sleva 30% na prvni nakup","SC-CFZC-C9GW","2019-05-01","2019-12-31",""
welcome,"sconto_cz","Sleva 30% na prvni nakup","SC-CKZC-5FEE","2019-05-01","2019-12-31",""
welcome,"sconto_cz","Sleva 30% na prvni nakup","SC-CNZC-DX95","2019-05-01","2019-12-31",""
welcome,"sconto_cz","Sleva 30% na prvni nakup","SC-CCZC-GHGN","2019-05-01","2019-12-31",""
welcome,"sconto_cz","Sleva 30% na prvni nakup","SC-C5ZC-PHW5","2019-05-01","2019-12-31",""
welcome,"sconto_cz","Sleva 30% na prvni nakup","SC-CDZC-K5P5","2019-05-01","2019-12-31",""
welcome,"sconto_cz","Sleva 30% na prvni nakup","SC-CXZC-E5W8","2019-05-01","2019-12-31",""
welcome,"sconto_cz","Sleva 30% na prvni nakup","SC-CWZC-5ECF","2019-05-01","2019-12-31",""
welcome,"sconto_cz","Sleva 30% na prvni nakup","SC-CEZC-GCZH","2019-05-01","2019-12-31",""
welcome,"sconto_cz","Sleva 30% na prvni nakup","SC-C9ZC-WDZX","2019-05-01","2019-12-31",""
welcome,"sconto_cz","Sleva 30% na prvni nakup","SC-CLZC-HHCL","2019-05-01","2019-12-31",""
welcome,"sconto_cz","Sleva 30% na prvni nakup","SC-CPZC-HP5C","2019-05-01","2019-12-31",""
welcome,"sconto_cz","Sleva 30% na prvni nakup","SC-CZZC-X5HW","2019-05-01","2019-12-31",""
welcome,"sconto_cz","Sleva 30% na prvni nakup","SC-CHZC-XWLZ","2019-05-01","2019-12-31",""
welcome,"sconto_cz","Sleva 30% na prvni nakup","SC-58ZC-XFEE","2019-05-01","2019-12-31",""
welcome,"sconto_cz","Sleva 30% na prvni nakup","SC-5GZC-NNDN","2019-05-01","2019-12-31",""
welcome,"sconto_cz","Sleva 30% na prvni nakup","SC-5FZC-KDDD","2019-05-01","2019-12-31",""
welcome,"sconto_cz","Sleva 30% na prvni nakup","SC-5KZC-WZC8","2019-05-01","2019-12-31",""
welcome,"sconto_cz","Sleva 30% na prvni nakup","SC-5NZC-KCDK","2019-05-01","2019-12-31",""
welcome,"sconto_cz","Sleva 30% na prvni nakup","SC-5CZC-EXHH","2019-05-01","2019-12-31",""
welcome,"sconto_cz","Sleva 30% na prvni nakup","SC-55ZC-KPHG","2019-05-01","2019-12-31",""
welcome,"sconto_cz","Sleva 30% na prvni nakup","SC-5DZC-LXX5","2019-05-01","2019-12-31",""
welcome,"sconto_cz","Sleva 30% na prvni nakup","SC-5XZC-89PX","2019-05-01","2019-12-31",""
welcome,"sconto_cz","Sleva 30% na prvni nakup","SC-5WZC-DGGD","2019-05-01","2019-12-31",""
welcome,"sconto_cz","Sleva 30% na prvni nakup","SC-5EZC-9GKG","2019-05-01","2019-12-31",""
welcome,"sconto_cz","Sleva 30% na prvni nakup","SC-59ZC-NNKK","2019-05-01","2019-12-31",""
welcome,"sconto_cz","Sleva 30% na prvni nakup","SC-5LZC-5HNF","2019-05-01","2019-12-31",""
welcome,"sconto_cz","Sleva 30% na prvni nakup","SC-5PZC-5EWZ","2019-05-01","2019-12-31",""
welcome,"sconto_cz","Sleva 30% na prvni nakup","SC-5ZZC-KXFZ","2019-05-01","2019-12-31",""
welcome,"sconto_cz","Sleva 30% na prvni nakup","SC-5HZC-XCCZ","2019-05-01","2019-12-31",""
welcome,"sconto_cz","Sleva 30% na prvni nakup","SC-D8ZC-5W8L","2019-05-01","2019-12-31",""
welcome,"sconto_cz","Sleva 30% na prvni nakup","SC-DGZC-DCP9","2019-05-01","2019-12-31",""
welcome,"sconto_cz","Sleva 30% na prvni nakup","SC-DFZC-N9GX","2019-05-01","2019-12-31",""
welcome,"sconto_cz","Sleva 30% na prvni nakup","SC-DKZC-EPDP","2019-05-01","2019-12-31",""
welcome,"sconto_cz","Sleva 30% na prvni nakup","SC-DNZC-D5NN","2019-05-01","2019-12-31",""
welcome,"sconto_cz","Sleva 30% na prvni nakup","SC-DCZC-XFNZ","2019-05-01","2019-12-31",""
welcome,"sconto_cz","Sleva 30% na prvni nakup","SC-D5ZC-EP8L","2019-05-01","2019-12-31",""
welcome,"sconto_cz","Sleva 30% na prvni nakup","SC-DDZC-GZK5","2019-05-01","2019-12-31",""
welcome,"sconto_cz","Sleva 30% na prvni nakup","SC-DXZC-PZEL","2019-05-01","2019-12-31",""
welcome,"sconto_cz","Sleva 30% na prvni nakup","SC-DWZC-8XN8","2019-05-01","2019-12-31",""
welcome,"sconto_cz","Sleva 30% na prvni nakup","SC-DEZC-GZPK","2019-05-01","2019-12-31",""
welcome,"sconto_cz","Sleva 30% na prvni nakup","SC-D9ZC-LPKZ","2019-05-01","2019-12-31",""
welcome,"sconto_cz","Sleva 30% na prvni nakup","SC-DLZC-XXGP","2019-05-01","2019-12-31",""
welcome,"sconto_cz","Sleva 30% na prvni nakup","SC-DPZC-5X5G","2019-05-01","2019-12-31",""
welcome,"sconto_cz","Sleva 30% na prvni nakup","SC-DZZC-H5LG","2019-05-01","2019-12-31",""
welcome,"sconto_cz","Sleva 30% na prvni nakup","SC-DHZC-FK8P","2019-05-01","2019-12-31",""
welcome,"sconto_cz","Sleva 30% na prvni nakup","SC-X8ZC-WZ5K","2019-05-01","2019-12-31",""
welcome,"sconto_cz","Sleva 30% na prvni nakup","SC-XGZC-W8DK","2019-05-01","2019-12-31",""
welcome,"sconto_cz","Sleva 30% na prvni nakup","SC-XFZC-C9LL","2019-05-01","2019-12-31",""
welcome,"sconto_cz","Sleva 30% na prvni nakup","SC-XKZC-LL9Z","2019-05-01","2019-12-31",""
welcome,"sconto_cz","Sleva 30% na prvni nakup","SC-XNZC-9FEF","2019-05-01","2019-12-31",""
welcome,"sconto_cz","Sleva 30% na prvni nakup","SC-XCZC-98PP","2019-05-01","2019-12-31",""
welcome,"sconto_cz","Sleva 30% na prvni nakup","SC-X5ZC-FFKF","2019-05-01","2019-12-31",""
welcome,"sconto_cz","Sleva 30% na prvni nakup","SC-XDZC-GDFP","2019-05-01","2019-12-31",""
welcome,"sconto_cz","Sleva 30% na prvni nakup","SC-XXZC-ZGNX","2019-05-01","2019-12-31",""
welcome,"sconto_cz","Sleva 30% na prvni nakup","SC-XWZC-K9CP","2019-05-01","2019-12-31",""
welcome,"sconto_cz","Sleva 30% na prvni nakup","SC-XEZC-HFZF","2019-05-01","2019-12-31",""
welcome,"sconto_cz","Sleva 30% na prvni nakup","SC-X9ZC-PCL5","2019-05-01","2019-12-31",""
welcome,"sconto_cz","Sleva 30% na prvni nakup","SC-XLZC-HZLX","2019-05-01","2019-12-31",""
welcome,"sconto_cz","Sleva 30% na prvni nakup","SC-XPZC-EDL5","2019-05-01","2019-12-31",""
welcome,"sconto_cz","Sleva 30% na prvni nakup","SC-XZZC-EGND","2019-05-01","2019-12-31",""
welcome,"sconto_cz","Sleva 30% na prvni nakup","SC-XHZC-GX58","2019-05-01","2019-12-31",""
welcome,"sconto_cz","Sleva 30% na prvni nakup","SC-W8ZC-HXF9","2019-05-01","2019-12-31",""
welcome,"sconto_cz","Sleva 30% na prvni nakup","SC-WGZC-8NLG","2019-05-01","2019-12-31",""
welcome,"sconto_cz","Sleva 30% na prvni nakup","SC-WFZC-WFED","2019-05-01","2019-12-31",""
welcome,"sconto_cz","Sleva 30% na prvni nakup","SC-WKZC-E5FP","2019-05-01","2019-12-31",""
welcome,"sconto_cz","Sleva 30% na prvni nakup","SC-WNZC-CH5X","2019-05-01","2019-12-31",""
welcome,"sconto_cz","Sleva 30% na prvni nakup","SC-WCZC-FH9F","2019-05-01","2019-12-31",""
welcome,"sconto_cz","Sleva 30% na prvni nakup","SC-W5ZC-N5GF","2019-05-01","2019-12-31",""
welcome,"sconto_cz","Sleva 30% na prvni nakup","SC-WDZC-E8WH","2019-05-01","2019-12-31",""
welcome,"sconto_cz","Sleva 30% na prvni nakup","SC-WXZC-WKPX","2019-05-01","2019-12-31",""
welcome,"sconto_cz","Sleva 30% na prvni nakup","SC-WWZC-CHCF","2019-05-01","2019-12-31",""
welcome,"sconto_cz","Sleva 30% na prvni nakup","SC-WEZC-H8GX","2019-05-01","2019-12-31",""
welcome,"sconto_cz","Sleva 30% na prvni nakup","SC-W9ZC-89DX","2019-05-01","2019-12-31",""
welcome,"sconto_cz","Sleva 30% na prvni nakup","SC-WLZC-8ZEN","2019-05-01","2019-12-31",""
welcome,"sconto_cz","Sleva 30% na prvni nakup","SC-WPZC-FGEF","2019-05-01","2019-12-31",""
welcome,"sconto_cz","Sleva 30% na prvni nakup","SC-WZZC-5DZD","2019-05-01","2019-12-31",""
welcome,"sconto_cz","Sleva 30% na prvni nakup","SC-WHZC-P5FD","2019-05-01","2019-12-31",""
welcome,"sconto_cz","Sleva 30% na prvni nakup","SC-E8ZC-NXPF","2019-05-01","2019-12-31",""
welcome,"sconto_cz","Sleva 30% na prvni nakup","SC-EGZC-ZPX9","2019-05-01","2019-12-31",""
welcome,"sconto_cz","Sleva 30% na prvni nakup","SC-EFZC-5NWE","2019-05-01","2019-12-31",""
welcome,"sconto_cz","Sleva 30% na prvni nakup","SC-EKZC-GDFE","2019-05-01","2019-12-31",""
welcome,"sconto_cz","Sleva 30% na prvni nakup","SC-ENZC-XKFD","2019-05-01","2019-12-31",""
welcome,"sconto_cz","Sleva 30% na prvni nakup","SC-ECZC-WHXL","2019-05-01","2019-12-31",""
welcome,"sconto_cz","Sleva 30% na prvni nakup","SC-E5ZC-8PXH","2019-05-01","2019-12-31",""
welcome,"sconto_cz","Sleva 30% na prvni nakup","SC-EDZC-NPXL","2019-05-01","2019-12-31",""
welcome,"sconto_cz","Sleva 30% na prvni nakup","SC-EXZC-NLGG","2019-05-01","2019-12-31",""
welcome,"sconto_cz","Sleva 30% na prvni nakup","SC-EWZC-WKCD","2019-05-01","2019-12-31",""
welcome,"sconto_cz","Sleva 30% na prvni nakup","SC-EEZC-P8DF","2019-05-01","2019-12-31",""
welcome,"sconto_cz","Sleva 30% na prvni nakup","SC-E9ZC-XLC5","2019-05-01","2019-12-31",""
welcome,"sconto_cz","Sleva 30% na prvni nakup","SC-ELZC-8PWD","2019-05-01","2019-12-31",""
welcome,"sconto_cz","Sleva 30% na prvni nakup","SC-EPZC-KZ8W","2019-05-01","2019-12-31",""
welcome,"sconto_cz","Sleva 30% na prvni nakup","SC-EZZC-XKKX","2019-05-01","2019-12-31",""
welcome,"sconto_cz","Sleva 30% na prvni nakup","SC-EHZC-9DFX","2019-05-01","2019-12-31",""
welcome,"sconto_cz","Sleva 30% na prvni nakup","SC-98ZC-FDZL","2019-05-01","2019-12-31",""
welcome,"sconto_cz","Sleva 30% na prvni nakup","SC-9GZC-KNKE","2019-05-01","2019-12-31",""
welcome,"sconto_cz","Sleva 30% na prvni nakup","SC-9FZC-ZDHL","2019-05-01","2019-12-31",""
welcome,"sconto_cz","Sleva 30% na prvni nakup","SC-9KZC-GXPX","2019-05-01","2019-12-31",""
welcome,"sconto_cz","Sleva 30% na prvni nakup","SC-9NZC-9NLE","2019-05-01","2019-12-31",""
welcome,"sconto_cz","Sleva 30% na prvni nakup","SC-9CZC-5PLL","2019-05-01","2019-12-31",""
welcome,"sconto_cz","Sleva 30% na prvni nakup","SC-95ZC-ENGH","2019-05-01","2019-12-31",""
welcome,"sconto_cz","Sleva 30% na prvni nakup","SC-9DZC-PPL8","2019-05-01","2019-12-31",""
welcome,"sconto_cz","Sleva 30% na prvni nakup","SC-9XZC-8DKX","2019-05-01","2019-12-31",""
welcome,"sconto_cz","Sleva 30% na prvni nakup","SC-9WZC-NH9K","2019-05-01","2019-12-31",""
welcome,"sconto_cz","Sleva 30% na prvni nakup","SC-9EZC-8EPK","2019-05-01","2019-12-31",""
welcome,"sconto_cz","Sleva 30% na prvni nakup","SC-99ZC-GKFN","2019-05-01","2019-12-31",""
welcome,"sconto_cz","Sleva 30% na prvni nakup","SC-9LZC-W559","2019-05-01","2019-12-31",""
welcome,"sconto_cz","Sleva 30% na prvni nakup","SC-9PZC-XHPK","2019-05-01","2019-12-31",""
welcome,"sconto_cz","Sleva 30% na prvni nakup","SC-9ZZC-KGWE","2019-05-01","2019-12-31",""
welcome,"sconto_cz","Sleva 30% na prvni nakup","SC-9HZC-5DLD","2019-05-01","2019-12-31",""
welcome,"sconto_cz","Sleva 30% na prvni nakup","SC-L8Z5-55LK","2019-05-01","2019-12-31",""
welcome,"sconto_cz","Sleva 30% na prvni nakup","SC-LGZ5-DEX5","2019-05-01","2019-12-31",""
welcome,"sconto_cz","Sleva 30% na prvni nakup","SC-LFZ5-LGGH","2019-05-01","2019-12-31",""
welcome,"sconto_cz","Sleva 30% na prvni nakup","SC-LKZ5-EHXF","2019-05-01","2019-12-31",""
welcome,"sconto_cz","Sleva 30% na prvni nakup","SC-LNZ5-P9EL","2019-05-01","2019-12-31",""
welcome,"sconto_cz","Sleva 30% na prvni nakup","SC-LCZ5-ZGEK","2019-05-01","2019-12-31",""
welcome,"sconto_cz","Sleva 30% na prvni nakup","SC-L5Z5-9NPG","2019-05-01","2019-12-31",""
welcome,"sconto_cz","Sleva 30% na prvni nakup","SC-LDZ5-KK8F","2019-05-01","2019-12-31",""
welcome,"sconto_cz","Sleva 30% na prvni nakup","SC-LXZ5-XWN8","2019-05-01","2019-12-31",""
welcome,"sconto_cz","Sleva 30% na prvni nakup","SC-LWZ5-XLXL","2019-05-01","2019-12-31",""
welcome,"sconto_cz","Sleva 30% na prvni nakup","SC-LEZ5-ELLH","2019-05-01","2019-12-31",""
welcome,"sconto_cz","Sleva 30% na prvni nakup","SC-L9Z5-FDW8","2019-05-01","2019-12-31",""
welcome,"sconto_cz","Sleva 30% na prvni nakup","SC-LLZ5-KDFK","2019-05-01","2019-12-31",""
welcome,"sconto_cz","Sleva 30% na prvni nakup","SC-LPZ5-EHHW","2019-05-01","2019-12-31",""
welcome,"sconto_cz","Sleva 30% na prvni nakup","SC-LZZ5-ENW5","2019-05-01","2019-12-31",""
welcome,"sconto_cz","Sleva 30% na prvni nakup","SC-LHZ5-GGPE","2019-05-01","2019-12-31",""
welcome,"sconto_cz","Sleva 30% na prvni nakup","SC-P8Z5-FGLF","2019-05-01","2019-12-31",""
welcome,"sconto_cz","Sleva 30% na prvni nakup","SC-PGZ5-CNLL","2019-05-01","2019-12-31",""
welcome,"sconto_cz","Sleva 30% na prvni nakup","SC-PFZ5-WHWP","2019-05-01","2019-12-31",""
welcome,"sconto_cz","Sleva 30% na prvni nakup","SC-PKZ5-8ZCG","2019-05-01","2019-12-31",""
welcome,"sconto_cz","Sleva 30% na prvni nakup","SC-PNZ5-CLEN","2019-05-01","2019-12-31",""
welcome,"sconto_cz","Sleva 30% na prvni nakup","SC-PCZ5-WXXF","2019-05-01","2019-12-31",""
welcome,"sconto_cz","Sleva 30% na prvni nakup","SC-P5Z5-W5DL","2019-05-01","2019-12-31",""
welcome,"sconto_cz","Sleva 30% na prvni nakup","SC-PDZ5-NHHZ","2019-05-01","2019-12-31",""
welcome,"sconto_cz","Sleva 30% na prvni nakup","SC-PXZ5-KDCH","2019-05-01","2019-12-31",""
welcome,"sconto_cz","Sleva 30% na prvni nakup","SC-PWZ5-E8P5","2019-05-01","2019-12-31",""
welcome,"sconto_cz","Sleva 30% na prvni nakup","SC-PEZ5-FLPG","2019-05-01","2019-12-31",""
welcome,"sconto_cz","Sleva 30% na prvni nakup","SC-P9Z5-5F8P","2019-05-01","2019-12-31",""
welcome,"sconto_cz","Sleva 30% na prvni nakup","SC-PLZ5-XKPF","2019-05-01","2019-12-31",""
welcome,"sconto_cz","Sleva 30% na prvni nakup","SC-PPZ5-GCF9","2019-05-01","2019-12-31",""
welcome,"sconto_cz","Sleva 30% na prvni nakup","SC-PZZ5-ZKFZ","2019-05-01","2019-12-31",""
welcome,"sconto_cz","Sleva 30% na prvni nakup","SC-PHZ5-5WDH","2019-05-01","2019-12-31",""
welcome,"sconto_cz","Sleva 30% na prvni nakup","SC-Z8Z5-KDFE","2019-05-01","2019-12-31",""
welcome,"sconto_cz","Sleva 30% na prvni nakup","SC-ZGZ5-L98L","2019-05-01","2019-12-31",""
welcome,"sconto_cz","Sleva 30% na prvni nakup","SC-ZFZ5-G88L","2019-05-01","2019-12-31",""
welcome,"sconto_cz","Sleva 30% na prvni nakup","SC-ZKZ5-CZGW","2019-05-01","2019-12-31",""
welcome,"sconto_cz","Sleva 30% na prvni nakup","SC-ZNZ5-CLXZ","2019-05-01","2019-12-31",""
welcome,"sconto_cz","Sleva 30% na prvni nakup","SC-ZCZ5-PDXK","2019-05-01","2019-12-31",""
welcome,"sconto_cz","Sleva 30% na prvni nakup","SC-Z5Z5-KKNW","2019-05-01","2019-12-31",""
welcome,"sconto_cz","Sleva 30% na prvni nakup","SC-ZDZ5-9WZ9","2019-05-01","2019-12-31",""
welcome,"sconto_cz","Sleva 30% na prvni nakup","SC-ZXZ5-DD5P","2019-05-01","2019-12-31",""
welcome,"sconto_cz","Sleva 30% na prvni nakup","SC-ZWZ5-KZXL","2019-05-01","2019-12-31",""
welcome,"sconto_cz","Sleva 30% na prvni nakup","SC-ZEZ5-9WWN","2019-05-01","2019-12-31",""
welcome,"sconto_cz","Sleva 30% na prvni nakup","SC-Z9Z5-5PD9","2019-05-01","2019-12-31",""
welcome,"sconto_cz","Sleva 30% na prvni nakup","SC-ZLZ5-XCEX","2019-05-01","2019-12-31",""
welcome,"sconto_cz","Sleva 30% na prvni nakup","SC-ZPZ5-555L","2019-05-01","2019-12-31",""
welcome,"sconto_cz","Sleva 30% na prvni nakup","SC-ZZZ5-5XDL","2019-05-01","2019-12-31",""
welcome,"sconto_cz","Sleva 30% na prvni nakup","SC-ZHZ5-XPDF","2019-05-01","2019-12-31",""
welcome,"sconto_cz","Sleva 30% na prvni nakup","SC-H8Z5-C9FZ","2019-05-01","2019-12-31",""
welcome,"sconto_cz","Sleva 30% na prvni nakup","SC-HGZ5-8K95","2019-05-01","2019-12-31",""
welcome,"sconto_cz","Sleva 30% na prvni nakup","SC-HFZ5-PPPD","2019-05-01","2019-12-31",""
welcome,"sconto_cz","Sleva 30% na prvni nakup","SC-HKZ5-LEGC","2019-05-01","2019-12-31",""
welcome,"sconto_cz","Sleva 30% na prvni nakup","SC-HNZ5-NHF9","2019-05-01","2019-12-31",""
welcome,"sconto_cz","Sleva 30% na prvni nakup","SC-HCZ5-HPLH","2019-05-01","2019-12-31",""
welcome,"sconto_cz","Sleva 30% na prvni nakup","SC-H5Z5-KDLZ","2019-05-01","2019-12-31",""
welcome,"sconto_cz","Sleva 30% na prvni nakup","SC-HDZ5-5HD8","2019-05-01","2019-12-31",""
welcome,"sconto_cz","Sleva 30% na prvni nakup","SC-HXZ5-ZEKN","2019-05-01","2019-12-31",""
welcome,"sconto_cz","Sleva 30% na prvni nakup","SC-HWZ5-G55N","2019-05-01","2019-12-31",""
welcome,"sconto_cz","Sleva 30% na prvni nakup","SC-HEZ5-PNCX","2019-05-01","2019-12-31",""
welcome,"sconto_cz","Sleva 30% na prvni nakup","SC-H9Z5-LXFE","2019-05-01","2019-12-31",""
welcome,"sconto_cz","Sleva 30% na prvni nakup","SC-HLZ5-FWXW","2019-05-01","2019-12-31",""
welcome,"sconto_cz","Sleva 30% na prvni nakup","SC-HPZ5-DENG","2019-05-01","2019-12-31",""
welcome,"sconto_cz","Sleva 30% na prvni nakup","SC-HZZ5-PWWD","2019-05-01","2019-12-31",""
welcome,"sconto_cz","Sleva 30% na prvni nakup","SC-HHZ5-XHHK","2019-05-01","2019-12-31",""
welcome,"sconto_cz","Sleva 30% na prvni nakup","SC-88Z5-HWHG","2019-05-01","2019-12-31",""
welcome,"sconto_cz","Sleva 30% na prvni nakup","SC-8GZ5-9FDK","2019-05-01","2019-12-31",""
welcome,"sconto_cz","Sleva 30% na prvni nakup","SC-8FZ5-NP8G","2019-05-01","2019-12-31",""
welcome,"sconto_cz","Sleva 30% na prvni nakup","SC-8KZ5-N95Z","2019-05-01","2019-12-31",""
welcome,"sconto_cz","Sleva 30% na prvni nakup","SC-8NZ5-NKDD","2019-05-01","2019-12-31",""
welcome,"sconto_cz","Sleva 30% na prvni nakup","SC-8CZ5-F8CH","2019-05-01","2019-12-31",""
welcome,"sconto_cz","Sleva 30% na prvni nakup","SC-85Z5-N88E","2019-05-01","2019-12-31",""
welcome,"sconto_cz","Sleva 30% na prvni nakup","SC-8DZ5-L8F9","2019-05-01","2019-12-31",""
welcome,"sconto_cz","Sleva 30% na prvni nakup","SC-8XZ5-5KWZ","2019-05-01","2019-12-31",""
welcome,"sconto_cz","Sleva 30% na prvni nakup","SC-8WZ5-PLZP","2019-05-01","2019-12-31",""
welcome,"sconto_cz","Sleva 30% na prvni nakup","SC-8EZ5-W9LL","2019-05-01","2019-12-31",""
welcome,"sconto_cz","Sleva 30% na prvni nakup","SC-89Z5-WL98","2019-05-01","2019-12-31",""
welcome,"sconto_cz","Sleva 30% na prvni nakup","SC-8LZ5-X8DD","2019-05-01","2019-12-31",""
welcome,"sconto_cz","Sleva 30% na prvni nakup","SC-8PZ5-8DWP","2019-05-01","2019-12-31",""
welcome,"sconto_cz","Sleva 30% na prvni nakup","SC-8ZZ5-LPCW","2019-05-01","2019-12-31",""
welcome,"sconto_cz","Sleva 30% na prvni nakup","SC-8HZ5-LW95","2019-05-01","2019-12-31",""
welcome,"sconto_cz","Sleva 30% na prvni nakup","SC-G8Z5-P8HH","2019-05-01","2019-12-31",""
welcome,"sconto_cz","Sleva 30% na prvni nakup","SC-GGZ5-ZZZ9","2019-05-01","2019-12-31",""
welcome,"sconto_cz","Sleva 30% na prvni nakup","SC-GFZ5-95FX","2019-05-01","2019-12-31",""
welcome,"sconto_cz","Sleva 30% na prvni nakup","SC-GKZ5-PLEL","2019-05-01","2019-12-31",""
welcome,"sconto_cz","Sleva 30% na prvni nakup","SC-GNZ5-XKPD","2019-05-01","2019-12-31",""
welcome,"sconto_cz","Sleva 30% na prvni nakup","SC-GCZ5-9CH9","2019-05-01","2019-12-31",""
welcome,"sconto_cz","Sleva 30% na prvni nakup","SC-G5Z5-PGWD","2019-05-01","2019-12-31",""
welcome,"sconto_cz","Sleva 30% na prvni nakup","SC-GDZ5-PKK9","2019-05-01","2019-12-31",""
welcome,"sconto_cz","Sleva 30% na prvni nakup","SC-GXZ5-LNLG","2019-05-01","2019-12-31",""
welcome,"sconto_cz","Sleva 30% na prvni nakup","SC-GWZ5-DNG9","2019-05-01","2019-12-31",""
welcome,"sconto_cz","Sleva 30% na prvni nakup","SC-GEZ5-FCC5","2019-05-01","2019-12-31",""
welcome,"sconto_cz","Sleva 30% na prvni nakup","SC-G9Z5-LPDW","2019-05-01","2019-12-31",""
welcome,"sconto_cz","Sleva 30% na prvni nakup","SC-GLZ5-DZ98","2019-05-01","2019-12-31",""
welcome,"sconto_cz","Sleva 30% na prvni nakup","SC-GPZ5-58NL","2019-05-01","2019-12-31",""
welcome,"sconto_cz","Sleva 30% na prvni nakup","SC-GZZ5-KNCX","2019-05-01","2019-12-31",""
welcome,"sconto_cz","Sleva 30% na prvni nakup","SC-GHZ5-W5PK","2019-05-01","2019-12-31",""
welcome,"sconto_cz","Sleva 30% na prvni nakup","SC-F8Z5-WZFD","2019-05-01","2019-12-31",""
welcome,"sconto_cz","Sleva 30% na prvni nakup","SC-FGZ5-CKZW","2019-05-01","2019-12-31",""
welcome,"sconto_cz","Sleva 30% na prvni nakup","SC-FFZ5-FGZZ","2019-05-01","2019-12-31",""
welcome,"sconto_cz","Sleva 30% na prvni nakup","SC-FKZ5-FNZ8","2019-05-01","2019-12-31",""
welcome,"sconto_cz","Sleva 30% na prvni nakup","SC-FNZ5-HFHP","2019-05-01","2019-12-31",""
welcome,"sconto_cz","Sleva 30% na prvni nakup","SC-FCZ5-NN88","2019-05-01","2019-12-31",""
welcome,"sconto_cz","Sleva 30% na prvni nakup","SC-F5Z5-P88L","2019-05-01","2019-12-31",""
welcome,"sconto_cz","Sleva 30% na prvni nakup","SC-FDZ5-HE5D","2019-05-01","2019-12-31",""
welcome,"sconto_cz","Sleva 30% na prvni nakup","SC-FXZ5-DGCZ","2019-05-01","2019-12-31",""
welcome,"sconto_cz","Sleva 30% na prvni nakup","SC-FWZ5-5GEG","2019-05-01","2019-12-31",""
welcome,"sconto_cz","Sleva 30% na prvni nakup","SC-FEZ5-H9PN","2019-05-01","2019-12-31",""
welcome,"sconto_cz","Sleva 30% na prvni nakup","SC-F9Z5-PNNZ","2019-05-01","2019-12-31",""
welcome,"sconto_cz","Sleva 30% na prvni nakup","SC-FLZ5-E9LN","2019-05-01","2019-12-31",""
welcome,"sconto_cz","Sleva 30% na prvni nakup","SC-FPZ5-D8WG","2019-05-01","2019-12-31",""
welcome,"sconto_cz","Sleva 30% na prvni nakup","SC-FZZ5-LH98","2019-05-01","2019-12-31",""
welcome,"sconto_cz","Sleva 30% na prvni nakup","SC-FHZ5-D5E9","2019-05-01","2019-12-31",""
welcome,"sconto_cz","Sleva 30% na prvni nakup","SC-K8Z5-PPC5","2019-05-01","2019-12-31",""
welcome,"sconto_cz","Sleva 30% na prvni nakup","SC-KGZ5-WFXZ","2019-05-01","2019-12-31",""
welcome,"sconto_cz","Sleva 30% na prvni nakup","SC-KFZ5-ZPZE","2019-05-01","2019-12-31",""
welcome,"sconto_cz","Sleva 30% na prvni nakup","SC-KKZ5-PEWC","2019-05-01","2019-12-31",""
welcome,"sconto_cz","Sleva 30% na prvni nakup","SC-KNZ5-E5PE","2019-05-01","2019-12-31",""
welcome,"sconto_cz","Sleva 30% na prvni nakup","SC-KCZ5-8PKK","2019-05-01","2019-12-31",""
welcome,"sconto_cz","Sleva 30% na prvni nakup","SC-K5Z5-CP8X","2019-05-01","2019-12-31",""
welcome,"sconto_cz","Sleva 30% na prvni nakup","SC-KDZ5-NPDE","2019-05-01","2019-12-31",""
welcome,"sconto_cz","Sleva 30% na prvni nakup","SC-KXZ5-9XWH","2019-05-01","2019-12-31",""
welcome,"sconto_cz","Sleva 30% na prvni nakup","SC-KWZ5-XNZL","2019-05-01","2019-12-31",""
welcome,"sconto_cz","Sleva 30% na prvni nakup","SC-KEZ5-FCHP","2019-05-01","2019-12-31",""
welcome,"sconto_cz","Sleva 30% na prvni nakup","SC-K9Z5-ZFGC","2019-05-01","2019-12-31",""
welcome,"sconto_cz","Sleva 30% na prvni nakup","SC-KLZ5-KECC","2019-05-01","2019-12-31",""
welcome,"sconto_cz","Sleva 30% na prvni nakup","SC-KPZ5-D5NZ","2019-05-01","2019-12-31",""
welcome,"sconto_cz","Sleva 30% na prvni nakup","SC-KZZ5-Z8LW","2019-05-01","2019-12-31",""
welcome,"sconto_cz","Sleva 30% na prvni nakup","SC-KHZ5-LNDP","2019-05-01","2019-12-31",""
welcome,"sconto_cz","Sleva 30% na prvni nakup","SC-N8Z5-5D58","2019-05-01","2019-12-31",""
welcome,"sconto_cz","Sleva 30% na prvni nakup","SC-NGZ5-C5ND","2019-05-01","2019-12-31",""
welcome,"sconto_cz","Sleva 30% na prvni nakup","SC-NFZ5-LPEK","2019-05-01","2019-12-31",""
welcome,"sconto_cz","Sleva 30% na prvni nakup","SC-NKZ5-8995","2019-05-01","2019-12-31",""
welcome,"sconto_cz","Sleva 30% na prvni nakup","SC-NNZ5-DFXG","2019-05-01","2019-12-31",""
welcome,"sconto_cz","Sleva 30% na prvni nakup","SC-NCZ5-EFK8","2019-05-01","2019-12-31",""
welcome,"sconto_cz","Sleva 30% na prvni nakup","SC-N5Z5-95FX","2019-05-01","2019-12-31",""
welcome,"sconto_cz","Sleva 30% na prvni nakup","SC-NDZ5-KPNZ","2019-05-01","2019-12-31",""
welcome,"sconto_cz","Sleva 30% na prvni nakup","SC-NXZ5-5GZE","2019-05-01","2019-12-31",""
welcome,"sconto_cz","Sleva 30% na prvni nakup","SC-NWZ5-DE9D","2019-05-01","2019-12-31",""
welcome,"sconto_cz","Sleva 30% na prvni nakup","SC-NEZ5-XCH9","2019-05-01","2019-12-31",""
welcome,"sconto_cz","Sleva 30% na prvni nakup","SC-N9Z5-DPWE","2019-05-01","2019-12-31",""
welcome,"sconto_cz","Sleva 30% na prvni nakup","SC-NLZ5-PF58","2019-05-01","2019-12-31",""
welcome,"sconto_cz","Sleva 30% na prvni nakup","SC-NPZ5-WKXE","2019-05-01","2019-12-31",""
welcome,"sconto_cz","Sleva 30% na prvni nakup","SC-NZZ5-XCHH","2019-05-01","2019-12-31",""
welcome,"sconto_cz","Sleva 30% na prvni nakup","SC-NHZ5-W98C","2019-05-01","2019-12-31",""
welcome,"sconto_cz","Sleva 30% na prvni nakup","SC-C8Z5-WGHL","2019-05-01","2019-12-31",""
welcome,"sconto_cz","Sleva 30% na prvni nakup","SC-CGZ5-5G59","2019-05-01","2019-12-31",""
welcome,"sconto_cz","Sleva 30% na prvni nakup","SC-CFZ5-5FW9","2019-05-01","2019-12-31",""
welcome,"sconto_cz","Sleva 30% na prvni nakup","SC-CKZ5-E5E5","2019-05-01","2019-12-31",""
welcome,"sconto_cz","Sleva 30% na prvni nakup","SC-CNZ5-XKX5","2019-05-01","2019-12-31",""
welcome,"sconto_cz","Sleva 30% na prvni nakup","SC-CCZ5-W5P5","2019-05-01","2019-12-31",""
welcome,"sconto_cz","Sleva 30% na prvni nakup","SC-C5Z5-9GEE","2019-05-01","2019-12-31",""
welcome,"sconto_cz","Sleva 30% na prvni nakup","SC-CDZ5-FCWP","2019-05-01","2019-12-31",""
welcome,"sconto_cz","Sleva 30% na prvni nakup","SC-CXZ5-ZKZ8","2019-05-01","2019-12-31",""
welcome,"sconto_cz","Sleva 30% na prvni nakup","SC-CWZ5-FELF","2019-05-01","2019-12-31",""
welcome,"sconto_cz","Sleva 30% na prvni nakup","SC-CEZ5-HEX8","2019-05-01","2019-12-31",""
welcome,"sconto_cz","Sleva 30% na prvni nakup","SC-C9Z5-F5HW","2019-05-01","2019-12-31",""
welcome,"sconto_cz","Sleva 30% na prvni nakup","SC-CLZ5-9DFE","2019-05-01","2019-12-31",""
welcome,"sconto_cz","Sleva 30% na prvni nakup","SC-CPZ5-NWLW","2019-05-01","2019-12-31",""
welcome,"sconto_cz","Sleva 30% na prvni nakup","SC-CZZ5-H855","2019-05-01","2019-12-31",""
welcome,"sconto_cz","Sleva 30% na prvni nakup","SC-CHZ5-5FZL","2019-05-01","2019-12-31",""
welcome,"sconto_cz","Sleva 30% na prvni nakup","SC-58Z5-W9K5","2019-05-01","2019-12-31",""
welcome,"sconto_cz","Sleva 30% na prvni nakup","SC-5GZ5-9KF5","2019-05-01","2019-12-31",""
welcome,"sconto_cz","Sleva 30% na prvni nakup","SC-5FZ5-ZFFE","2019-05-01","2019-12-31",""
welcome,"sconto_cz","Sleva 30% na prvni nakup","SC-5KZ5-EXZK","2019-05-01","2019-12-31",""
welcome,"sconto_cz","Sleva 30% na prvni nakup","SC-5NZ5-X5X9","2019-05-01","2019-12-31",""
welcome,"sconto_cz","Sleva 30% na prvni nakup","SC-5CZ5-NDEE","2019-05-01","2019-12-31",""
welcome,"sconto_cz","Sleva 30% na prvni nakup","SC-55Z5-5ZN8","2019-05-01","2019-12-31",""
welcome,"sconto_cz","Sleva 30% na prvni nakup","SC-5DZ5-5WG5","2019-05-01","2019-12-31",""
welcome,"sconto_cz","Sleva 30% na prvni nakup","SC-5XZ5-N5NP","2019-05-01","2019-12-31",""
welcome,"sconto_cz","Sleva 30% na prvni nakup","SC-5WZ5-D98P","2019-05-01","2019-12-31",""
welcome,"sconto_cz","Sleva 30% na prvni nakup","SC-5EZ5-GLCF","2019-05-01","2019-12-31",""
welcome,"sconto_cz","Sleva 30% na prvni nakup","SC-59Z5-XKG8","2019-05-01","2019-12-31",""
welcome,"sconto_cz","Sleva 30% na prvni nakup","SC-5LZ5-5DL9","2019-05-01","2019-12-31",""
welcome,"sconto_cz","Sleva 30% na prvni nakup","SC-5PZ5-N95E","2019-05-01","2019-12-31",""
welcome,"sconto_cz","Sleva 30% na prvni nakup","SC-5ZZ5-LGG5","2019-05-01","2019-12-31",""
welcome,"sconto_cz","Sleva 30% na prvni nakup","SC-5HZ5-WDGD","2019-05-01","2019-12-31",""
welcome,"sconto_cz","Sleva 30% na prvni nakup","SC-D8Z5-L9CF","2019-05-01","2019-12-31",""
welcome,"sconto_cz","Sleva 30% na prvni nakup","SC-DGZ5-N58N","2019-05-01","2019-12-31",""
welcome,"sconto_cz","Sleva 30% na prvni nakup","SC-DFZ5-D8CE","2019-05-01","2019-12-31",""
welcome,"sconto_cz","Sleva 30% na prvni nakup","SC-DKZ5-LH9G","2019-05-01","2019-12-31",""
welcome,"sconto_cz","Sleva 30% na prvni nakup","SC-DNZ5-PX5K","2019-05-01","2019-12-31",""
welcome,"sconto_cz","Sleva 30% na prvni nakup","SC-DCZ5-P8PE","2019-05-01","2019-12-31",""
welcome,"sconto_cz","Sleva 30% na prvni nakup","SC-D5Z5-FZFG","2019-05-01","2019-12-31",""
welcome,"sconto_cz","Sleva 30% na prvni nakup","SC-DDZ5-58LZ","2019-05-01","2019-12-31",""
welcome,"sconto_cz","Sleva 30% na prvni nakup","SC-DXZ5-HHNW","2019-05-01","2019-12-31",""
welcome,"sconto_cz","Sleva 30% na prvni nakup","SC-DWZ5-XXCZ","2019-05-01","2019-12-31",""
welcome,"sconto_cz","Sleva 30% na prvni nakup","SC-DEZ5-NZKE","2019-05-01","2019-12-31",""
welcome,"sconto_cz","Sleva 30% na prvni nakup","SC-D9Z5-5PPH","2019-05-01","2019-12-31",""
welcome,"sconto_cz","Sleva 30% na prvni nakup","SC-DLZ5-WXHK","2019-05-01","2019-12-31",""
welcome,"sconto_cz","Sleva 30% na prvni nakup","SC-DPZ5-XFFZ","2019-05-01","2019-12-31",""
welcome,"sconto_cz","Sleva 30% na prvni nakup","SC-DZZ5-EC9D","2019-05-01","2019-12-31",""
welcome,"sconto_cz","Sleva 30% na prvni nakup","SC-DHZ5-9XXW","2019-05-01","2019-12-31",""
welcome,"sconto_cz","Sleva 30% na prvni nakup","SC-X8Z5-CKCL","2019-05-01","2019-12-31",""
welcome,"sconto_cz","Sleva 30% na prvni nakup","SC-XGZ5-HKEC","2019-05-01","2019-12-31",""
welcome,"sconto_cz","Sleva 30% na prvni nakup","SC-XFZ5-GNKW","2019-05-01","2019-12-31",""
welcome,"sconto_cz","Sleva 30% na prvni nakup","SC-XKZ5-NKNC","2019-05-01","2019-12-31",""
welcome,"sconto_cz","Sleva 30% na prvni nakup","SC-XNZ5-EG9P","2019-05-01","2019-12-31",""
welcome,"sconto_cz","Sleva 30% na prvni nakup","SC-XCZ5-PCE9","2019-05-01","2019-12-31",""
welcome,"sconto_cz","Sleva 30% na prvni nakup","SC-X5Z5-PNXE","2019-05-01","2019-12-31",""
welcome,"sconto_cz","Sleva 30% na prvni nakup","SC-XDZ5-9PLN","2019-05-01","2019-12-31",""
welcome,"sconto_cz","Sleva 30% na prvni nakup","SC-XXZ5-GK58","2019-05-01","2019-12-31",""
welcome,"sconto_cz","Sleva 30% na prvni nakup","SC-XWZ5-PNXL","2019-05-01","2019-12-31",""
welcome,"sconto_cz","Sleva 30% na prvni nakup","SC-XEZ5-KEPL","2019-05-01","2019-12-31",""
welcome,"sconto_cz","Sleva 30% na prvni nakup","SC-X9Z5-9N5H","2019-05-01","2019-12-31",""
welcome,"sconto_cz","Sleva 30% na prvni nakup","SC-XLZ5-9GPC","2019-05-01","2019-12-31",""
welcome,"sconto_cz","Sleva 30% na prvni nakup","SC-XPZ5-CEDD","2019-05-01","2019-12-31",""
welcome,"sconto_cz","Sleva 30% na prvni nakup","SC-XZZ5-EH5X","2019-05-01","2019-12-31",""
welcome,"sconto_cz","Sleva 30% na prvni nakup","SC-XHZ5-WDEW","2019-05-01","2019-12-31",""
welcome,"sconto_cz","Sleva 30% na prvni nakup","SC-W8Z5-HCPF","2019-05-01","2019-12-31",""
welcome,"sconto_cz","Sleva 30% na prvni nakup","SC-WGZ5-ZL8W","2019-05-01","2019-12-31",""
welcome,"sconto_cz","Sleva 30% na prvni nakup","SC-WFZ5-8Z8D","2019-05-01","2019-12-31",""
welcome,"sconto_cz","Sleva 30% na prvni nakup","SC-WKZ5-N5F8","2019-05-01","2019-12-31",""
welcome,"sconto_cz","Sleva 30% na prvni nakup","SC-WNZ5-DWPG","2019-05-01","2019-12-31",""
welcome,"sconto_cz","Sleva 30% na prvni nakup","SC-WCZ5-EWNE","2019-05-01","2019-12-31",""
welcome,"sconto_cz","Sleva 30% na prvni nakup","SC-W5Z5-E5EX","2019-05-01","2019-12-31",""
welcome,"sconto_cz","Sleva 30% na prvni nakup","SC-WDZ5-KFXK","2019-05-01","2019-12-31",""
welcome,"sconto_cz","Sleva 30% na prvni nakup","SC-WXZ5-XHCK","2019-05-01","2019-12-31",""
welcome,"sconto_cz","Sleva 30% na prvni nakup","SC-WWZ5-K5FP","2019-05-01","2019-12-31",""
welcome,"sconto_cz","Sleva 30% na prvni nakup","SC-WEZ5-LCCH","2019-05-01","2019-12-31",""
welcome,"sconto_cz","Sleva 30% na prvni nakup","SC-W9Z5-XFXD","2019-05-01","2019-12-31",""
welcome,"sconto_cz","Sleva 30% na prvni nakup","SC-WLZ5-Z9K5","2019-05-01","2019-12-31",""
welcome,"sconto_cz","Sleva 30% na prvni nakup","SC-WPZ5-NDDP","2019-05-01","2019-12-31",""
welcome,"sconto_cz","Sleva 30% na prvni nakup","SC-WZZ5-WKLP","2019-05-01","2019-12-31",""
welcome,"sconto_cz","Sleva 30% na prvni nakup","SC-WHZ5-XHCE","2019-05-01","2019-12-31",""
welcome,"sconto_cz","Sleva 30% na prvni nakup","SC-E8Z5-9ZHP","2019-05-01","2019-12-31",""
welcome,"sconto_cz","Sleva 30% na prvni nakup","SC-EGZ5-GCN8","2019-05-01","2019-12-31",""
welcome,"sconto_cz","Sleva 30% na prvni nakup","SC-EFZ5-HDHX","2019-05-01","2019-12-31",""
welcome,"sconto_cz","Sleva 30% na prvni nakup","SC-EKZ5-N5LH","2019-05-01","2019-12-31",""
welcome,"sconto_cz","Sleva 30% na prvni nakup","SC-ENZ5-8ZPP","2019-05-01","2019-12-31",""
welcome,"sconto_cz","Sleva 30% na prvni nakup","SC-ECZ5-X9XE","2019-05-01","2019-12-31",""
welcome,"sconto_cz","Sleva 30% na prvni nakup","SC-E5Z5-9H5D","2019-05-01","2019-12-31",""
welcome,"sconto_cz","Sleva 30% na prvni nakup","SC-EDZ5-8DG8","2019-05-01","2019-12-31",""
welcome,"sconto_cz","Sleva 30% na prvni nakup","SC-EXZ5-LC8G","2019-05-01","2019-12-31",""
welcome,"sconto_cz","Sleva 30% na prvni nakup","SC-EWZ5-89WX","2019-05-01","2019-12-31",""
welcome,"sconto_cz","Sleva 30% na prvni nakup","SC-EEZ5-PXDC","2019-05-01","2019-12-31",""
welcome,"sconto_cz","Sleva 30% na prvni nakup","SC-E9Z5-FZE5","2019-05-01","2019-12-31",""
welcome,"sconto_cz","Sleva 30% na prvni nakup","SC-ELZ5-DF8N","2019-05-01","2019-12-31",""
welcome,"sconto_cz","Sleva 30% na prvni nakup","SC-EPZ5-WZWE","2019-05-01","2019-12-31",""
welcome,"sconto_cz","Sleva 30% na prvni nakup","SC-EZZ5-LEFG","2019-05-01","2019-12-31",""
welcome,"sconto_cz","Sleva 30% na prvni nakup","SC-EHZ5-8ZXE","2019-05-01","2019-12-31",""
welcome,"sconto_cz","Sleva 30% na prvni nakup","SC-98Z5-LKD9","2019-05-01","2019-12-31",""
welcome,"sconto_cz","Sleva 30% na prvni nakup","SC-9GZ5-HEKL","2019-05-01","2019-12-31",""
welcome,"sconto_cz","Sleva 30% na prvni nakup","SC-9FZ5-ZKXK","2019-05-01","2019-12-31",""
welcome,"sconto_cz","Sleva 30% na prvni nakup","SC-9KZ5-FEEL","2019-05-01","2019-12-31",""
welcome,"sconto_cz","Sleva 30% na prvni nakup","SC-9NZ5-WF9C","2019-05-01","2019-12-31",""
welcome,"sconto_cz","Sleva 30% na prvni nakup","SC-9CZ5-H58Z","2019-05-01","2019-12-31",""
welcome,"sconto_cz","Sleva 30% na prvni nakup","SC-95Z5-DHFP","2019-05-01","2019-12-31",""
welcome,"sconto_cz","Sleva 30% na prvni nakup","SC-9DZ5-W8FE","2019-05-01","2019-12-31",""
welcome,"sconto_cz","Sleva 30% na prvni nakup","SC-9XZ5-DGGX","2019-05-01","2019-12-31",""
welcome,"sconto_cz","Sleva 30% na prvni nakup","SC-9WZ5-GGL5","2019-05-01","2019-12-31",""
welcome,"sconto_cz","Sleva 30% na prvni nakup","SC-9EZ5-DCFW","2019-05-01","2019-12-31",""
welcome,"sconto_cz","Sleva 30% na prvni nakup","SC-99Z5-9HDF","2019-05-01","2019-12-31",""
welcome,"sconto_cz","Sleva 30% na prvni nakup","SC-9LZ5-X8CX","2019-05-01","2019-12-31",""
welcome,"sconto_cz","Sleva 30% na prvni nakup","SC-9PZ5-9KH8","2019-05-01","2019-12-31",""
welcome,"sconto_cz","Sleva 30% na prvni nakup","SC-9ZZ5-599P","2019-05-01","2019-12-31",""
welcome,"sconto_cz","Sleva 30% na prvni nakup","SC-9HZ5-NG59","2019-05-01","2019-12-31",""
welcome,"sconto_cz","Sleva 30% na prvni nakup","SC-L8ZD-XNKN","2019-05-01","2019-12-31",""
welcome,"sconto_cz","Sleva 30% na prvni nakup","SC-LGZD-LNXK","2019-05-01","2019-12-31",""
welcome,"sconto_cz","Sleva 30% na prvni nakup","SC-LFZD-C5ZD","2019-05-01","2019-12-31",""
welcome,"sconto_cz","Sleva 30% na prvni nakup","SC-LKZD-N9N5","2019-05-01","2019-12-31",""
welcome,"sconto_cz","Sleva 30% na prvni nakup","SC-LNZD-XHW9","2019-05-01","2019-12-31",""
welcome,"sconto_cz","Sleva 30% na prvni nakup","SC-LCZD-ZNHK","2019-05-01","2019-12-31",""
welcome,"sconto_cz","Sleva 30% na prvni nakup","SC-L5ZD-GX9N","2019-05-01","2019-12-31",""
welcome,"sconto_cz","Sleva 30% na prvni nakup","SC-LDZD-CHD8","2019-05-01","2019-12-31",""
welcome,"sconto_cz","Sleva 30% na prvni nakup","SC-LXZD-CZC5","2019-05-01","2019-12-31",""
welcome,"sconto_cz","Sleva 30% na prvni nakup","SC-LWZD-Z9XH","2019-05-01","2019-12-31",""
welcome,"sconto_cz","Sleva 30% na prvni nakup","SC-LEZD-9WE5","2019-05-01","2019-12-31",""
welcome,"sconto_cz","Sleva 30% na prvni nakup","SC-L9ZD-5KNP","2019-05-01","2019-12-31",""
welcome,"sconto_cz","Sleva 30% na prvni nakup","SC-LLZD-DFGF","2019-05-01","2019-12-31",""
welcome,"sconto_cz","Sleva 30% na prvni nakup","SC-LPZD-FE8C","2019-05-01","2019-12-31",""
welcome,"sconto_cz","Sleva 30% na prvni nakup","SC-LZZD-9HWF","2019-05-01","2019-12-31",""
welcome,"sconto_cz","Sleva 30% na prvni nakup","SC-LHZD-PHD5","2019-05-01","2019-12-31",""
welcome,"sconto_cz","Sleva 30% na prvni nakup","SC-P8ZD-KDCN","2019-05-01","2019-12-31",""
welcome,"sconto_cz","Sleva 30% na prvni nakup","SC-PGZD-8GXX","2019-05-01","2019-12-31",""
welcome,"sconto_cz","Sleva 30% na prvni nakup","SC-PFZD-HP95","2019-05-01","2019-12-31",""
welcome,"sconto_cz","Sleva 30% na prvni nakup","SC-PKZD-GXPG","2019-05-01","2019-12-31",""
welcome,"sconto_cz","Sleva 30% na prvni nakup","SC-PNZD-XZWL","2019-05-01","2019-12-31",""
welcome,"sconto_cz","Sleva 30% na prvni nakup","SC-PCZD-9CGK","2019-05-01","2019-12-31",""
welcome,"sconto_cz","Sleva 30% na prvni nakup","SC-P5ZD-N8PG","2019-05-01","2019-12-31",""
welcome,"sconto_cz","Sleva 30% na prvni nakup","SC-PDZD-EWEK","2019-05-01","2019-12-31",""
welcome,"sconto_cz","Sleva 30% na prvni nakup","SC-PXZD-PCK9","2019-05-01","2019-12-31",""
welcome,"sconto_cz","Sleva 30% na prvni nakup","SC-PWZD-CDHN","2019-05-01","2019-12-31",""
welcome,"sconto_cz","Sleva 30% na prvni nakup","SC-PEZD-8GP8","2019-05-01","2019-12-31",""
welcome,"sconto_cz","Sleva 30% na prvni nakup","SC-P9ZD-9WCF","2019-05-01","2019-12-31",""
welcome,"sconto_cz","Sleva 30% na prvni nakup","SC-PLZD-PWXD","2019-05-01","2019-12-31",""
welcome,"sconto_cz","Sleva 30% na prvni nakup","SC-PPZD-K5HE","2019-05-01","2019-12-31",""
welcome,"sconto_cz","Sleva 30% na prvni nakup","SC-PZZD-P8GZ","2019-05-01","2019-12-31",""
welcome,"sconto_cz","Sleva 30% na prvni nakup","SC-PHZD-L5CH","2019-05-01","2019-12-31",""
welcome,"sconto_cz","Sleva 30% na prvni nakup","SC-Z8ZD-P8NZ","2019-05-01","2019-12-31",""
welcome,"sconto_cz","Sleva 30% na prvni nakup","SC-ZGZD-HFC9","2019-05-01","2019-12-31",""
welcome,"sconto_cz","Sleva 30% na prvni nakup","SC-ZFZD-X8PG","2019-05-01","2019-12-31",""
welcome,"sconto_cz","Sleva 30% na prvni nakup","SC-ZKZD-KXEN","2019-05-01","2019-12-31",""
welcome,"sconto_cz","Sleva 30% na prvni nakup","SC-ZNZD-KW8N","2019-05-01","2019-12-31",""
welcome,"sconto_cz","Sleva 30% na prvni nakup","SC-ZCZD-DC85","2019-05-01","2019-12-31",""
welcome,"sconto_cz","Sleva 30% na prvni nakup","SC-Z5ZD-8ZHK","2019-05-01","2019-12-31",""
welcome,"sconto_cz","Sleva 30% na prvni nakup","SC-ZDZD-DXDH","2019-05-01","2019-12-31",""
welcome,"sconto_cz","Sleva 30% na prvni nakup","SC-ZXZD-HGCZ","2019-05-01","2019-12-31",""
welcome,"sconto_cz","Sleva 30% na prvni nakup","SC-ZWZD-9HNK","2019-05-01","2019-12-31",""
welcome,"sconto_cz","Sleva 30% na prvni nakup","SC-ZEZD-8Z98","2019-05-01","2019-12-31",""
welcome,"sconto_cz","Sleva 30% na prvni nakup","SC-Z9ZD-CFDK","2019-05-01","2019-12-31",""
welcome,"sconto_cz","Sleva 30% na prvni nakup","SC-ZLZD-XEDE","2019-05-01","2019-12-31",""
welcome,"sconto_cz","Sleva 30% na prvni nakup","SC-ZPZD-8NZP","2019-05-01","2019-12-31",""
welcome,"sconto_cz","Sleva 30% na prvni nakup","SC-ZZZD-LCDL","2019-05-01","2019-12-31",""
welcome,"sconto_cz","Sleva 30% na prvni nakup","SC-ZHZD-GKPG","2019-05-01","2019-12-31",""
welcome,"sconto_cz","Sleva 30% na prvni nakup","SC-H8ZD-EKGW","2019-05-01","2019-12-31",""
welcome,"sconto_cz","Sleva 30% na prvni nakup","SC-HGZD-59PC","2019-05-01","2019-12-31",""
welcome,"sconto_cz","Sleva 30% na prvni nakup","SC-HFZD-5EEN","2019-05-01","2019-12-31",""
welcome,"sconto_cz","Sleva 30% na prvni nakup","SC-HKZD-KPPF","2019-05-01","2019-12-31",""
welcome,"sconto_cz","Sleva 30% na prvni nakup","SC-HNZD-5NGK","2019-05-01","2019-12-31",""
welcome,"sconto_cz","Sleva 30% na prvni nakup","SC-HCZD-EDWF","2019-05-01","2019-12-31",""
welcome,"sconto_cz","Sleva 30% na prvni nakup","SC-H5ZD-EPEG","2019-05-01","2019-12-31",""
welcome,"sconto_cz","Sleva 30% na prvni nakup","SC-HDZD-WLLN","2019-05-01","2019-12-31",""
welcome,"sconto_cz","Sleva 30% na prvni nakup","SC-HXZD-9GWC","2019-05-01","2019-12-31",""
welcome,"sconto_cz","Sleva 30% na prvni nakup","SC-HWZD-ZHXW","2019-05-01","2019-12-31",""
welcome,"sconto_cz","Sleva 30% na prvni nakup","SC-HEZD-WXWC","2019-05-01","2019-12-31",""
welcome,"sconto_cz","Sleva 30% na prvni nakup","SC-H9ZD-P9G9","2019-05-01","2019-12-31",""
welcome,"sconto_cz","Sleva 30% na prvni nakup","SC-HLZD-NW9N","2019-05-01","2019-12-31",""
welcome,"sconto_cz","Sleva 30% na prvni nakup","SC-HPZD-5EFN","2019-05-01","2019-12-31",""
welcome,"sconto_cz","Sleva 30% na prvni nakup","SC-HZZD-GGCP","2019-05-01","2019-12-31",""
welcome,"sconto_cz","Sleva 30% na prvni nakup","SC-HHZD-EFZ9","2019-05-01","2019-12-31",""
welcome,"sconto_cz","Sleva 30% na prvni nakup","SC-88ZD-9ZKK","2019-05-01","2019-12-31",""
welcome,"sconto_cz","Sleva 30% na prvni nakup","SC-8GZD-FPGG","2019-05-01","2019-12-31",""
welcome,"sconto_cz","Sleva 30% na prvni nakup","SC-8FZD-GEXC","2019-05-01","2019-12-31",""
welcome,"sconto_cz","Sleva 30% na prvni nakup","SC-8KZD-PWZW","2019-05-01","2019-12-31",""
welcome,"sconto_cz","Sleva 30% na prvni nakup","SC-8NZD-XXWW","2019-05-01","2019-12-31",""
welcome,"sconto_cz","Sleva 30% na prvni nakup","SC-8CZD-8HHP","2019-05-01","2019-12-31",""
welcome,"sconto_cz","Sleva 30% na prvni nakup","SC-85ZD-KCZ5","2019-05-01","2019-12-31",""
welcome,"sconto_cz","Sleva 30% na prvni nakup","SC-8DZD-HGFG","2019-05-01","2019-12-31",""
welcome,"sconto_cz","Sleva 30% na prvni nakup","SC-8XZD-5PGL","2019-05-01","2019-12-31",""
welcome,"sconto_cz","Sleva 30% na prvni nakup","SC-8WZD-FX8H","2019-05-01","2019-12-31",""
welcome,"sconto_cz","Sleva 30% na prvni nakup","SC-8EZD-D9XL","2019-05-01","2019-12-31",""
welcome,"sconto_cz","Sleva 30% na prvni nakup","SC-89ZD-W8KZ","2019-05-01","2019-12-31",""
welcome,"sconto_cz","Sleva 30% na prvni nakup","SC-8LZD-KCNW","2019-05-01","2019-12-31",""
welcome,"sconto_cz","Sleva 30% na prvni nakup","SC-8PZD-LCE5","2019-05-01","2019-12-31",""
welcome,"sconto_cz","Sleva 30% na prvni nakup","SC-8ZZD-5ZZC","2019-05-01","2019-12-31",""
welcome,"sconto_cz","Sleva 30% na prvni nakup","SC-8HZD-8FWK","2019-05-01","2019-12-31",""
welcome,"sconto_cz","Sleva 30% na prvni nakup","SC-G8ZD-WHEG","2019-05-01","2019-12-31",""
welcome,"sconto_cz","Sleva 30% na prvni nakup","SC-GGZD-HE9N","2019-05-01","2019-12-31",""
welcome,"sconto_cz","Sleva 30% na prvni nakup","SC-GFZD-9PCW","2019-05-01","2019-12-31",""
welcome,"sconto_cz","Sleva 30% na prvni nakup","SC-GKZD-CLLN","2019-05-01","2019-12-31",""
welcome,"sconto_cz","Sleva 30% na prvni nakup","SC-GNZD-9ZZC","2019-05-01","2019-12-31",""
welcome,"sconto_cz","Sleva 30% na prvni nakup","SC-GCZD-5ED5","2019-05-01","2019-12-31",""
welcome,"sconto_cz","Sleva 30% na prvni nakup","SC-G5ZD-XKZC","2019-05-01","2019-12-31",""
welcome,"sconto_cz","Sleva 30% na prvni nakup","SC-GDZD-ZDXP","2019-05-01","2019-12-31",""
welcome,"sconto_cz","Sleva 30% na prvni nakup","SC-GXZD-NPEC","2019-05-01","2019-12-31",""
welcome,"sconto_cz","Sleva 30% na prvni nakup","SC-GWZD-PHKK","2019-05-01","2019-12-31",""
welcome,"sconto_cz","Sleva 30% na prvni nakup","SC-GEZD-HLGH","2019-05-01","2019-12-31",""
welcome,"sconto_cz","Sleva 30% na prvni nakup","SC-G9ZD-5ZEZ","2019-05-01","2019-12-31",""
welcome,"sconto_cz","Sleva 30% na prvni nakup","SC-GLZD-8D8H","2019-05-01","2019-12-31",""
welcome,"sconto_cz","Sleva 30% na prvni nakup","SC-GPZD-9KDC","2019-05-01","2019-12-31",""
welcome,"sconto_cz","Sleva 30% na prvni nakup","SC-GZZD-K85G","2019-05-01","2019-12-31",""
welcome,"sconto_cz","Sleva 30% na prvni nakup","SC-GHZD-9L9K","2019-05-01","2019-12-31",""
welcome,"sconto_cz","Sleva 30% na prvni nakup","SC-F8ZD-FWH9","2019-05-01","2019-12-31",""
welcome,"sconto_cz","Sleva 30% na prvni nakup","SC-FGZD-PXEP","2019-05-01","2019-12-31",""
welcome,"sconto_cz","Sleva 30% na prvni nakup","SC-FFZD-GLXX","2019-05-01","2019-12-31",""
welcome,"sconto_cz","Sleva 30% na prvni nakup","SC-FKZD-E5DH","2019-05-01","2019-12-31",""
welcome,"sconto_cz","Sleva 30% na prvni nakup","SC-FNZD-F8DL","2019-05-01","2019-12-31",""
welcome,"sconto_cz","Sleva 30% na prvni nakup","SC-FCZD-GHLH","2019-05-01","2019-12-31",""
welcome,"sconto_cz","Sleva 30% na prvni nakup","SC-F5ZD-555L","2019-05-01","2019-12-31",""
welcome,"sconto_cz","Sleva 30% na prvni nakup","SC-FDZD-DK8F","2019-05-01","2019-12-31",""
welcome,"sconto_cz","Sleva 30% na prvni nakup","SC-FXZD-LCL5","2019-05-01","2019-12-31",""
welcome,"sconto_cz","Sleva 30% na prvni nakup","SC-FWZD-DGCN","2019-05-01","2019-12-31",""
welcome,"sconto_cz","Sleva 30% na prvni nakup","SC-FEZD-LPZ5","2019-05-01","2019-12-31",""
welcome,"sconto_cz","Sleva 30% na prvni nakup","SC-F9ZD-D9NH","2019-05-01","2019-12-31",""
welcome,"sconto_cz","Sleva 30% na prvni nakup","SC-FLZD-HPLH","2019-05-01","2019-12-31",""
welcome,"sconto_cz","Sleva 30% na prvni nakup","SC-FPZD-DGCF","2019-05-01","2019-12-31",""
welcome,"sconto_cz","Sleva 30% na prvni nakup","SC-FZZD-ZFLH","2019-05-01","2019-12-31",""
welcome,"sconto_cz","Sleva 30% na prvni nakup","SC-FHZD-F89D","2019-05-01","2019-12-31",""
welcome,"sconto_cz","Sleva 30% na prvni nakup","SC-K8ZD-E8GZ","2019-05-01","2019-12-31",""
welcome,"sconto_cz","Sleva 30% na prvni nakup","SC-KGZD-PFCD","2019-05-01","2019-12-31",""
welcome,"sconto_cz","Sleva 30% na prvni nakup","SC-KFZD-8HLD","2019-05-01","2019-12-31",""
welcome,"sconto_cz","Sleva 30% na prvni nakup","SC-KKZD-FFHG","2019-05-01","2019-12-31",""
welcome,"sconto_cz","Sleva 30% na prvni nakup","SC-KNZD-CD99","2019-05-01","2019-12-31",""
welcome,"sconto_cz","Sleva 30% na prvni nakup","SC-KCZD-KPC8","2019-05-01","2019-12-31",""
welcome,"sconto_cz","Sleva 30% na prvni nakup","SC-K5ZD-CLN9","2019-05-01","2019-12-31",""
welcome,"sconto_cz","Sleva 30% na prvni nakup","SC-KDZD-5NZW","2019-05-01","2019-12-31",""
welcome,"sconto_cz","Sleva 30% na prvni nakup","SC-KXZD-XFPF","2019-05-01","2019-12-31",""
welcome,"sconto_cz","Sleva 30% na prvni nakup","SC-KWZD-58HP","2019-05-01","2019-12-31",""
welcome,"sconto_cz","Sleva 30% na prvni nakup","SC-KEZD-ZLED","2019-05-01","2019-12-31",""
welcome,"sconto_cz","Sleva 30% na prvni nakup","SC-K9ZD-W8F8","2019-05-01","2019-12-31",""
welcome,"sconto_cz","Sleva 30% na prvni nakup","SC-KLZD-L5KX","2019-05-01","2019-12-31",""
welcome,"sconto_cz","Sleva 30% na prvni nakup","SC-KPZD-FLW8","2019-05-01","2019-12-31",""
welcome,"sconto_cz","Sleva 30% na prvni nakup","SC-KZZD-LPPD","2019-05-01","2019-12-31",""
welcome,"sconto_cz","Sleva 30% na prvni nakup","SC-KHZD-K88G","2019-05-01","2019-12-31",""
welcome,"sconto_cz","Sleva 30% na prvni nakup","SC-N8ZD-NZZL","2019-05-01","2019-12-31",""
welcome,"sconto_cz","Sleva 30% na prvni nakup","SC-NGZD-CNW9","2019-05-01","2019-12-31",""
welcome,"sconto_cz","Sleva 30% na prvni nakup","SC-NFZD-WC88","2019-05-01","2019-12-31",""
welcome,"sconto_cz","Sleva 30% na prvni nakup","SC-NKZD-E9LK","2019-05-01","2019-12-31",""
welcome,"sconto_cz","Sleva 30% na prvni nakup","SC-NNZD-5C9F","2019-05-01","2019-12-31",""
welcome,"sconto_cz","Sleva 30% na prvni nakup","SC-NCZD-LEDD","2019-05-01","2019-12-31",""
welcome,"sconto_cz","Sleva 30% na prvni nakup","SC-N5ZD-NZ8H","2019-05-01","2019-12-31",""
welcome,"sconto_cz","Sleva 30% na prvni nakup","SC-NDZD-9C5X","2019-05-01","2019-12-31",""
welcome,"sconto_cz","Sleva 30% na prvni nakup","SC-NXZD-CZK8","2019-05-01","2019-12-31",""
welcome,"sconto_cz","Sleva 30% na prvni nakup","SC-NWZD-N5L8","2019-05-01","2019-12-31",""
welcome,"sconto_cz","Sleva 30% na prvni nakup","SC-NEZD-EF5K","2019-05-01","2019-12-31",""
welcome,"sconto_cz","Sleva 30% na prvni nakup","SC-N9ZD-HNPZ","2019-05-01","2019-12-31",""
welcome,"sconto_cz","Sleva 30% na prvni nakup","SC-NLZD-D5EK","2019-05-01","2019-12-31",""
welcome,"sconto_cz","Sleva 30% na prvni nakup","SC-NPZD-LKEZ","2019-05-01","2019-12-31",""
welcome,"sconto_cz","Sleva 30% na prvni nakup","SC-NZZD-LKWL","2019-05-01","2019-12-31",""
welcome,"sconto_cz","Sleva 30% na prvni nakup","SC-NHZD-DFH9","2019-05-01","2019-12-31",""
welcome,"sconto_cz","Sleva 30% na prvni nakup","SC-C8ZD-ZWCF","2019-05-01","2019-12-31",""
welcome,"sconto_cz","Sleva 30% na prvni nakup","SC-CGZD-EHD9","2019-05-01","2019-12-31",""
welcome,"sconto_cz","Sleva 30% na prvni nakup","SC-CFZD-XFEG","2019-05-01","2019-12-31",""
welcome,"sconto_cz","Sleva 30% na prvni nakup","SC-CKZD-KP85","2019-05-01","2019-12-31",""
welcome,"sconto_cz","Sleva 30% na prvni nakup","SC-CNZD-HXDL","2019-05-01","2019-12-31",""
welcome,"sconto_cz","Sleva 30% na prvni nakup","SC-CCZD-PCE8","2019-05-01","2019-12-31",""
welcome,"sconto_cz","Sleva 30% na prvni nakup","SC-C5ZD-CPNK","2019-05-01","2019-12-31",""
welcome,"sconto_cz","Sleva 30% na prvni nakup","SC-CDZD-WFHL","2019-05-01","2019-12-31",""
welcome,"sconto_cz","Sleva 30% na prvni nakup","SC-CXZD-N5EK","2019-05-01","2019-12-31",""
welcome,"sconto_cz","Sleva 30% na prvni nakup","SC-CWZD-XLXL","2019-05-01","2019-12-31",""
welcome,"sconto_cz","Sleva 30% na prvni nakup","SC-CEZD-NXED","2019-05-01","2019-12-31",""
welcome,"sconto_cz","Sleva 30% na prvni nakup","SC-C9ZD-H8KG","2019-05-01","2019-12-31",""
welcome,"sconto_cz","Sleva 30% na prvni nakup","SC-CLZD-9CKN","2019-05-01","2019-12-31",""
welcome,"sconto_cz","Sleva 30% na prvni nakup","SC-CPZD-LPWG","2019-05-01","2019-12-31",""
welcome,"sconto_cz","Sleva 30% na prvni nakup","SC-CZZD-NPXG","2019-05-01","2019-12-31",""
welcome,"sconto_cz","Sleva 30% na prvni nakup","SC-CHZD-XCH5","2019-05-01","2019-12-31",""
welcome,"sconto_cz","Sleva 30% na prvni nakup","SC-58ZD-DFKH","2019-05-01","2019-12-31",""
welcome,"sconto_cz","Sleva 30% na prvni nakup","SC-5GZD-N85L","2019-05-01","2019-12-31",""
welcome,"sconto_cz","Sleva 30% na prvni nakup","SC-5FZD-XZ5F","2019-05-01","2019-12-31",""
welcome,"sconto_cz","Sleva 30% na prvni nakup","SC-5KZD-8PEW","2019-05-01","2019-12-31",""
welcome,"sconto_cz","Sleva 30% na prvni nakup","SC-5NZD-EKNX","2019-05-01","2019-12-31",""
welcome,"sconto_cz","Sleva 30% na prvni nakup","SC-5CZD-EG8P","2019-05-01","2019-12-31",""
welcome,"sconto_cz","Sleva 30% na prvni nakup","SC-55ZD-NZDX","2019-05-01","2019-12-31",""
welcome,"sconto_cz","Sleva 30% na prvni nakup","SC-5DZD-F559","2019-05-01","2019-12-31",""
welcome,"sconto_cz","Sleva 30% na prvni nakup","SC-5XZD-Z8XD","2019-05-01","2019-12-31",""
welcome,"sconto_cz","Sleva 30% na prvni nakup","SC-5WZD-9CDW","2019-05-01","2019-12-31",""
welcome,"sconto_cz","Sleva 30% na prvni nakup","SC-5EZD-WDE5","2019-05-01","2019-12-31",""
welcome,"sconto_cz","Sleva 30% na prvni nakup","SC-59ZD-EKEC","2019-05-01","2019-12-31",""
welcome,"sconto_cz","Sleva 30% na prvni nakup","SC-5LZD-PN5P","2019-05-01","2019-12-31",""
welcome,"sconto_cz","Sleva 30% na prvni nakup","SC-5PZD-XC8D","2019-05-01","2019-12-31",""
welcome,"sconto_cz","Sleva 30% na prvni nakup","SC-5ZZD-FLNX","2019-05-01","2019-12-31",""
welcome,"sconto_cz","Sleva 30% na prvni nakup","SC-5HZD-KGDW","2019-05-01","2019-12-31",""
welcome,"sconto_cz","Sleva 30% na prvni nakup","SC-D8ZD-CKXK","2019-05-01","2019-12-31",""
welcome,"sconto_cz","Sleva 30% na prvni nakup","SC-DGZD-X9KC","2019-05-01","2019-12-31",""
welcome,"sconto_cz","Sleva 30% na prvni nakup","SC-DFZD-WXPP","2019-05-01","2019-12-31",""
welcome,"sconto_cz","Sleva 30% na prvni nakup","SC-DKZD-WZNL","2019-05-01","2019-12-31",""
welcome,"sconto_cz","Sleva 30% na prvni nakup","SC-DNZD-N9PG","2019-05-01","2019-12-31",""
welcome,"sconto_cz","Sleva 30% na prvni nakup","SC-DCZD-PGWP","2019-05-01","2019-12-31",""
welcome,"sconto_cz","Sleva 30% na prvni nakup","SC-D5ZD-K998","2019-05-01","2019-12-31",""
welcome,"sconto_cz","Sleva 30% na prvni nakup","SC-DDZD-8HP5","2019-05-01","2019-12-31",""
welcome,"sconto_cz","Sleva 30% na prvni nakup","SC-DXZD-K9PN","2019-05-01","2019-12-31",""
welcome,"sconto_cz","Sleva 30% na prvni nakup","SC-DWZD-PZNN","2019-05-01","2019-12-31",""
welcome,"sconto_cz","Sleva 30% na prvni nakup","SC-DEZD-FZKX","2019-05-01","2019-12-31",""
welcome,"sconto_cz","Sleva 30% na prvni nakup","SC-D9ZD-DN8N","2019-05-01","2019-12-31",""
welcome,"sconto_cz","Sleva 30% na prvni nakup","SC-DLZD-G5ZW","2019-05-01","2019-12-31",""
welcome,"sconto_cz","Sleva 30% na prvni nakup","SC-DPZD-9PFW","2019-05-01","2019-12-31",""
welcome,"sconto_cz","Sleva 30% na prvni nakup","SC-DZZD-9FGZ","2019-05-01","2019-12-31",""
welcome,"sconto_cz","Sleva 30% na prvni nakup","SC-DHZD-ENFH","2019-05-01","2019-12-31",""
welcome,"sconto_cz","Sleva 30% na prvni nakup","SC-X8ZD-PXWH","2019-05-01","2019-12-31",""
welcome,"sconto_cz","Sleva 30% na prvni nakup","SC-XGZD-FGZ9","2019-05-01","2019-12-31",""
welcome,"sconto_cz","Sleva 30% na prvni nakup","SC-XFZD-LZF8","2019-05-01","2019-12-31",""
welcome,"sconto_cz","Sleva 30% na prvni nakup","SC-XKZD-G8N8","2019-05-01","2019-12-31",""
welcome,"sconto_cz","Sleva 30% na prvni nakup","SC-XNZD-ZDZD","2019-05-01","2019-12-31",""
welcome,"sconto_cz","Sleva 30% na prvni nakup","SC-XCZD-HKEN","2019-05-01","2019-12-31",""
welcome,"sconto_cz","Sleva 30% na prvni nakup","SC-X5ZD-GNHW","2019-05-01","2019-12-31",""
welcome,"sconto_cz","Sleva 30% na prvni nakup","SC-XDZD-9ZXL","2019-05-01","2019-12-31",""
welcome,"sconto_cz","Sleva 30% na prvni nakup","SC-XXZD-LZFE","2019-05-01","2019-12-31",""
welcome,"sconto_cz","Sleva 30% na prvni nakup","SC-XWZD-DHEW","2019-05-01","2019-12-31",""
welcome,"sconto_cz","Sleva 30% na prvni nakup","SC-XEZD-ED9K","2019-05-01","2019-12-31",""
welcome,"sconto_cz","Sleva 30% na prvni nakup","SC-X9ZD-GLHG","2019-05-01","2019-12-31",""
welcome,"sconto_cz","Sleva 30% na prvni nakup","SC-XLZD-F8HN","2019-05-01","2019-12-31",""
welcome,"sconto_cz","Sleva 30% na prvni nakup","SC-XPZD-GDWZ","2019-05-01","2019-12-31",""
welcome,"sconto_cz","Sleva 30% na prvni nakup","SC-XZZD-WKEP","2019-05-01","2019-12-31",""
welcome,"sconto_cz","Sleva 30% na prvni nakup","SC-XHZD-ZWNX","2019-05-01","2019-12-31",""
welcome,"sconto_cz","Sleva 30% na prvni nakup","SC-W8ZD-ZXDE","2019-05-01","2019-12-31",""
welcome,"sconto_cz","Sleva 30% na prvni nakup","SC-WGZD-FK9K","2019-05-01","2019-12-31",""
welcome,"sconto_cz","Sleva 30% na prvni nakup","SC-WFZD-P89X","2019-05-01","2019-12-31",""
welcome,"sconto_cz","Sleva 30% na prvni nakup","SC-WKZD-EHNK","2019-05-01","2019-12-31",""
welcome,"sconto_cz","Sleva 30% na prvni nakup","SC-WNZD-GG8Z","2019-05-01","2019-12-31",""
welcome,"sconto_cz","Sleva 30% na prvni nakup","SC-WCZD-PCDF","2019-05-01","2019-12-31",""
welcome,"sconto_cz","Sleva 30% na prvni nakup","SC-W5ZD-KLXL","2019-05-01","2019-12-31",""
welcome,"sconto_cz","Sleva 30% na prvni nakup","SC-WDZD-EGDE","2019-05-01","2019-12-31",""
welcome,"sconto_cz","Sleva 30% na prvni nakup","SC-WXZD-ZXZE","2019-05-01","2019-12-31",""
welcome,"sconto_cz","Sleva 30% na prvni nakup","SC-WWZD-8GLF","2019-05-01","2019-12-31",""
welcome,"sconto_cz","Sleva 30% na prvni nakup","SC-WEZD-9DPN","2019-05-01","2019-12-31",""
welcome,"sconto_cz","Sleva 30% na prvni nakup","SC-W9ZD-KEKK","2019-05-01","2019-12-31",""
welcome,"sconto_cz","Sleva 30% na prvni nakup","SC-WLZD-LND5","2019-05-01","2019-12-31",""
welcome,"sconto_cz","Sleva 30% na prvni nakup","SC-WPZD-LC9N","2019-05-01","2019-12-31",""
welcome,"sconto_cz","Sleva 30% na prvni nakup","SC-WZZD-W9XC","2019-05-01","2019-12-31",""
welcome,"sconto_cz","Sleva 30% na prvni nakup","SC-WHZD-H8N9","2019-05-01","2019-12-31",""
welcome,"sconto_cz","Sleva 30% na prvni nakup","SC-E8ZD-EHLP","2019-05-01","2019-12-31",""
welcome,"sconto_cz","Sleva 30% na prvni nakup","SC-EGZD-NHZE","2019-05-01","2019-12-31",""
welcome,"sconto_cz","Sleva 30% na prvni nakup","SC-EFZD-PKGE","2019-05-01","2019-12-31",""
welcome,"sconto_cz","Sleva 30% na prvni nakup","SC-EKZD-FFLN","2019-05-01","2019-12-31",""
welcome,"sconto_cz","Sleva 30% na prvni nakup","SC-ENZD-98X5","2019-05-01","2019-12-31",""
welcome,"sconto_cz","Sleva 30% na prvni nakup","SC-ECZD-E9E5","2019-05-01","2019-12-31",""
welcome,"sconto_cz","Sleva 30% na prvni nakup","SC-E5ZD-9D9C","2019-05-01","2019-12-31",""
welcome,"sconto_cz","Sleva 30% na prvni nakup","SC-EDZD-NE5E","2019-05-01","2019-12-31",""
welcome,"sconto_cz","Sleva 30% na prvni nakup","SC-EXZD-CNZP","2019-05-01","2019-12-31",""
welcome,"sconto_cz","Sleva 30% na prvni nakup","SC-EWZD-XLZ9","2019-05-01","2019-12-31",""
welcome,"sconto_cz","Sleva 30% na prvni nakup","SC-EEZD-HHF5","2019-05-01","2019-12-31",""
welcome,"sconto_cz","Sleva 30% na prvni nakup","SC-E9ZD-H8XD","2019-05-01","2019-12-31",""
welcome,"sconto_cz","Sleva 30% na prvni nakup","SC-ELZD-NFEW","2019-05-01","2019-12-31",""
welcome,"sconto_cz","Sleva 30% na prvni nakup","SC-EPZD-PZ5K","2019-05-01","2019-12-31",""
welcome,"sconto_cz","Sleva 30% na prvni nakup","SC-EZZD-PPCH","2019-05-01","2019-12-31",""
welcome,"sconto_cz","Sleva 30% na prvni nakup","SC-EHZD-899H","2019-05-01","2019-12-31",""
welcome,"sconto_cz","Sleva 30% na prvni nakup","SC-98ZD-FWPD","2019-05-01","2019-12-31",""
welcome,"sconto_cz","Sleva 30% na prvni nakup","SC-9GZD-C99H","2019-05-01","2019-12-31",""
welcome,"sconto_cz","Sleva 30% na prvni nakup","SC-9FZD-8EXC","2019-05-01","2019-12-31",""
welcome,"sconto_cz","Sleva 30% na prvni nakup","SC-9KZD-K8XE","2019-05-01","2019-12-31",""
welcome,"sconto_cz","Sleva 30% na prvni nakup","SC-9NZD-EN85","2019-05-01","2019-12-31",""
welcome,"sconto_cz","Sleva 30% na prvni nakup","SC-9CZD-9HGW","2019-05-01","2019-12-31",""
welcome,"sconto_cz","Sleva 30% na prvni nakup","SC-95ZD-5G58","2019-05-01","2019-12-31",""
welcome,"sconto_cz","Sleva 30% na prvni nakup","SC-9DZD-LDLC","2019-05-01","2019-12-31",""
welcome,"sconto_cz","Sleva 30% na prvni nakup","SC-9XZD-PXC9","2019-05-01","2019-12-31",""
welcome,"sconto_cz","Sleva 30% na prvni nakup","SC-9WZD-CDE8","2019-05-01","2019-12-31",""
welcome,"sconto_cz","Sleva 30% na prvni nakup","SC-9EZD-ZN9H","2019-05-01","2019-12-31",""
welcome,"sconto_cz","Sleva 30% na prvni nakup","SC-99ZD-NFN5","2019-05-01","2019-12-31",""
welcome,"sconto_cz","Sleva 30% na prvni nakup","SC-9LZD-85WX","2019-05-01","2019-12-31",""
welcome,"sconto_cz","Sleva 30% na prvni nakup","SC-9PZD-X9XX","2019-05-01","2019-12-31",""
welcome,"sconto_cz","Sleva 30% na prvni nakup","SC-9ZZD-WNZP","2019-05-01","2019-12-31",""
welcome,"sconto_cz","Sleva 30% na prvni nakup","SC-9HZD-9WCC","2019-05-01","2019-12-31",""
welcome,"sconto_cz","Sleva 30% na prvni nakup","SC-L8ZX-CZDF","2019-05-01","2019-12-31",""
welcome,"sconto_cz","Sleva 30% na prvni nakup","SC-LGZX-DFHN","2019-05-01","2019-12-31",""
welcome,"sconto_cz","Sleva 30% na prvni nakup","SC-LFZX-CDHF","2019-05-01","2019-12-31",""
welcome,"sconto_cz","Sleva 30% na prvni nakup","SC-LKZX-KKNG","2019-05-01","2019-12-31",""
welcome,"sconto_cz","Sleva 30% na prvni nakup","SC-LNZX-ZFNK","2019-05-01","2019-12-31",""
welcome,"sconto_cz","Sleva 30% na prvni nakup","SC-LCZX-D9Z9","2019-05-01","2019-12-31",""
welcome,"sconto_cz","Sleva 30% na prvni nakup","SC-L5ZX-HECD","2019-05-01","2019-12-31",""
welcome,"sconto_cz","Sleva 30% na prvni nakup","SC-LDZX-5ZD9","2019-05-01","2019-12-31",""
welcome,"sconto_cz","Sleva 30% na prvni nakup","SC-LXZX-9W9N","2019-05-01","2019-12-31",""
welcome,"sconto_cz","Sleva 30% na prvni nakup","SC-LWZX-5LDN","2019-05-01","2019-12-31",""
welcome,"sconto_cz","Sleva 30% na prvni nakup","SC-LEZX-9DEX","2019-05-01","2019-12-31",""
welcome,"sconto_cz","Sleva 30% na prvni nakup","SC-L9ZX-X5EP","2019-05-01","2019-12-31",""
welcome,"sconto_cz","Sleva 30% na prvni nakup","SC-LLZX-LZKH","2019-05-01","2019-12-31",""
welcome,"sconto_cz","Sleva 30% na prvni nakup","SC-LPZX-HKZX","2019-05-01","2019-12-31",""
welcome,"sconto_cz","Sleva 30% na prvni nakup","SC-LZZX-XPFD","2019-05-01","2019-12-31",""
welcome,"sconto_cz","Sleva 30% na prvni nakup","SC-LHZX-GEPP","2019-05-01","2019-12-31",""
welcome,"sconto_cz","Sleva 30% na prvni nakup","SC-P8ZX-X9HG","2019-05-01","2019-12-31",""
welcome,"sconto_cz","Sleva 30% na prvni nakup","SC-PGZX-HEHH","2019-05-01","2019-12-31",""
welcome,"sconto_cz","Sleva 30% na prvni nakup","SC-PFZX-5PGH","2019-05-01","2019-12-31",""
welcome,"sconto_cz","Sleva 30% na prvni nakup","SC-PKZX-PNPW","2019-05-01","2019-12-31",""
welcome,"sconto_cz","Sleva 30% na prvni nakup","SC-PNZX-CH5D","2019-05-01","2019-12-31",""
welcome,"sconto_cz","Sleva 30% na prvni nakup","SC-PCZX-GCNP","2019-05-01","2019-12-31",""
welcome,"sconto_cz","Sleva 30% na prvni nakup","SC-P5ZX-CGKL","2019-05-01","2019-12-31",""
welcome,"sconto_cz","Sleva 30% na prvni nakup","SC-PDZX-XCE5","2019-05-01","2019-12-31",""
welcome,"sconto_cz","Sleva 30% na prvni nakup","SC-PXZX-NWEH","2019-05-01","2019-12-31",""
welcome,"sconto_cz","Sleva 30% na prvni nakup","SC-PWZX-Z9PF","2019-05-01","2019-12-31",""
welcome,"sconto_cz","Sleva 30% na prvni nakup","SC-PEZX-8NGX","2019-05-01","2019-12-31",""
welcome,"sconto_cz","Sleva 30% na prvni nakup","SC-P9ZX-NGD5","2019-05-01","2019-12-31",""
welcome,"sconto_cz","Sleva 30% na prvni nakup","SC-PLZX-DFGD","2019-05-01","2019-12-31",""
welcome,"sconto_cz","Sleva 30% na prvni nakup","SC-PPZX-K5EZ","2019-05-01","2019-12-31",""
welcome,"sconto_cz","Sleva 30% na prvni nakup","SC-PZZX-ZFDH","2019-05-01","2019-12-31",""
welcome,"sconto_cz","Sleva 30% na prvni nakup","SC-PHZX-P5Z9","2019-05-01","2019-12-31",""
welcome,"sconto_cz","Sleva 30% na prvni nakup","SC-Z8ZX-5FGG","2019-05-01","2019-12-31",""
welcome,"sconto_cz","Sleva 30% na prvni nakup","SC-ZGZX-KWXF","2019-05-01","2019-12-31",""
welcome,"sconto_cz","Sleva 30% na prvni nakup","SC-ZFZX-EWHH","2019-05-01","2019-12-31",""
welcome,"sconto_cz","Sleva 30% na prvni nakup","SC-ZKZX-XEE8","2019-05-01","2019-12-31",""
welcome,"sconto_cz","Sleva 30% na prvni nakup","SC-ZNZX-58NK","2019-05-01","2019-12-31",""
welcome,"sconto_cz","Sleva 30% na prvni nakup","SC-ZCZX-59PX","2019-05-01","2019-12-31",""
welcome,"sconto_cz","Sleva 30% na prvni nakup","SC-Z5ZX-KNFK","2019-05-01","2019-12-31",""
welcome,"sconto_cz","Sleva 30% na prvni nakup","SC-ZDZX-DPED","2019-05-01","2019-12-31",""
welcome,"sconto_cz","Sleva 30% na prvni nakup","SC-ZXZX-PFPX","2019-05-01","2019-12-31",""
welcome,"sconto_cz","Sleva 30% na prvni nakup","SC-ZWZX-PKPN","2019-05-01","2019-12-31",""
welcome,"sconto_cz","Sleva 30% na prvni nakup","SC-ZEZX-ENHP","2019-05-01","2019-12-31",""
welcome,"sconto_cz","Sleva 30% na prvni nakup","SC-Z9ZX-5GZC","2019-05-01","2019-12-31",""
welcome,"sconto_cz","Sleva 30% na prvni nakup","SC-ZLZX-9LX9","2019-05-01","2019-12-31",""
welcome,"sconto_cz","Sleva 30% na prvni nakup","SC-ZPZX-95FN","2019-05-01","2019-12-31",""
welcome,"sconto_cz","Sleva 30% na prvni nakup","SC-ZZZX-DWG8","2019-05-01","2019-12-31",""
welcome,"sconto_cz","Sleva 30% na prvni nakup","SC-ZHZX-D5X9","2019-05-01","2019-12-31",""
welcome,"sconto_cz","Sleva 30% na prvni nakup","SC-H8ZX-DWGC","2019-05-01","2019-12-31",""
welcome,"sconto_cz","Sleva 30% na prvni nakup","SC-HGZX-XNZZ","2019-05-01","2019-12-31",""
welcome,"sconto_cz","Sleva 30% na prvni nakup","SC-HFZX-WPKK","2019-05-01","2019-12-31",""
welcome,"sconto_cz","Sleva 30% na prvni nakup","SC-HKZX-PPCN","2019-05-01","2019-12-31",""
welcome,"sconto_cz","Sleva 30% na prvni nakup","SC-HNZX-DHDD","2019-05-01","2019-12-31",""
